date,entity_type,entity_id,metric_name,metric_value
2025-01-01,calendar,global,weekday,2.0
2025-01-01,calendar,global,month,1.0
2025-01-01,calendar,global,is_weekend,0.0
2025-01-01,supplier,1,po_delay_days,0.0
2025-01-01,supplier,1,receipt_fill_rate,1.0
2025-01-01,supplier,1,receipt_event_flag,0.0
2025-01-01,supplier,2,po_delay_days,0.0
2025-01-01,supplier,2,receipt_fill_rate,1.0
2025-01-01,supplier,2,receipt_event_flag,0.0
2025-01-01,supplier,3,po_delay_days,0.0
2025-01-01,supplier,3,receipt_fill_rate,1.0
2025-01-01,supplier,3,receipt_event_flag,0.0
2025-01-01,supplier,4,po_delay_days,0.0
2025-01-01,supplier,4,receipt_fill_rate,1.0
2025-01-01,supplier,4,receipt_event_flag,0.0
2025-01-01,supplier,5,po_delay_days,0.0
2025-01-01,supplier,5,receipt_fill_rate,1.0
2025-01-01,supplier,5,receipt_event_flag,0.0
2025-01-01,material,101,stock,300.0
2025-01-01,material,101,days_of_cover,999.0
2025-01-01,material,101,open_po_flag,0.0
2025-01-01,material,101,reorder_triggered,0.0
2025-01-01,material,102,stock,250.0
2025-01-01,material,102,days_of_cover,999.0
2025-01-01,material,102,open_po_flag,0.0
2025-01-01,material,102,reorder_triggered,0.0
2025-01-01,material,103,stock,220.0
2025-01-01,material,103,days_of_cover,999.0
2025-01-01,material,103,open_po_flag,0.0
2025-01-01,material,103,reorder_triggered,0.0
2025-01-01,product,201,fg_stock,100.0
2025-01-01,product,201,planned_production,0.0
2025-01-01,product,201,actual_production,0.0
2025-01-01,product,201,production_shortfall,0.0
2025-01-01,product,201,demand_units,10.0
2025-01-01,product,201,due_backlog_units,0.0
2025-01-01,product,201,newly_backordered_units,0.0
2025-01-01,product,201,backorder_flag,0.0
2025-01-01,product,202,fg_stock,100.0
2025-01-01,product,202,planned_production,0.0
2025-01-01,product,202,actual_production,0.0
2025-01-01,product,202,production_shortfall,0.0
2025-01-01,product,202,demand_units,0.0
2025-01-01,product,202,due_backlog_units,0.0
2025-01-01,product,202,newly_backordered_units,0.0
2025-01-01,product,202,backorder_flag,0.0
2025-01-02,calendar,global,weekday,3.0
2025-01-02,calendar,global,month,1.0
2025-01-02,calendar,global,is_weekend,0.0
2025-01-02,supplier,1,po_delay_days,0.0
2025-01-02,supplier,1,receipt_fill_rate,1.0
2025-01-02,supplier,1,receipt_event_flag,0.0
2025-01-02,supplier,2,po_delay_days,0.0
2025-01-02,supplier,2,receipt_fill_rate,1.0
2025-01-02,supplier,2,receipt_event_flag,0.0
2025-01-02,supplier,3,po_delay_days,0.0
2025-01-02,supplier,3,receipt_fill_rate,1.0
2025-01-02,supplier,3,receipt_event_flag,0.0
2025-01-02,supplier,4,po_delay_days,0.0
2025-01-02,supplier,4,receipt_fill_rate,1.0
2025-01-02,supplier,4,receipt_event_flag,0.0
2025-01-02,supplier,5,po_delay_days,0.0
2025-01-02,supplier,5,receipt_fill_rate,1.0
2025-01-02,supplier,5,receipt_event_flag,0.0
2025-01-02,material,101,stock,300.0
2025-01-02,material,101,days_of_cover,999.0
2025-01-02,material,101,open_po_flag,0.0
2025-01-02,material,101,reorder_triggered,0.0
2025-01-02,material,102,stock,250.0
2025-01-02,material,102,days_of_cover,999.0
2025-01-02,material,102,open_po_flag,0.0
2025-01-02,material,102,reorder_triggered,0.0
2025-01-02,material,103,stock,220.0
2025-01-02,material,103,days_of_cover,999.0
2025-01-02,material,103,open_po_flag,0.0
2025-01-02,material,103,reorder_triggered,0.0
2025-01-02,product,201,fg_stock,100.0
2025-01-02,product,201,planned_production,0.0
2025-01-02,product,201,actual_production,0.0
2025-01-02,product,201,production_shortfall,0.0
2025-01-02,product,201,demand_units,0.0
2025-01-02,product,201,due_backlog_units,0.0
2025-01-02,product,201,newly_backordered_units,0.0
2025-01-02,product,201,backorder_flag,0.0
2025-01-02,product,202,fg_stock,100.0
2025-01-02,product,202,planned_production,0.0
2025-01-02,product,202,actual_production,0.0
2025-01-02,product,202,production_shortfall,0.0
2025-01-02,product,202,demand_units,10.0
2025-01-02,product,202,due_backlog_units,0.0
2025-01-02,product,202,newly_backordered_units,0.0
2025-01-02,product,202,backorder_flag,0.0
2025-01-03,calendar,global,weekday,4.0
2025-01-03,calendar,global,month,1.0
2025-01-03,calendar,global,is_weekend,0.0
2025-01-03,supplier,1,po_delay_days,0.0
2025-01-03,supplier,1,receipt_fill_rate,1.0
2025-01-03,supplier,1,receipt_event_flag,0.0
2025-01-03,supplier,2,po_delay_days,0.0
2025-01-03,supplier,2,receipt_fill_rate,1.0
2025-01-03,supplier,2,receipt_event_flag,0.0
2025-01-03,supplier,3,po_delay_days,0.0
2025-01-03,supplier,3,receipt_fill_rate,1.0
2025-01-03,supplier,3,receipt_event_flag,0.0
2025-01-03,supplier,4,po_delay_days,0.0
2025-01-03,supplier,4,receipt_fill_rate,1.0
2025-01-03,supplier,4,receipt_event_flag,0.0
2025-01-03,supplier,5,po_delay_days,0.0
2025-01-03,supplier,5,receipt_fill_rate,1.0
2025-01-03,supplier,5,receipt_event_flag,0.0
2025-01-03,material,101,stock,300.0
2025-01-03,material,101,days_of_cover,999.0
2025-01-03,material,101,open_po_flag,0.0
2025-01-03,material,101,reorder_triggered,0.0
2025-01-03,material,102,stock,250.0
2025-01-03,material,102,days_of_cover,999.0
2025-01-03,material,102,open_po_flag,0.0
2025-01-03,material,102,reorder_triggered,0.0
2025-01-03,material,103,stock,220.0
2025-01-03,material,103,days_of_cover,999.0
2025-01-03,material,103,open_po_flag,0.0
2025-01-03,material,103,reorder_triggered,0.0
2025-01-03,product,201,fg_stock,100.0
2025-01-03,product,201,planned_production,0.0
2025-01-03,product,201,actual_production,0.0
2025-01-03,product,201,production_shortfall,0.0
2025-01-03,product,201,demand_units,0.0
2025-01-03,product,201,due_backlog_units,0.0
2025-01-03,product,201,newly_backordered_units,0.0
2025-01-03,product,201,backorder_flag,0.0
2025-01-03,product,202,fg_stock,100.0
2025-01-03,product,202,planned_production,0.0
2025-01-03,product,202,actual_production,0.0
2025-01-03,product,202,production_shortfall,0.0
2025-01-03,product,202,demand_units,0.0
2025-01-03,product,202,due_backlog_units,0.0
2025-01-03,product,202,newly_backordered_units,0.0
2025-01-03,product,202,backorder_flag,0.0
2025-01-04,calendar,global,weekday,5.0
2025-01-04,calendar,global,month,1.0
2025-01-04,calendar,global,is_weekend,1.0
2025-01-04,supplier,1,po_delay_days,0.0
2025-01-04,supplier,1,receipt_fill_rate,1.0
2025-01-04,supplier,1,receipt_event_flag,0.0
2025-01-04,supplier,2,po_delay_days,0.0
2025-01-04,supplier,2,receipt_fill_rate,1.0
2025-01-04,supplier,2,receipt_event_flag,0.0
2025-01-04,supplier,3,po_delay_days,0.0
2025-01-04,supplier,3,receipt_fill_rate,1.0
2025-01-04,supplier,3,receipt_event_flag,0.0
2025-01-04,supplier,4,po_delay_days,0.0
2025-01-04,supplier,4,receipt_fill_rate,1.0
2025-01-04,supplier,4,receipt_event_flag,0.0
2025-01-04,supplier,5,po_delay_days,0.0
2025-01-04,supplier,5,receipt_fill_rate,1.0
2025-01-04,supplier,5,receipt_event_flag,0.0
2025-01-04,material,101,stock,300.0
2025-01-04,material,101,days_of_cover,999.0
2025-01-04,material,101,open_po_flag,0.0
2025-01-04,material,101,reorder_triggered,0.0
2025-01-04,material,102,stock,250.0
2025-01-04,material,102,days_of_cover,999.0
2025-01-04,material,102,open_po_flag,0.0
2025-01-04,material,102,reorder_triggered,0.0
2025-01-04,material,103,stock,220.0
2025-01-04,material,103,days_of_cover,999.0
2025-01-04,material,103,open_po_flag,0.0
2025-01-04,material,103,reorder_triggered,0.0
2025-01-04,product,201,fg_stock,100.0
2025-01-04,product,201,planned_production,0.0
2025-01-04,product,201,actual_production,0.0
2025-01-04,product,201,production_shortfall,0.0
2025-01-04,product,201,demand_units,0.0
2025-01-04,product,201,due_backlog_units,0.0
2025-01-04,product,201,newly_backordered_units,0.0
2025-01-04,product,201,backorder_flag,0.0
2025-01-04,product,202,fg_stock,100.0
2025-01-04,product,202,planned_production,0.0
2025-01-04,product,202,actual_production,0.0
2025-01-04,product,202,production_shortfall,0.0
2025-01-04,product,202,demand_units,0.0
2025-01-04,product,202,due_backlog_units,0.0
2025-01-04,product,202,newly_backordered_units,0.0
2025-01-04,product,202,backorder_flag,0.0
2025-01-05,calendar,global,weekday,6.0
2025-01-05,calendar,global,month,1.0
2025-01-05,calendar,global,is_weekend,1.0
2025-01-05,supplier,1,po_delay_days,0.0
2025-01-05,supplier,1,receipt_fill_rate,1.0
2025-01-05,supplier,1,receipt_event_flag,0.0
2025-01-05,supplier,2,po_delay_days,0.0
2025-01-05,supplier,2,receipt_fill_rate,1.0
2025-01-05,supplier,2,receipt_event_flag,0.0
2025-01-05,supplier,3,po_delay_days,0.0
2025-01-05,supplier,3,receipt_fill_rate,1.0
2025-01-05,supplier,3,receipt_event_flag,0.0
2025-01-05,supplier,4,po_delay_days,0.0
2025-01-05,supplier,4,receipt_fill_rate,1.0
2025-01-05,supplier,4,receipt_event_flag,0.0
2025-01-05,supplier,5,po_delay_days,0.0
2025-01-05,supplier,5,receipt_fill_rate,1.0
2025-01-05,supplier,5,receipt_event_flag,0.0
2025-01-05,material,101,stock,300.0
2025-01-05,material,101,days_of_cover,999.0
2025-01-05,material,101,open_po_flag,0.0
2025-01-05,material,101,reorder_triggered,0.0
2025-01-05,material,102,stock,250.0
2025-01-05,material,102,days_of_cover,999.0
2025-01-05,material,102,open_po_flag,0.0
2025-01-05,material,102,reorder_triggered,0.0
2025-01-05,material,103,stock,220.0
2025-01-05,material,103,days_of_cover,999.0
2025-01-05,material,103,open_po_flag,0.0
2025-01-05,material,103,reorder_triggered,0.0
2025-01-05,product,201,fg_stock,100.0
2025-01-05,product,201,planned_production,0.0
2025-01-05,product,201,actual_production,0.0
2025-01-05,product,201,production_shortfall,0.0
2025-01-05,product,201,demand_units,0.0
2025-01-05,product,201,due_backlog_units,0.0
2025-01-05,product,201,newly_backordered_units,0.0
2025-01-05,product,201,backorder_flag,0.0
2025-01-05,product,202,fg_stock,100.0
2025-01-05,product,202,planned_production,0.0
2025-01-05,product,202,actual_production,0.0
2025-01-05,product,202,production_shortfall,0.0
2025-01-05,product,202,demand_units,0.0
2025-01-05,product,202,due_backlog_units,0.0
2025-01-05,product,202,newly_backordered_units,0.0
2025-01-05,product,202,backorder_flag,0.0
2025-01-06,calendar,global,weekday,0.0
2025-01-06,calendar,global,month,1.0
2025-01-06,calendar,global,is_weekend,0.0
2025-01-06,supplier,1,po_delay_days,0.0
2025-01-06,supplier,1,receipt_fill_rate,1.0
2025-01-06,supplier,1,receipt_event_flag,0.0
2025-01-06,supplier,2,po_delay_days,0.0
2025-01-06,supplier,2,receipt_fill_rate,1.0
2025-01-06,supplier,2,receipt_event_flag,0.0
2025-01-06,supplier,3,po_delay_days,0.0
2025-01-06,supplier,3,receipt_fill_rate,1.0
2025-01-06,supplier,3,receipt_event_flag,0.0
2025-01-06,supplier,4,po_delay_days,0.0
2025-01-06,supplier,4,receipt_fill_rate,1.0
2025-01-06,supplier,4,receipt_event_flag,0.0
2025-01-06,supplier,5,po_delay_days,0.0
2025-01-06,supplier,5,receipt_fill_rate,1.0
2025-01-06,supplier,5,receipt_event_flag,0.0
2025-01-06,material,101,stock,300.0
2025-01-06,material,101,days_of_cover,999.0
2025-01-06,material,101,open_po_flag,0.0
2025-01-06,material,101,reorder_triggered,0.0
2025-01-06,material,102,stock,250.0
2025-01-06,material,102,days_of_cover,999.0
2025-01-06,material,102,open_po_flag,0.0
2025-01-06,material,102,reorder_triggered,0.0
2025-01-06,material,103,stock,220.0
2025-01-06,material,103,days_of_cover,999.0
2025-01-06,material,103,open_po_flag,0.0
2025-01-06,material,103,reorder_triggered,0.0
2025-01-06,product,201,fg_stock,100.0
2025-01-06,product,201,planned_production,0.0
2025-01-06,product,201,actual_production,0.0
2025-01-06,product,201,production_shortfall,0.0
2025-01-06,product,201,demand_units,0.0
2025-01-06,product,201,due_backlog_units,0.0
2025-01-06,product,201,newly_backordered_units,0.0
2025-01-06,product,201,backorder_flag,0.0
2025-01-06,product,202,fg_stock,100.0
2025-01-06,product,202,planned_production,0.0
2025-01-06,product,202,actual_production,0.0
2025-01-06,product,202,production_shortfall,0.0
2025-01-06,product,202,demand_units,0.0
2025-01-06,product,202,due_backlog_units,0.0
2025-01-06,product,202,newly_backordered_units,0.0
2025-01-06,product,202,backorder_flag,0.0
2025-01-07,calendar,global,weekday,1.0
2025-01-07,calendar,global,month,1.0
2025-01-07,calendar,global,is_weekend,0.0
2025-01-07,supplier,1,po_delay_days,0.0
2025-01-07,supplier,1,receipt_fill_rate,1.0
2025-01-07,supplier,1,receipt_event_flag,0.0
2025-01-07,supplier,2,po_delay_days,0.0
2025-01-07,supplier,2,receipt_fill_rate,1.0
2025-01-07,supplier,2,receipt_event_flag,0.0
2025-01-07,supplier,3,po_delay_days,0.0
2025-01-07,supplier,3,receipt_fill_rate,1.0
2025-01-07,supplier,3,receipt_event_flag,0.0
2025-01-07,supplier,4,po_delay_days,0.0
2025-01-07,supplier,4,receipt_fill_rate,1.0
2025-01-07,supplier,4,receipt_event_flag,0.0
2025-01-07,supplier,5,po_delay_days,0.0
2025-01-07,supplier,5,receipt_fill_rate,1.0
2025-01-07,supplier,5,receipt_event_flag,0.0
2025-01-07,material,101,stock,300.0
2025-01-07,material,101,days_of_cover,999.0
2025-01-07,material,101,open_po_flag,0.0
2025-01-07,material,101,reorder_triggered,0.0
2025-01-07,material,102,stock,250.0
2025-01-07,material,102,days_of_cover,999.0
2025-01-07,material,102,open_po_flag,0.0
2025-01-07,material,102,reorder_triggered,0.0
2025-01-07,material,103,stock,220.0
2025-01-07,material,103,days_of_cover,999.0
2025-01-07,material,103,open_po_flag,0.0
2025-01-07,material,103,reorder_triggered,0.0
2025-01-07,product,201,fg_stock,90.0
2025-01-07,product,201,planned_production,0.0
2025-01-07,product,201,actual_production,0.0
2025-01-07,product,201,production_shortfall,0.0
2025-01-07,product,201,demand_units,0.0
2025-01-07,product,201,due_backlog_units,0.0
2025-01-07,product,201,newly_backordered_units,0.0
2025-01-07,product,201,backorder_flag,0.0
2025-01-07,product,202,fg_stock,90.0
2025-01-07,product,202,planned_production,0.0
2025-01-07,product,202,actual_production,0.0
2025-01-07,product,202,production_shortfall,0.0
2025-01-07,product,202,demand_units,0.0
2025-01-07,product,202,due_backlog_units,0.0
2025-01-07,product,202,newly_backordered_units,0.0
2025-01-07,product,202,backorder_flag,0.0
2025-01-08,calendar,global,weekday,2.0
2025-01-08,calendar,global,month,1.0
2025-01-08,calendar,global,is_weekend,0.0
2025-01-08,supplier,1,po_delay_days,0.0
2025-01-08,supplier,1,receipt_fill_rate,1.0
2025-01-08,supplier,1,receipt_event_flag,0.0
2025-01-08,supplier,2,po_delay_days,0.0
2025-01-08,supplier,2,receipt_fill_rate,1.0
2025-01-08,supplier,2,receipt_event_flag,0.0
2025-01-08,supplier,3,po_delay_days,0.0
2025-01-08,supplier,3,receipt_fill_rate,1.0
2025-01-08,supplier,3,receipt_event_flag,0.0
2025-01-08,supplier,4,po_delay_days,0.0
2025-01-08,supplier,4,receipt_fill_rate,1.0
2025-01-08,supplier,4,receipt_event_flag,0.0
2025-01-08,supplier,5,po_delay_days,0.0
2025-01-08,supplier,5,receipt_fill_rate,1.0
2025-01-08,supplier,5,receipt_event_flag,0.0
2025-01-08,material,101,stock,213.0
2025-01-08,material,101,days_of_cover,17.21
2025-01-08,material,101,open_po_flag,0.0
2025-01-08,material,101,reorder_triggered,0.0
2025-01-08,material,102,stock,220.0
2025-01-08,material,102,days_of_cover,58.67
2025-01-08,material,102,open_po_flag,0.0
2025-01-08,material,102,reorder_triggered,0.0
2025-01-08,material,103,stock,206.0
2025-01-08,material,103,days_of_cover,86.74
2025-01-08,material,103,open_po_flag,0.0
2025-01-08,material,103,reorder_triggered,0.0
2025-01-08,product,201,fg_stock,120.0
2025-01-08,product,201,planned_production,30.0
2025-01-08,product,201,actual_production,30.0
2025-01-08,product,201,production_shortfall,0.0
2025-01-08,product,201,demand_units,0.0
2025-01-08,product,201,due_backlog_units,0.0
2025-01-08,product,201,newly_backordered_units,0.0
2025-01-08,product,201,backorder_flag,0.0
2025-01-08,product,202,fg_stock,100.0
2025-01-08,product,202,planned_production,20.0
2025-01-08,product,202,actual_production,10.0
2025-01-08,product,202,production_shortfall,10.0
2025-01-08,product,202,demand_units,17.0
2025-01-08,product,202,due_backlog_units,0.0
2025-01-08,product,202,newly_backordered_units,0.0
2025-01-08,product,202,backorder_flag,0.0
2025-01-09,calendar,global,weekday,3.0
2025-01-09,calendar,global,month,1.0
2025-01-09,calendar,global,is_weekend,0.0
2025-01-09,supplier,1,po_delay_days,0.0
2025-01-09,supplier,1,receipt_fill_rate,1.0
2025-01-09,supplier,1,receipt_event_flag,0.0
2025-01-09,supplier,2,po_delay_days,0.0
2025-01-09,supplier,2,receipt_fill_rate,1.0
2025-01-09,supplier,2,receipt_event_flag,0.0
2025-01-09,supplier,3,po_delay_days,0.0
2025-01-09,supplier,3,receipt_fill_rate,1.0
2025-01-09,supplier,3,receipt_event_flag,0.0
2025-01-09,supplier,4,po_delay_days,0.0
2025-01-09,supplier,4,receipt_fill_rate,1.0
2025-01-09,supplier,4,receipt_event_flag,0.0
2025-01-09,supplier,5,po_delay_days,0.0
2025-01-09,supplier,5,receipt_fill_rate,1.0
2025-01-09,supplier,5,receipt_event_flag,0.0
2025-01-09,material,101,stock,213.0
2025-01-09,material,101,days_of_cover,19.36
2025-01-09,material,101,open_po_flag,0.0
2025-01-09,material,101,reorder_triggered,0.0
2025-01-09,material,102,stock,220.0
2025-01-09,material,102,days_of_cover,66.0
2025-01-09,material,102,open_po_flag,0.0
2025-01-09,material,102,reorder_triggered,0.0
2025-01-09,material,103,stock,206.0
2025-01-09,material,103,days_of_cover,97.58
2025-01-09,material,103,open_po_flag,0.0
2025-01-09,material,103,reorder_triggered,0.0
2025-01-09,product,201,fg_stock,120.0
2025-01-09,product,201,planned_production,0.0
2025-01-09,product,201,actual_production,0.0
2025-01-09,product,201,production_shortfall,0.0
2025-01-09,product,201,demand_units,0.0
2025-01-09,product,201,due_backlog_units,0.0
2025-01-09,product,201,newly_backordered_units,0.0
2025-01-09,product,201,backorder_flag,0.0
2025-01-09,product,202,fg_stock,100.0
2025-01-09,product,202,planned_production,0.0
2025-01-09,product,202,actual_production,0.0
2025-01-09,product,202,production_shortfall,0.0
2025-01-09,product,202,demand_units,0.0
2025-01-09,product,202,due_backlog_units,0.0
2025-01-09,product,202,newly_backordered_units,0.0
2025-01-09,product,202,backorder_flag,0.0
2025-01-10,calendar,global,weekday,4.0
2025-01-10,calendar,global,month,1.0
2025-01-10,calendar,global,is_weekend,0.0
2025-01-10,supplier,1,po_delay_days,0.0
2025-01-10,supplier,1,receipt_fill_rate,1.0
2025-01-10,supplier,1,receipt_event_flag,0.0
2025-01-10,supplier,2,po_delay_days,0.0
2025-01-10,supplier,2,receipt_fill_rate,1.0
2025-01-10,supplier,2,receipt_event_flag,0.0
2025-01-10,supplier,3,po_delay_days,0.0
2025-01-10,supplier,3,receipt_fill_rate,1.0
2025-01-10,supplier,3,receipt_event_flag,0.0
2025-01-10,supplier,4,po_delay_days,0.0
2025-01-10,supplier,4,receipt_fill_rate,1.0
2025-01-10,supplier,4,receipt_event_flag,0.0
2025-01-10,supplier,5,po_delay_days,0.0
2025-01-10,supplier,5,receipt_fill_rate,1.0
2025-01-10,supplier,5,receipt_event_flag,0.0
2025-01-10,material,101,stock,213.0
2025-01-10,material,101,days_of_cover,21.52
2025-01-10,material,101,open_po_flag,0.0
2025-01-10,material,101,reorder_triggered,0.0
2025-01-10,material,102,stock,220.0
2025-01-10,material,102,days_of_cover,73.33
2025-01-10,material,102,open_po_flag,0.0
2025-01-10,material,102,reorder_triggered,0.0
2025-01-10,material,103,stock,206.0
2025-01-10,material,103,days_of_cover,108.42
2025-01-10,material,103,open_po_flag,0.0
2025-01-10,material,103,reorder_triggered,0.0
2025-01-10,product,201,fg_stock,120.0
2025-01-10,product,201,planned_production,0.0
2025-01-10,product,201,actual_production,0.0
2025-01-10,product,201,production_shortfall,0.0
2025-01-10,product,201,demand_units,0.0
2025-01-10,product,201,due_backlog_units,0.0
2025-01-10,product,201,newly_backordered_units,0.0
2025-01-10,product,201,backorder_flag,0.0
2025-01-10,product,202,fg_stock,100.0
2025-01-10,product,202,planned_production,0.0
2025-01-10,product,202,actual_production,0.0
2025-01-10,product,202,production_shortfall,0.0
2025-01-10,product,202,demand_units,0.0
2025-01-10,product,202,due_backlog_units,0.0
2025-01-10,product,202,newly_backordered_units,0.0
2025-01-10,product,202,backorder_flag,0.0
2025-01-11,calendar,global,weekday,5.0
2025-01-11,calendar,global,month,1.0
2025-01-11,calendar,global,is_weekend,1.0
2025-01-11,supplier,1,po_delay_days,0.0
2025-01-11,supplier,1,receipt_fill_rate,1.0
2025-01-11,supplier,1,receipt_event_flag,0.0
2025-01-11,supplier,2,po_delay_days,0.0
2025-01-11,supplier,2,receipt_fill_rate,1.0
2025-01-11,supplier,2,receipt_event_flag,0.0
2025-01-11,supplier,3,po_delay_days,0.0
2025-01-11,supplier,3,receipt_fill_rate,1.0
2025-01-11,supplier,3,receipt_event_flag,0.0
2025-01-11,supplier,4,po_delay_days,0.0
2025-01-11,supplier,4,receipt_fill_rate,1.0
2025-01-11,supplier,4,receipt_event_flag,0.0
2025-01-11,supplier,5,po_delay_days,0.0
2025-01-11,supplier,5,receipt_fill_rate,1.0
2025-01-11,supplier,5,receipt_event_flag,0.0
2025-01-11,material,101,stock,213.0
2025-01-11,material,101,days_of_cover,23.67
2025-01-11,material,101,open_po_flag,0.0
2025-01-11,material,101,reorder_triggered,0.0
2025-01-11,material,102,stock,220.0
2025-01-11,material,102,days_of_cover,80.67
2025-01-11,material,102,open_po_flag,0.0
2025-01-11,material,102,reorder_triggered,0.0
2025-01-11,material,103,stock,206.0
2025-01-11,material,103,days_of_cover,119.26
2025-01-11,material,103,open_po_flag,0.0
2025-01-11,material,103,reorder_triggered,0.0
2025-01-11,product,201,fg_stock,120.0
2025-01-11,product,201,planned_production,0.0
2025-01-11,product,201,actual_production,0.0
2025-01-11,product,201,production_shortfall,0.0
2025-01-11,product,201,demand_units,0.0
2025-01-11,product,201,due_backlog_units,0.0
2025-01-11,product,201,newly_backordered_units,0.0
2025-01-11,product,201,backorder_flag,0.0
2025-01-11,product,202,fg_stock,100.0
2025-01-11,product,202,planned_production,0.0
2025-01-11,product,202,actual_production,0.0
2025-01-11,product,202,production_shortfall,0.0
2025-01-11,product,202,demand_units,0.0
2025-01-11,product,202,due_backlog_units,0.0
2025-01-11,product,202,newly_backordered_units,0.0
2025-01-11,product,202,backorder_flag,0.0
2025-01-12,calendar,global,weekday,6.0
2025-01-12,calendar,global,month,1.0
2025-01-12,calendar,global,is_weekend,1.0
2025-01-12,supplier,1,po_delay_days,0.0
2025-01-12,supplier,1,receipt_fill_rate,1.0
2025-01-12,supplier,1,receipt_event_flag,0.0
2025-01-12,supplier,2,po_delay_days,0.0
2025-01-12,supplier,2,receipt_fill_rate,1.0
2025-01-12,supplier,2,receipt_event_flag,0.0
2025-01-12,supplier,3,po_delay_days,0.0
2025-01-12,supplier,3,receipt_fill_rate,1.0
2025-01-12,supplier,3,receipt_event_flag,0.0
2025-01-12,supplier,4,po_delay_days,0.0
2025-01-12,supplier,4,receipt_fill_rate,1.0
2025-01-12,supplier,4,receipt_event_flag,0.0
2025-01-12,supplier,5,po_delay_days,0.0
2025-01-12,supplier,5,receipt_fill_rate,1.0
2025-01-12,supplier,5,receipt_event_flag,0.0
2025-01-12,material,101,stock,213.0
2025-01-12,material,101,days_of_cover,25.82
2025-01-12,material,101,open_po_flag,0.0
2025-01-12,material,101,reorder_triggered,0.0
2025-01-12,material,102,stock,220.0
2025-01-12,material,102,days_of_cover,88.0
2025-01-12,material,102,open_po_flag,0.0
2025-01-12,material,102,reorder_triggered,0.0
2025-01-12,material,103,stock,206.0
2025-01-12,material,103,days_of_cover,130.11
2025-01-12,material,103,open_po_flag,0.0
2025-01-12,material,103,reorder_triggered,0.0
2025-01-12,product,201,fg_stock,120.0
2025-01-12,product,201,planned_production,0.0
2025-01-12,product,201,actual_production,0.0
2025-01-12,product,201,production_shortfall,0.0
2025-01-12,product,201,demand_units,0.0
2025-01-12,product,201,due_backlog_units,0.0
2025-01-12,product,201,newly_backordered_units,0.0
2025-01-12,product,201,backorder_flag,0.0
2025-01-12,product,202,fg_stock,100.0
2025-01-12,product,202,planned_production,0.0
2025-01-12,product,202,actual_production,0.0
2025-01-12,product,202,production_shortfall,0.0
2025-01-12,product,202,demand_units,0.0
2025-01-12,product,202,due_backlog_units,0.0
2025-01-12,product,202,newly_backordered_units,0.0
2025-01-12,product,202,backorder_flag,0.0
2025-01-13,calendar,global,weekday,0.0
2025-01-13,calendar,global,month,1.0
2025-01-13,calendar,global,is_weekend,0.0
2025-01-13,supplier,1,po_delay_days,0.0
2025-01-13,supplier,1,receipt_fill_rate,1.0
2025-01-13,supplier,1,receipt_event_flag,0.0
2025-01-13,supplier,2,po_delay_days,0.0
2025-01-13,supplier,2,receipt_fill_rate,1.0
2025-01-13,supplier,2,receipt_event_flag,0.0
2025-01-13,supplier,3,po_delay_days,0.0
2025-01-13,supplier,3,receipt_fill_rate,1.0
2025-01-13,supplier,3,receipt_event_flag,0.0
2025-01-13,supplier,4,po_delay_days,0.0
2025-01-13,supplier,4,receipt_fill_rate,1.0
2025-01-13,supplier,4,receipt_event_flag,0.0
2025-01-13,supplier,5,po_delay_days,0.0
2025-01-13,supplier,5,receipt_fill_rate,1.0
2025-01-13,supplier,5,receipt_event_flag,0.0
2025-01-13,material,101,stock,213.0
2025-01-13,material,101,days_of_cover,27.97
2025-01-13,material,101,open_po_flag,0.0
2025-01-13,material,101,reorder_triggered,0.0
2025-01-13,material,102,stock,220.0
2025-01-13,material,102,days_of_cover,95.33
2025-01-13,material,102,open_po_flag,0.0
2025-01-13,material,102,reorder_triggered,0.0
2025-01-13,material,103,stock,206.0
2025-01-13,material,103,days_of_cover,140.95
2025-01-13,material,103,open_po_flag,0.0
2025-01-13,material,103,reorder_triggered,0.0
2025-01-13,product,201,fg_stock,120.0
2025-01-13,product,201,planned_production,0.0
2025-01-13,product,201,actual_production,0.0
2025-01-13,product,201,production_shortfall,0.0
2025-01-13,product,201,demand_units,16.0
2025-01-13,product,201,due_backlog_units,0.0
2025-01-13,product,201,newly_backordered_units,0.0
2025-01-13,product,201,backorder_flag,0.0
2025-01-13,product,202,fg_stock,100.0
2025-01-13,product,202,planned_production,0.0
2025-01-13,product,202,actual_production,0.0
2025-01-13,product,202,production_shortfall,0.0
2025-01-13,product,202,demand_units,20.0
2025-01-13,product,202,due_backlog_units,0.0
2025-01-13,product,202,newly_backordered_units,0.0
2025-01-13,product,202,backorder_flag,0.0
2025-01-14,calendar,global,weekday,1.0
2025-01-14,calendar,global,month,1.0
2025-01-14,calendar,global,is_weekend,0.0
2025-01-14,supplier,1,po_delay_days,0.0
2025-01-14,supplier,1,receipt_fill_rate,1.0
2025-01-14,supplier,1,receipt_event_flag,0.0
2025-01-14,supplier,2,po_delay_days,0.0
2025-01-14,supplier,2,receipt_fill_rate,1.0
2025-01-14,supplier,2,receipt_event_flag,0.0
2025-01-14,supplier,3,po_delay_days,0.0
2025-01-14,supplier,3,receipt_fill_rate,1.0
2025-01-14,supplier,3,receipt_event_flag,0.0
2025-01-14,supplier,4,po_delay_days,0.0
2025-01-14,supplier,4,receipt_fill_rate,1.0
2025-01-14,supplier,4,receipt_event_flag,0.0
2025-01-14,supplier,5,po_delay_days,0.0
2025-01-14,supplier,5,receipt_fill_rate,1.0
2025-01-14,supplier,5,receipt_event_flag,0.0
2025-01-14,material,101,stock,213.0
2025-01-14,material,101,days_of_cover,30.12
2025-01-14,material,101,open_po_flag,0.0
2025-01-14,material,101,reorder_triggered,0.0
2025-01-14,material,102,stock,220.0
2025-01-14,material,102,days_of_cover,102.67
2025-01-14,material,102,open_po_flag,0.0
2025-01-14,material,102,reorder_triggered,0.0
2025-01-14,material,103,stock,206.0
2025-01-14,material,103,days_of_cover,151.79
2025-01-14,material,103,open_po_flag,0.0
2025-01-14,material,103,reorder_triggered,0.0
2025-01-14,product,201,fg_stock,120.0
2025-01-14,product,201,planned_production,0.0
2025-01-14,product,201,actual_production,0.0
2025-01-14,product,201,production_shortfall,0.0
2025-01-14,product,201,demand_units,33.0
2025-01-14,product,201,due_backlog_units,0.0
2025-01-14,product,201,newly_backordered_units,0.0
2025-01-14,product,201,backorder_flag,0.0
2025-01-14,product,202,fg_stock,100.0
2025-01-14,product,202,planned_production,0.0
2025-01-14,product,202,actual_production,0.0
2025-01-14,product,202,production_shortfall,0.0
2025-01-14,product,202,demand_units,10.0
2025-01-14,product,202,due_backlog_units,0.0
2025-01-14,product,202,newly_backordered_units,0.0
2025-01-14,product,202,backorder_flag,0.0
2025-01-15,calendar,global,weekday,2.0
2025-01-15,calendar,global,month,1.0
2025-01-15,calendar,global,is_weekend,0.0
2025-01-15,supplier,1,po_delay_days,0.0
2025-01-15,supplier,1,receipt_fill_rate,1.0
2025-01-15,supplier,1,receipt_event_flag,0.0
2025-01-15,supplier,2,po_delay_days,0.0
2025-01-15,supplier,2,receipt_fill_rate,1.0
2025-01-15,supplier,2,receipt_event_flag,0.0
2025-01-15,supplier,3,po_delay_days,0.0
2025-01-15,supplier,3,receipt_fill_rate,1.0
2025-01-15,supplier,3,receipt_event_flag,0.0
2025-01-15,supplier,4,po_delay_days,0.0
2025-01-15,supplier,4,receipt_fill_rate,1.0
2025-01-15,supplier,4,receipt_event_flag,0.0
2025-01-15,supplier,5,po_delay_days,0.0
2025-01-15,supplier,5,receipt_fill_rate,1.0
2025-01-15,supplier,5,receipt_event_flag,0.0
2025-01-15,material,101,stock,114.0
2025-01-15,material,101,days_of_cover,8.64
2025-01-15,material,101,open_po_flag,1.0
2025-01-15,material,101,reorder_triggered,1.0
2025-01-15,material,102,stock,190.0
2025-01-15,material,102,days_of_cover,47.5
2025-01-15,material,102,open_po_flag,0.0
2025-01-15,material,102,reorder_triggered,0.0
2025-01-15,material,103,stock,187.0
2025-01-15,material,103,days_of_cover,73.82
2025-01-15,material,103,open_po_flag,0.0
2025-01-15,material,103,reorder_triggered,0.0
2025-01-15,product,201,fg_stock,150.0
2025-01-15,product,201,planned_production,30.0
2025-01-15,product,201,actual_production,30.0
2025-01-15,product,201,production_shortfall,0.0
2025-01-15,product,201,demand_units,9.0
2025-01-15,product,201,due_backlog_units,0.0
2025-01-15,product,201,newly_backordered_units,0.0
2025-01-15,product,201,backorder_flag,0.0
2025-01-15,product,202,fg_stock,113.0
2025-01-15,product,202,planned_production,20.0
2025-01-15,product,202,actual_production,20.0
2025-01-15,product,202,production_shortfall,0.0
2025-01-15,product,202,demand_units,21.0
2025-01-15,product,202,due_backlog_units,0.0
2025-01-15,product,202,newly_backordered_units,0.0
2025-01-15,product,202,backorder_flag,0.0
2025-01-16,calendar,global,weekday,3.0
2025-01-16,calendar,global,month,1.0
2025-01-16,calendar,global,is_weekend,0.0
2025-01-16,supplier,1,po_delay_days,0.0
2025-01-16,supplier,1,receipt_fill_rate,1.0
2025-01-16,supplier,1,receipt_event_flag,0.0
2025-01-16,supplier,2,po_delay_days,0.0
2025-01-16,supplier,2,receipt_fill_rate,1.0
2025-01-16,supplier,2,receipt_event_flag,0.0
2025-01-16,supplier,3,po_delay_days,0.0
2025-01-16,supplier,3,receipt_fill_rate,1.0
2025-01-16,supplier,3,receipt_event_flag,0.0
2025-01-16,supplier,4,po_delay_days,0.0
2025-01-16,supplier,4,receipt_fill_rate,1.0
2025-01-16,supplier,4,receipt_event_flag,0.0
2025-01-16,supplier,5,po_delay_days,0.0
2025-01-16,supplier,5,receipt_fill_rate,1.0
2025-01-16,supplier,5,receipt_event_flag,0.0
2025-01-16,material,101,stock,15.0
2025-01-16,material,101,days_of_cover,0.81
2025-01-16,material,101,open_po_flag,1.0
2025-01-16,material,101,reorder_triggered,0.0
2025-01-16,material,102,stock,160.0
2025-01-16,material,102,days_of_cover,28.44
2025-01-16,material,102,open_po_flag,0.0
2025-01-16,material,102,reorder_triggered,0.0
2025-01-16,material,103,stock,168.0
2025-01-16,material,103,days_of_cover,47.16
2025-01-16,material,103,open_po_flag,0.0
2025-01-16,material,103,reorder_triggered,0.0
2025-01-16,product,201,fg_stock,180.0
2025-01-16,product,201,planned_production,30.0
2025-01-16,product,201,actual_production,30.0
2025-01-16,product,201,production_shortfall,0.0
2025-01-16,product,201,demand_units,0.0
2025-01-16,product,201,due_backlog_units,0.0
2025-01-16,product,201,newly_backordered_units,0.0
2025-01-16,product,201,backorder_flag,0.0
2025-01-16,product,202,fg_stock,123.0
2025-01-16,product,202,planned_production,20.0
2025-01-16,product,202,actual_production,20.0
2025-01-16,product,202,production_shortfall,0.0
2025-01-16,product,202,demand_units,0.0
2025-01-16,product,202,due_backlog_units,0.0
2025-01-16,product,202,newly_backordered_units,0.0
2025-01-16,product,202,backorder_flag,0.0
2025-01-17,calendar,global,weekday,4.0
2025-01-17,calendar,global,month,1.0
2025-01-17,calendar,global,is_weekend,0.0
2025-01-17,supplier,1,po_delay_days,0.0
2025-01-17,supplier,1,receipt_fill_rate,1.0
2025-01-17,supplier,1,receipt_event_flag,0.0
2025-01-17,supplier,2,po_delay_days,0.0
2025-01-17,supplier,2,receipt_fill_rate,1.0
2025-01-17,supplier,2,receipt_event_flag,0.0
2025-01-17,supplier,3,po_delay_days,0.0
2025-01-17,supplier,3,receipt_fill_rate,1.0
2025-01-17,supplier,3,receipt_event_flag,0.0
2025-01-17,supplier,4,po_delay_days,0.0
2025-01-17,supplier,4,receipt_fill_rate,1.0
2025-01-17,supplier,4,receipt_event_flag,0.0
2025-01-17,supplier,5,po_delay_days,0.0
2025-01-17,supplier,5,receipt_fill_rate,1.0
2025-01-17,supplier,5,receipt_event_flag,0.0
2025-01-17,material,101,stock,15.0
2025-01-17,material,101,days_of_cover,0.64
2025-01-17,material,101,open_po_flag,1.0
2025-01-17,material,101,reorder_triggered,0.0
2025-01-17,material,102,stock,160.0
2025-01-17,material,102,days_of_cover,22.67
2025-01-17,material,102,open_po_flag,0.0
2025-01-17,material,102,reorder_triggered,0.0
2025-01-17,material,103,stock,168.0
2025-01-17,material,103,days_of_cover,37.58
2025-01-17,material,103,open_po_flag,0.0
2025-01-17,material,103,reorder_triggered,0.0
2025-01-17,product,201,fg_stock,149.0
2025-01-17,product,201,planned_production,30.0
2025-01-17,product,201,actual_production,0.0
2025-01-17,product,201,production_shortfall,30.0
2025-01-17,product,201,demand_units,15.0
2025-01-17,product,201,due_backlog_units,0.0
2025-01-17,product,201,newly_backordered_units,0.0
2025-01-17,product,201,backorder_flag,0.0
2025-01-17,product,202,fg_stock,123.0
2025-01-17,product,202,planned_production,20.0
2025-01-17,product,202,actual_production,0.0
2025-01-17,product,202,production_shortfall,20.0
2025-01-17,product,202,demand_units,0.0
2025-01-17,product,202,due_backlog_units,0.0
2025-01-17,product,202,newly_backordered_units,0.0
2025-01-17,product,202,backorder_flag,0.0
2025-01-18,calendar,global,weekday,5.0
2025-01-18,calendar,global,month,1.0
2025-01-18,calendar,global,is_weekend,1.0
2025-01-18,supplier,1,po_delay_days,0.0
2025-01-18,supplier,1,receipt_fill_rate,1.0
2025-01-18,supplier,1,receipt_event_flag,0.0
2025-01-18,supplier,2,po_delay_days,0.0
2025-01-18,supplier,2,receipt_fill_rate,1.0
2025-01-18,supplier,2,receipt_event_flag,0.0
2025-01-18,supplier,3,po_delay_days,0.0
2025-01-18,supplier,3,receipt_fill_rate,1.0
2025-01-18,supplier,3,receipt_event_flag,0.0
2025-01-18,supplier,4,po_delay_days,0.0
2025-01-18,supplier,4,receipt_fill_rate,1.0
2025-01-18,supplier,4,receipt_event_flag,0.0
2025-01-18,supplier,5,po_delay_days,0.0
2025-01-18,supplier,5,receipt_fill_rate,1.0
2025-01-18,supplier,5,receipt_event_flag,0.0
2025-01-18,material,101,stock,15.0
2025-01-18,material,101,days_of_cover,0.68
2025-01-18,material,101,open_po_flag,1.0
2025-01-18,material,101,reorder_triggered,0.0
2025-01-18,material,102,stock,160.0
2025-01-18,material,102,days_of_cover,24.0
2025-01-18,material,102,open_po_flag,0.0
2025-01-18,material,102,reorder_triggered,0.0
2025-01-18,material,103,stock,168.0
2025-01-18,material,103,days_of_cover,39.79
2025-01-18,material,103,open_po_flag,0.0
2025-01-18,material,103,reorder_triggered,0.0
2025-01-18,product,201,fg_stock,149.0
2025-01-18,product,201,planned_production,0.0
2025-01-18,product,201,actual_production,0.0
2025-01-18,product,201,production_shortfall,0.0
2025-01-18,product,201,demand_units,0.0
2025-01-18,product,201,due_backlog_units,0.0
2025-01-18,product,201,newly_backordered_units,0.0
2025-01-18,product,201,backorder_flag,0.0
2025-01-18,product,202,fg_stock,123.0
2025-01-18,product,202,planned_production,0.0
2025-01-18,product,202,actual_production,0.0
2025-01-18,product,202,production_shortfall,0.0
2025-01-18,product,202,demand_units,0.0
2025-01-18,product,202,due_backlog_units,0.0
2025-01-18,product,202,newly_backordered_units,0.0
2025-01-18,product,202,backorder_flag,0.0
2025-01-19,calendar,global,weekday,6.0
2025-01-19,calendar,global,month,1.0
2025-01-19,calendar,global,is_weekend,1.0
2025-01-19,supplier,1,po_delay_days,0.0
2025-01-19,supplier,1,receipt_fill_rate,1.0
2025-01-19,supplier,1,receipt_event_flag,0.0
2025-01-19,supplier,2,po_delay_days,0.0
2025-01-19,supplier,2,receipt_fill_rate,1.0
2025-01-19,supplier,2,receipt_event_flag,0.0
2025-01-19,supplier,3,po_delay_days,0.0
2025-01-19,supplier,3,receipt_fill_rate,1.0
2025-01-19,supplier,3,receipt_event_flag,0.0
2025-01-19,supplier,4,po_delay_days,0.0
2025-01-19,supplier,4,receipt_fill_rate,1.0
2025-01-19,supplier,4,receipt_event_flag,0.0
2025-01-19,supplier,5,po_delay_days,0.0
2025-01-19,supplier,5,receipt_fill_rate,1.0
2025-01-19,supplier,5,receipt_event_flag,0.0
2025-01-19,material,101,stock,15.0
2025-01-19,material,101,days_of_cover,0.72
2025-01-19,material,101,open_po_flag,1.0
2025-01-19,material,101,reorder_triggered,0.0
2025-01-19,material,102,stock,160.0
2025-01-19,material,102,days_of_cover,25.33
2025-01-19,material,102,open_po_flag,0.0
2025-01-19,material,102,reorder_triggered,0.0
2025-01-19,material,103,stock,168.0
2025-01-19,material,103,days_of_cover,42.0
2025-01-19,material,103,open_po_flag,0.0
2025-01-19,material,103,reorder_triggered,0.0
2025-01-19,product,201,fg_stock,149.0
2025-01-19,product,201,planned_production,0.0
2025-01-19,product,201,actual_production,0.0
2025-01-19,product,201,production_shortfall,0.0
2025-01-19,product,201,demand_units,0.0
2025-01-19,product,201,due_backlog_units,0.0
2025-01-19,product,201,newly_backordered_units,0.0
2025-01-19,product,201,backorder_flag,0.0
2025-01-19,product,202,fg_stock,123.0
2025-01-19,product,202,planned_production,0.0
2025-01-19,product,202,actual_production,0.0
2025-01-19,product,202,production_shortfall,0.0
2025-01-19,product,202,demand_units,0.0
2025-01-19,product,202,due_backlog_units,0.0
2025-01-19,product,202,newly_backordered_units,0.0
2025-01-19,product,202,backorder_flag,0.0
2025-01-20,calendar,global,weekday,0.0
2025-01-20,calendar,global,month,1.0
2025-01-20,calendar,global,is_weekend,0.0
2025-01-20,supplier,1,po_delay_days,0.0
2025-01-20,supplier,1,receipt_fill_rate,1.0
2025-01-20,supplier,1,receipt_event_flag,0.0
2025-01-20,supplier,2,po_delay_days,0.0
2025-01-20,supplier,2,receipt_fill_rate,1.0
2025-01-20,supplier,2,receipt_event_flag,0.0
2025-01-20,supplier,3,po_delay_days,0.0
2025-01-20,supplier,3,receipt_fill_rate,1.0
2025-01-20,supplier,3,receipt_event_flag,0.0
2025-01-20,supplier,4,po_delay_days,0.0
2025-01-20,supplier,4,receipt_fill_rate,1.0
2025-01-20,supplier,4,receipt_event_flag,0.0
2025-01-20,supplier,5,po_delay_days,0.0
2025-01-20,supplier,5,receipt_fill_rate,1.0
2025-01-20,supplier,5,receipt_event_flag,0.0
2025-01-20,material,101,stock,15.0
2025-01-20,material,101,days_of_cover,0.76
2025-01-20,material,101,open_po_flag,1.0
2025-01-20,material,101,reorder_triggered,0.0
2025-01-20,material,102,stock,160.0
2025-01-20,material,102,days_of_cover,26.67
2025-01-20,material,102,open_po_flag,0.0
2025-01-20,material,102,reorder_triggered,0.0
2025-01-20,material,103,stock,168.0
2025-01-20,material,103,days_of_cover,44.21
2025-01-20,material,103,open_po_flag,0.0
2025-01-20,material,103,reorder_triggered,0.0
2025-01-20,product,201,fg_stock,131.0
2025-01-20,product,201,planned_production,0.0
2025-01-20,product,201,actual_production,0.0
2025-01-20,product,201,production_shortfall,0.0
2025-01-20,product,201,demand_units,15.0
2025-01-20,product,201,due_backlog_units,0.0
2025-01-20,product,201,newly_backordered_units,0.0
2025-01-20,product,201,backorder_flag,0.0
2025-01-20,product,202,fg_stock,123.0
2025-01-20,product,202,planned_production,0.0
2025-01-20,product,202,actual_production,0.0
2025-01-20,product,202,production_shortfall,0.0
2025-01-20,product,202,demand_units,8.0
2025-01-20,product,202,due_backlog_units,0.0
2025-01-20,product,202,newly_backordered_units,0.0
2025-01-20,product,202,backorder_flag,0.0
2025-01-21,calendar,global,weekday,1.0
2025-01-21,calendar,global,month,1.0
2025-01-21,calendar,global,is_weekend,0.0
2025-01-21,supplier,1,po_delay_days,0.0
2025-01-21,supplier,1,receipt_fill_rate,1.0
2025-01-21,supplier,1,receipt_event_flag,0.0
2025-01-21,supplier,2,po_delay_days,0.0
2025-01-21,supplier,2,receipt_fill_rate,1.0
2025-01-21,supplier,2,receipt_event_flag,0.0
2025-01-21,supplier,3,po_delay_days,0.0
2025-01-21,supplier,3,receipt_fill_rate,1.0
2025-01-21,supplier,3,receipt_event_flag,0.0
2025-01-21,supplier,4,po_delay_days,0.0
2025-01-21,supplier,4,receipt_fill_rate,1.0
2025-01-21,supplier,4,receipt_event_flag,0.0
2025-01-21,supplier,5,po_delay_days,0.0
2025-01-21,supplier,5,receipt_fill_rate,1.0
2025-01-21,supplier,5,receipt_event_flag,0.0
2025-01-21,material,101,stock,15.0
2025-01-21,material,101,days_of_cover,0.8
2025-01-21,material,101,open_po_flag,1.0
2025-01-21,material,101,reorder_triggered,0.0
2025-01-21,material,102,stock,160.0
2025-01-21,material,102,days_of_cover,28.0
2025-01-21,material,102,open_po_flag,0.0
2025-01-21,material,102,reorder_triggered,0.0
2025-01-21,material,103,stock,168.0
2025-01-21,material,103,days_of_cover,46.42
2025-01-21,material,103,open_po_flag,0.0
2025-01-21,material,103,reorder_triggered,0.0
2025-01-21,product,201,fg_stock,131.0
2025-01-21,product,201,planned_production,0.0
2025-01-21,product,201,actual_production,0.0
2025-01-21,product,201,production_shortfall,0.0
2025-01-21,product,201,demand_units,11.0
2025-01-21,product,201,due_backlog_units,0.0
2025-01-21,product,201,newly_backordered_units,0.0
2025-01-21,product,201,backorder_flag,0.0
2025-01-21,product,202,fg_stock,101.0
2025-01-21,product,202,planned_production,0.0
2025-01-21,product,202,actual_production,0.0
2025-01-21,product,202,production_shortfall,0.0
2025-01-21,product,202,demand_units,0.0
2025-01-21,product,202,due_backlog_units,0.0
2025-01-21,product,202,newly_backordered_units,0.0
2025-01-21,product,202,backorder_flag,0.0
2025-01-22,calendar,global,weekday,2.0
2025-01-22,calendar,global,month,1.0
2025-01-22,calendar,global,is_weekend,0.0
2025-01-22,supplier,1,po_delay_days,0.0
2025-01-22,supplier,1,receipt_fill_rate,1.0
2025-01-22,supplier,1,receipt_event_flag,0.0
2025-01-22,supplier,2,po_delay_days,0.0
2025-01-22,supplier,2,receipt_fill_rate,1.0
2025-01-22,supplier,2,receipt_event_flag,0.0
2025-01-22,supplier,3,po_delay_days,0.0
2025-01-22,supplier,3,receipt_fill_rate,1.0
2025-01-22,supplier,3,receipt_event_flag,0.0
2025-01-22,supplier,4,po_delay_days,0.0
2025-01-22,supplier,4,receipt_fill_rate,1.0
2025-01-22,supplier,4,receipt_event_flag,0.0
2025-01-22,supplier,5,po_delay_days,0.0
2025-01-22,supplier,5,receipt_fill_rate,1.0
2025-01-22,supplier,5,receipt_event_flag,0.0
2025-01-22,material,101,stock,3.0
2025-01-22,material,101,days_of_cover,0.13
2025-01-22,material,101,open_po_flag,1.0
2025-01-22,material,101,reorder_triggered,0.0
2025-01-22,material,102,stock,160.0
2025-01-22,material,102,days_of_cover,23.47
2025-01-22,material,102,open_po_flag,0.0
2025-01-22,material,102,reorder_triggered,0.0
2025-01-22,material,103,stock,163.0
2025-01-22,material,103,days_of_cover,37.75
2025-01-22,material,103,open_po_flag,0.0
2025-01-22,material,103,reorder_triggered,0.0
2025-01-22,product,201,fg_stock,116.0
2025-01-22,product,201,planned_production,30.0
2025-01-22,product,201,actual_production,0.0
2025-01-22,product,201,production_shortfall,30.0
2025-01-22,product,201,demand_units,12.0
2025-01-22,product,201,due_backlog_units,0.0
2025-01-22,product,201,newly_backordered_units,0.0
2025-01-22,product,201,backorder_flag,0.0
2025-01-22,product,202,fg_stock,103.0
2025-01-22,product,202,planned_production,20.0
2025-01-22,product,202,actual_production,10.0
2025-01-22,product,202,production_shortfall,10.0
2025-01-22,product,202,demand_units,0.0
2025-01-22,product,202,due_backlog_units,0.0
2025-01-22,product,202,newly_backordered_units,0.0
2025-01-22,product,202,backorder_flag,0.0
2025-01-23,calendar,global,weekday,3.0
2025-01-23,calendar,global,month,1.0
2025-01-23,calendar,global,is_weekend,0.0
2025-01-23,supplier,1,po_delay_days,0.0
2025-01-23,supplier,1,receipt_fill_rate,1.0
2025-01-23,supplier,1,receipt_event_flag,0.0
2025-01-23,supplier,2,po_delay_days,0.0
2025-01-23,supplier,2,receipt_fill_rate,1.0
2025-01-23,supplier,2,receipt_event_flag,0.0
2025-01-23,supplier,3,po_delay_days,0.0
2025-01-23,supplier,3,receipt_fill_rate,1.0
2025-01-23,supplier,3,receipt_event_flag,0.0
2025-01-23,supplier,4,po_delay_days,0.0
2025-01-23,supplier,4,receipt_fill_rate,1.0
2025-01-23,supplier,4,receipt_event_flag,1.0
2025-01-23,supplier,5,po_delay_days,0.0
2025-01-23,supplier,5,receipt_fill_rate,1.0
2025-01-23,supplier,5,receipt_event_flag,0.0
2025-01-23,material,101,stock,335.0
2025-01-23,material,101,days_of_cover,15.57
2025-01-23,material,101,open_po_flag,0.0
2025-01-23,material,101,reorder_triggered,0.0
2025-01-23,material,102,stock,160.0
2025-01-23,material,102,days_of_cover,24.53
2025-01-23,material,102,open_po_flag,0.0
2025-01-23,material,102,reorder_triggered,0.0
2025-01-23,material,103,stock,163.0
2025-01-23,material,103,days_of_cover,39.46
2025-01-23,material,103,open_po_flag,0.0
2025-01-23,material,103,reorder_triggered,0.0
2025-01-23,product,201,fg_stock,107.0
2025-01-23,product,201,planned_production,0.0
2025-01-23,product,201,actual_production,0.0
2025-01-23,product,201,production_shortfall,0.0
2025-01-23,product,201,demand_units,0.0
2025-01-23,product,201,due_backlog_units,0.0
2025-01-23,product,201,newly_backordered_units,0.0
2025-01-23,product,201,backorder_flag,0.0
2025-01-23,product,202,fg_stock,103.0
2025-01-23,product,202,planned_production,0.0
2025-01-23,product,202,actual_production,0.0
2025-01-23,product,202,production_shortfall,0.0
2025-01-23,product,202,demand_units,0.0
2025-01-23,product,202,due_backlog_units,0.0
2025-01-23,product,202,newly_backordered_units,0.0
2025-01-23,product,202,backorder_flag,0.0
2025-01-24,calendar,global,weekday,4.0
2025-01-24,calendar,global,month,1.0
2025-01-24,calendar,global,is_weekend,0.0
2025-01-24,supplier,1,po_delay_days,0.0
2025-01-24,supplier,1,receipt_fill_rate,1.0
2025-01-24,supplier,1,receipt_event_flag,0.0
2025-01-24,supplier,2,po_delay_days,0.0
2025-01-24,supplier,2,receipt_fill_rate,1.0
2025-01-24,supplier,2,receipt_event_flag,0.0
2025-01-24,supplier,3,po_delay_days,0.0
2025-01-24,supplier,3,receipt_fill_rate,1.0
2025-01-24,supplier,3,receipt_event_flag,0.0
2025-01-24,supplier,4,po_delay_days,0.0
2025-01-24,supplier,4,receipt_fill_rate,1.0
2025-01-24,supplier,4,receipt_event_flag,0.0
2025-01-24,supplier,5,po_delay_days,0.0
2025-01-24,supplier,5,receipt_fill_rate,1.0
2025-01-24,supplier,5,receipt_event_flag,0.0
2025-01-24,material,101,stock,236.0
2025-01-24,material,101,days_of_cover,9.54
2025-01-24,material,101,open_po_flag,0.0
2025-01-24,material,101,reorder_triggered,0.0
2025-01-24,material,102,stock,130.0
2025-01-24,material,102,days_of_cover,17.33
2025-01-24,material,102,open_po_flag,0.0
2025-01-24,material,102,reorder_triggered,0.0
2025-01-24,material,103,stock,144.0
2025-01-24,material,103,days_of_cover,30.32
2025-01-24,material,103,open_po_flag,0.0
2025-01-24,material,103,reorder_triggered,0.0
2025-01-24,product,201,fg_stock,122.0
2025-01-24,product,201,planned_production,30.0
2025-01-24,product,201,actual_production,30.0
2025-01-24,product,201,production_shortfall,0.0
2025-01-24,product,201,demand_units,0.0
2025-01-24,product,201,due_backlog_units,0.0
2025-01-24,product,201,newly_backordered_units,0.0
2025-01-24,product,201,backorder_flag,0.0
2025-01-24,product,202,fg_stock,123.0
2025-01-24,product,202,planned_production,20.0
2025-01-24,product,202,actual_production,20.0
2025-01-24,product,202,production_shortfall,0.0
2025-01-24,product,202,demand_units,0.0
2025-01-24,product,202,due_backlog_units,0.0
2025-01-24,product,202,newly_backordered_units,0.0
2025-01-24,product,202,backorder_flag,0.0
2025-01-25,calendar,global,weekday,5.0
2025-01-25,calendar,global,month,1.0
2025-01-25,calendar,global,is_weekend,1.0
2025-01-25,supplier,1,po_delay_days,0.0
2025-01-25,supplier,1,receipt_fill_rate,1.0
2025-01-25,supplier,1,receipt_event_flag,0.0
2025-01-25,supplier,2,po_delay_days,0.0
2025-01-25,supplier,2,receipt_fill_rate,1.0
2025-01-25,supplier,2,receipt_event_flag,0.0
2025-01-25,supplier,3,po_delay_days,0.0
2025-01-25,supplier,3,receipt_fill_rate,1.0
2025-01-25,supplier,3,receipt_event_flag,0.0
2025-01-25,supplier,4,po_delay_days,0.0
2025-01-25,supplier,4,receipt_fill_rate,1.0
2025-01-25,supplier,4,receipt_event_flag,0.0
2025-01-25,supplier,5,po_delay_days,0.0
2025-01-25,supplier,5,receipt_fill_rate,1.0
2025-01-25,supplier,5,receipt_event_flag,0.0
2025-01-25,material,101,stock,236.0
2025-01-25,material,101,days_of_cover,9.93
2025-01-25,material,101,open_po_flag,0.0
2025-01-25,material,101,reorder_triggered,0.0
2025-01-25,material,102,stock,130.0
2025-01-25,material,102,days_of_cover,18.06
2025-01-25,material,102,open_po_flag,0.0
2025-01-25,material,102,reorder_triggered,0.0
2025-01-25,material,103,stock,144.0
2025-01-25,material,103,days_of_cover,31.58
2025-01-25,material,103,open_po_flag,0.0
2025-01-25,material,103,reorder_triggered,0.0
2025-01-25,product,201,fg_stock,122.0
2025-01-25,product,201,planned_production,0.0
2025-01-25,product,201,actual_production,0.0
2025-01-25,product,201,production_shortfall,0.0
2025-01-25,product,201,demand_units,0.0
2025-01-25,product,201,due_backlog_units,0.0
2025-01-25,product,201,newly_backordered_units,0.0
2025-01-25,product,201,backorder_flag,0.0
2025-01-25,product,202,fg_stock,102.0
2025-01-25,product,202,planned_production,0.0
2025-01-25,product,202,actual_production,0.0
2025-01-25,product,202,production_shortfall,0.0
2025-01-25,product,202,demand_units,0.0
2025-01-25,product,202,due_backlog_units,0.0
2025-01-25,product,202,newly_backordered_units,0.0
2025-01-25,product,202,backorder_flag,0.0
2025-01-26,calendar,global,weekday,6.0
2025-01-26,calendar,global,month,1.0
2025-01-26,calendar,global,is_weekend,1.0
2025-01-26,supplier,1,po_delay_days,0.0
2025-01-26,supplier,1,receipt_fill_rate,1.0
2025-01-26,supplier,1,receipt_event_flag,0.0
2025-01-26,supplier,2,po_delay_days,0.0
2025-01-26,supplier,2,receipt_fill_rate,1.0
2025-01-26,supplier,2,receipt_event_flag,0.0
2025-01-26,supplier,3,po_delay_days,0.0
2025-01-26,supplier,3,receipt_fill_rate,1.0
2025-01-26,supplier,3,receipt_event_flag,0.0
2025-01-26,supplier,4,po_delay_days,0.0
2025-01-26,supplier,4,receipt_fill_rate,1.0
2025-01-26,supplier,4,receipt_event_flag,0.0
2025-01-26,supplier,5,po_delay_days,0.0
2025-01-26,supplier,5,receipt_fill_rate,1.0
2025-01-26,supplier,5,receipt_event_flag,0.0
2025-01-26,material,101,stock,236.0
2025-01-26,material,101,days_of_cover,10.33
2025-01-26,material,101,open_po_flag,0.0
2025-01-26,material,101,reorder_triggered,0.0
2025-01-26,material,102,stock,130.0
2025-01-26,material,102,days_of_cover,18.78
2025-01-26,material,102,open_po_flag,0.0
2025-01-26,material,102,reorder_triggered,0.0
2025-01-26,material,103,stock,144.0
2025-01-26,material,103,days_of_cover,32.84
2025-01-26,material,103,open_po_flag,0.0
2025-01-26,material,103,reorder_triggered,0.0
2025-01-26,product,201,fg_stock,110.0
2025-01-26,product,201,planned_production,0.0
2025-01-26,product,201,actual_production,0.0
2025-01-26,product,201,production_shortfall,0.0
2025-01-26,product,201,demand_units,0.0
2025-01-26,product,201,due_backlog_units,0.0
2025-01-26,product,201,newly_backordered_units,0.0
2025-01-26,product,201,backorder_flag,0.0
2025-01-26,product,202,fg_stock,102.0
2025-01-26,product,202,planned_production,0.0
2025-01-26,product,202,actual_production,0.0
2025-01-26,product,202,production_shortfall,0.0
2025-01-26,product,202,demand_units,0.0
2025-01-26,product,202,due_backlog_units,0.0
2025-01-26,product,202,newly_backordered_units,0.0
2025-01-26,product,202,backorder_flag,0.0
2025-01-27,calendar,global,weekday,0.0
2025-01-27,calendar,global,month,1.0
2025-01-27,calendar,global,is_weekend,0.0
2025-01-27,supplier,1,po_delay_days,0.0
2025-01-27,supplier,1,receipt_fill_rate,1.0
2025-01-27,supplier,1,receipt_event_flag,0.0
2025-01-27,supplier,2,po_delay_days,0.0
2025-01-27,supplier,2,receipt_fill_rate,1.0
2025-01-27,supplier,2,receipt_event_flag,0.0
2025-01-27,supplier,3,po_delay_days,0.0
2025-01-27,supplier,3,receipt_fill_rate,1.0
2025-01-27,supplier,3,receipt_event_flag,0.0
2025-01-27,supplier,4,po_delay_days,0.0
2025-01-27,supplier,4,receipt_fill_rate,1.0
2025-01-27,supplier,4,receipt_event_flag,0.0
2025-01-27,supplier,5,po_delay_days,0.0
2025-01-27,supplier,5,receipt_fill_rate,1.0
2025-01-27,supplier,5,receipt_event_flag,0.0
2025-01-27,material,101,stock,236.0
2025-01-27,material,101,days_of_cover,10.73
2025-01-27,material,101,open_po_flag,0.0
2025-01-27,material,101,reorder_triggered,0.0
2025-01-27,material,102,stock,130.0
2025-01-27,material,102,days_of_cover,19.5
2025-01-27,material,102,open_po_flag,0.0
2025-01-27,material,102,reorder_triggered,0.0
2025-01-27,material,103,stock,144.0
2025-01-27,material,103,days_of_cover,34.11
2025-01-27,material,103,open_po_flag,0.0
2025-01-27,material,103,reorder_triggered,0.0
2025-01-27,product,201,fg_stock,110.0
2025-01-27,product,201,planned_production,0.0
2025-01-27,product,201,actual_production,0.0
2025-01-27,product,201,production_shortfall,0.0
2025-01-27,product,201,demand_units,13.0
2025-01-27,product,201,due_backlog_units,0.0
2025-01-27,product,201,newly_backordered_units,0.0
2025-01-27,product,201,backorder_flag,0.0
2025-01-27,product,202,fg_stock,102.0
2025-01-27,product,202,planned_production,0.0
2025-01-27,product,202,actual_production,0.0
2025-01-27,product,202,production_shortfall,0.0
2025-01-27,product,202,demand_units,11.0
2025-01-27,product,202,due_backlog_units,0.0
2025-01-27,product,202,newly_backordered_units,0.0
2025-01-27,product,202,backorder_flag,0.0
2025-01-28,calendar,global,weekday,1.0
2025-01-28,calendar,global,month,1.0
2025-01-28,calendar,global,is_weekend,0.0
2025-01-28,supplier,1,po_delay_days,0.0
2025-01-28,supplier,1,receipt_fill_rate,1.0
2025-01-28,supplier,1,receipt_event_flag,0.0
2025-01-28,supplier,2,po_delay_days,0.0
2025-01-28,supplier,2,receipt_fill_rate,1.0
2025-01-28,supplier,2,receipt_event_flag,0.0
2025-01-28,supplier,3,po_delay_days,0.0
2025-01-28,supplier,3,receipt_fill_rate,1.0
2025-01-28,supplier,3,receipt_event_flag,0.0
2025-01-28,supplier,4,po_delay_days,0.0
2025-01-28,supplier,4,receipt_fill_rate,1.0
2025-01-28,supplier,4,receipt_event_flag,0.0
2025-01-28,supplier,5,po_delay_days,0.0
2025-01-28,supplier,5,receipt_fill_rate,1.0
2025-01-28,supplier,5,receipt_event_flag,0.0
2025-01-28,material,101,stock,236.0
2025-01-28,material,101,days_of_cover,11.12
2025-01-28,material,101,open_po_flag,0.0
2025-01-28,material,101,reorder_triggered,0.0
2025-01-28,material,102,stock,130.0
2025-01-28,material,102,days_of_cover,20.22
2025-01-28,material,102,open_po_flag,0.0
2025-01-28,material,102,reorder_triggered,0.0
2025-01-28,material,103,stock,144.0
2025-01-28,material,103,days_of_cover,35.37
2025-01-28,material,103,open_po_flag,0.0
2025-01-28,material,103,reorder_triggered,0.0
2025-01-28,product,201,fg_stock,99.0
2025-01-28,product,201,planned_production,0.0
2025-01-28,product,201,actual_production,0.0
2025-01-28,product,201,production_shortfall,0.0
2025-01-28,product,201,demand_units,0.0
2025-01-28,product,201,due_backlog_units,0.0
2025-01-28,product,201,newly_backordered_units,0.0
2025-01-28,product,201,backorder_flag,0.0
2025-01-28,product,202,fg_stock,94.0
2025-01-28,product,202,planned_production,0.0
2025-01-28,product,202,actual_production,0.0
2025-01-28,product,202,production_shortfall,0.0
2025-01-28,product,202,demand_units,0.0
2025-01-28,product,202,due_backlog_units,0.0
2025-01-28,product,202,newly_backordered_units,0.0
2025-01-28,product,202,backorder_flag,0.0
2025-01-29,calendar,global,weekday,2.0
2025-01-29,calendar,global,month,1.0
2025-01-29,calendar,global,is_weekend,0.0
2025-01-29,supplier,1,po_delay_days,0.0
2025-01-29,supplier,1,receipt_fill_rate,1.0
2025-01-29,supplier,1,receipt_event_flag,0.0
2025-01-29,supplier,2,po_delay_days,0.0
2025-01-29,supplier,2,receipt_fill_rate,1.0
2025-01-29,supplier,2,receipt_event_flag,0.0
2025-01-29,supplier,3,po_delay_days,0.0
2025-01-29,supplier,3,receipt_fill_rate,1.0
2025-01-29,supplier,3,receipt_event_flag,0.0
2025-01-29,supplier,4,po_delay_days,0.0
2025-01-29,supplier,4,receipt_fill_rate,1.0
2025-01-29,supplier,4,receipt_event_flag,0.0
2025-01-29,supplier,5,po_delay_days,0.0
2025-01-29,supplier,5,receipt_fill_rate,1.0
2025-01-29,supplier,5,receipt_event_flag,0.0
2025-01-29,material,101,stock,236.0
2025-01-29,material,101,days_of_cover,11.12
2025-01-29,material,101,open_po_flag,0.0
2025-01-29,material,101,reorder_triggered,0.0
2025-01-29,material,102,stock,130.0
2025-01-29,material,102,days_of_cover,20.22
2025-01-29,material,102,open_po_flag,0.0
2025-01-29,material,102,reorder_triggered,0.0
2025-01-29,material,103,stock,144.0
2025-01-29,material,103,days_of_cover,35.37
2025-01-29,material,103,open_po_flag,0.0
2025-01-29,material,103,reorder_triggered,0.0
2025-01-29,product,201,fg_stock,99.0
2025-01-29,product,201,planned_production,0.0
2025-01-29,product,201,actual_production,0.0
2025-01-29,product,201,production_shortfall,0.0
2025-01-29,product,201,demand_units,0.0
2025-01-29,product,201,due_backlog_units,0.0
2025-01-29,product,201,newly_backordered_units,0.0
2025-01-29,product,201,backorder_flag,0.0
2025-01-29,product,202,fg_stock,94.0
2025-01-29,product,202,planned_production,0.0
2025-01-29,product,202,actual_production,0.0
2025-01-29,product,202,production_shortfall,0.0
2025-01-29,product,202,demand_units,0.0
2025-01-29,product,202,due_backlog_units,0.0
2025-01-29,product,202,newly_backordered_units,0.0
2025-01-29,product,202,backorder_flag,0.0
2025-01-30,calendar,global,weekday,3.0
2025-01-30,calendar,global,month,1.0
2025-01-30,calendar,global,is_weekend,0.0
2025-01-30,supplier,1,po_delay_days,0.0
2025-01-30,supplier,1,receipt_fill_rate,1.0
2025-01-30,supplier,1,receipt_event_flag,0.0
2025-01-30,supplier,2,po_delay_days,0.0
2025-01-30,supplier,2,receipt_fill_rate,1.0
2025-01-30,supplier,2,receipt_event_flag,0.0
2025-01-30,supplier,3,po_delay_days,0.0
2025-01-30,supplier,3,receipt_fill_rate,1.0
2025-01-30,supplier,3,receipt_event_flag,0.0
2025-01-30,supplier,4,po_delay_days,0.0
2025-01-30,supplier,4,receipt_fill_rate,1.0
2025-01-30,supplier,4,receipt_event_flag,0.0
2025-01-30,supplier,5,po_delay_days,0.0
2025-01-30,supplier,5,receipt_fill_rate,1.0
2025-01-30,supplier,5,receipt_event_flag,0.0
2025-01-30,material,101,stock,137.0
2025-01-30,material,101,days_of_cover,5.54
2025-01-30,material,101,open_po_flag,1.0
2025-01-30,material,101,reorder_triggered,1.0
2025-01-30,material,102,stock,100.0
2025-01-30,material,102,days_of_cover,13.33
2025-01-30,material,102,open_po_flag,1.0
2025-01-30,material,102,reorder_triggered,1.0
2025-01-30,material,103,stock,125.0
2025-01-30,material,103,days_of_cover,26.32
2025-01-30,material,103,open_po_flag,0.0
2025-01-30,material,103,reorder_triggered,0.0
2025-01-30,product,201,fg_stock,129.0
2025-01-30,product,201,planned_production,30.0
2025-01-30,product,201,actual_production,30.0
2025-01-30,product,201,production_shortfall,0.0
2025-01-30,product,201,demand_units,0.0
2025-01-30,product,201,due_backlog_units,0.0
2025-01-30,product,201,newly_backordered_units,0.0
2025-01-30,product,201,backorder_flag,0.0
2025-01-30,product,202,fg_stock,114.0
2025-01-30,product,202,planned_production,20.0
2025-01-30,product,202,actual_production,20.0
2025-01-30,product,202,production_shortfall,0.0
2025-01-30,product,202,demand_units,16.0
2025-01-30,product,202,due_backlog_units,0.0
2025-01-30,product,202,newly_backordered_units,0.0
2025-01-30,product,202,backorder_flag,0.0
2025-01-31,calendar,global,weekday,4.0
2025-01-31,calendar,global,month,1.0
2025-01-31,calendar,global,is_weekend,0.0
2025-01-31,supplier,1,po_delay_days,0.0
2025-01-31,supplier,1,receipt_fill_rate,1.0
2025-01-31,supplier,1,receipt_event_flag,0.0
2025-01-31,supplier,2,po_delay_days,0.0
2025-01-31,supplier,2,receipt_fill_rate,1.0
2025-01-31,supplier,2,receipt_event_flag,0.0
2025-01-31,supplier,3,po_delay_days,0.0
2025-01-31,supplier,3,receipt_fill_rate,1.0
2025-01-31,supplier,3,receipt_event_flag,0.0
2025-01-31,supplier,4,po_delay_days,0.0
2025-01-31,supplier,4,receipt_fill_rate,1.0
2025-01-31,supplier,4,receipt_event_flag,0.0
2025-01-31,supplier,5,po_delay_days,0.0
2025-01-31,supplier,5,receipt_fill_rate,1.0
2025-01-31,supplier,5,receipt_event_flag,0.0
2025-01-31,material,101,stock,137.0
2025-01-31,material,101,days_of_cover,5.54
2025-01-31,material,101,open_po_flag,1.0
2025-01-31,material,101,reorder_triggered,0.0
2025-01-31,material,102,stock,100.0
2025-01-31,material,102,days_of_cover,13.33
2025-01-31,material,102,open_po_flag,1.0
2025-01-31,material,102,reorder_triggered,0.0
2025-01-31,material,103,stock,125.0
2025-01-31,material,103,days_of_cover,26.32
2025-01-31,material,103,open_po_flag,0.0
2025-01-31,material,103,reorder_triggered,0.0
2025-01-31,product,201,fg_stock,116.0
2025-01-31,product,201,planned_production,0.0
2025-01-31,product,201,actual_production,0.0
2025-01-31,product,201,production_shortfall,0.0
2025-01-31,product,201,demand_units,0.0
2025-01-31,product,201,due_backlog_units,0.0
2025-01-31,product,201,newly_backordered_units,0.0
2025-01-31,product,201,backorder_flag,0.0
2025-01-31,product,202,fg_stock,114.0
2025-01-31,product,202,planned_production,0.0
2025-01-31,product,202,actual_production,0.0
2025-01-31,product,202,production_shortfall,0.0
2025-01-31,product,202,demand_units,0.0
2025-01-31,product,202,due_backlog_units,0.0
2025-01-31,product,202,newly_backordered_units,0.0
2025-01-31,product,202,backorder_flag,0.0
2025-02-01,calendar,global,weekday,5.0
2025-02-01,calendar,global,month,2.0
2025-02-01,calendar,global,is_weekend,1.0
2025-02-01,supplier,1,po_delay_days,0.0
2025-02-01,supplier,1,receipt_fill_rate,1.0
2025-02-01,supplier,1,receipt_event_flag,0.0
2025-02-01,supplier,2,po_delay_days,0.0
2025-02-01,supplier,2,receipt_fill_rate,1.0
2025-02-01,supplier,2,receipt_event_flag,0.0
2025-02-01,supplier,3,po_delay_days,0.0
2025-02-01,supplier,3,receipt_fill_rate,1.0
2025-02-01,supplier,3,receipt_event_flag,0.0
2025-02-01,supplier,4,po_delay_days,0.0
2025-02-01,supplier,4,receipt_fill_rate,1.0
2025-02-01,supplier,4,receipt_event_flag,0.0
2025-02-01,supplier,5,po_delay_days,0.0
2025-02-01,supplier,5,receipt_fill_rate,1.0
2025-02-01,supplier,5,receipt_event_flag,0.0
2025-02-01,material,101,stock,137.0
2025-02-01,material,101,days_of_cover,5.54
2025-02-01,material,101,open_po_flag,1.0
2025-02-01,material,101,reorder_triggered,0.0
2025-02-01,material,102,stock,100.0
2025-02-01,material,102,days_of_cover,13.33
2025-02-01,material,102,open_po_flag,1.0
2025-02-01,material,102,reorder_triggered,0.0
2025-02-01,material,103,stock,125.0
2025-02-01,material,103,days_of_cover,26.32
2025-02-01,material,103,open_po_flag,0.0
2025-02-01,material,103,reorder_triggered,0.0
2025-02-01,product,201,fg_stock,116.0
2025-02-01,product,201,planned_production,0.0
2025-02-01,product,201,actual_production,0.0
2025-02-01,product,201,production_shortfall,0.0
2025-02-01,product,201,demand_units,0.0
2025-02-01,product,201,due_backlog_units,0.0
2025-02-01,product,201,newly_backordered_units,0.0
2025-02-01,product,201,backorder_flag,0.0
2025-02-01,product,202,fg_stock,114.0
2025-02-01,product,202,planned_production,0.0
2025-02-01,product,202,actual_production,0.0
2025-02-01,product,202,production_shortfall,0.0
2025-02-01,product,202,demand_units,0.0
2025-02-01,product,202,due_backlog_units,0.0
2025-02-01,product,202,newly_backordered_units,0.0
2025-02-01,product,202,backorder_flag,0.0
2025-02-02,calendar,global,weekday,6.0
2025-02-02,calendar,global,month,2.0
2025-02-02,calendar,global,is_weekend,1.0
2025-02-02,supplier,1,po_delay_days,0.0
2025-02-02,supplier,1,receipt_fill_rate,1.0
2025-02-02,supplier,1,receipt_event_flag,0.0
2025-02-02,supplier,2,po_delay_days,0.0
2025-02-02,supplier,2,receipt_fill_rate,1.0
2025-02-02,supplier,2,receipt_event_flag,0.0
2025-02-02,supplier,3,po_delay_days,0.0
2025-02-02,supplier,3,receipt_fill_rate,1.0
2025-02-02,supplier,3,receipt_event_flag,0.0
2025-02-02,supplier,4,po_delay_days,0.0
2025-02-02,supplier,4,receipt_fill_rate,1.0
2025-02-02,supplier,4,receipt_event_flag,0.0
2025-02-02,supplier,5,po_delay_days,0.0
2025-02-02,supplier,5,receipt_fill_rate,1.0
2025-02-02,supplier,5,receipt_event_flag,0.0
2025-02-02,material,101,stock,137.0
2025-02-02,material,101,days_of_cover,5.54
2025-02-02,material,101,open_po_flag,1.0
2025-02-02,material,101,reorder_triggered,0.0
2025-02-02,material,102,stock,100.0
2025-02-02,material,102,days_of_cover,13.33
2025-02-02,material,102,open_po_flag,1.0
2025-02-02,material,102,reorder_triggered,0.0
2025-02-02,material,103,stock,125.0
2025-02-02,material,103,days_of_cover,26.32
2025-02-02,material,103,open_po_flag,0.0
2025-02-02,material,103,reorder_triggered,0.0
2025-02-02,product,201,fg_stock,116.0
2025-02-02,product,201,planned_production,0.0
2025-02-02,product,201,actual_production,0.0
2025-02-02,product,201,production_shortfall,0.0
2025-02-02,product,201,demand_units,0.0
2025-02-02,product,201,due_backlog_units,0.0
2025-02-02,product,201,newly_backordered_units,0.0
2025-02-02,product,201,backorder_flag,0.0
2025-02-02,product,202,fg_stock,114.0
2025-02-02,product,202,planned_production,0.0
2025-02-02,product,202,actual_production,0.0
2025-02-02,product,202,production_shortfall,0.0
2025-02-02,product,202,demand_units,0.0
2025-02-02,product,202,due_backlog_units,0.0
2025-02-02,product,202,newly_backordered_units,0.0
2025-02-02,product,202,backorder_flag,0.0
2025-02-03,calendar,global,weekday,0.0
2025-02-03,calendar,global,month,2.0
2025-02-03,calendar,global,is_weekend,0.0
2025-02-03,supplier,1,po_delay_days,0.0
2025-02-03,supplier,1,receipt_fill_rate,1.0
2025-02-03,supplier,1,receipt_event_flag,0.0
2025-02-03,supplier,2,po_delay_days,0.0
2025-02-03,supplier,2,receipt_fill_rate,1.0
2025-02-03,supplier,2,receipt_event_flag,0.0
2025-02-03,supplier,3,po_delay_days,0.0
2025-02-03,supplier,3,receipt_fill_rate,1.0
2025-02-03,supplier,3,receipt_event_flag,0.0
2025-02-03,supplier,4,po_delay_days,0.0
2025-02-03,supplier,4,receipt_fill_rate,1.0
2025-02-03,supplier,4,receipt_event_flag,0.0
2025-02-03,supplier,5,po_delay_days,0.0
2025-02-03,supplier,5,receipt_fill_rate,1.0
2025-02-03,supplier,5,receipt_event_flag,0.0
2025-02-03,material,101,stock,50.0
2025-02-03,material,101,days_of_cover,1.77
2025-02-03,material,101,open_po_flag,1.0
2025-02-03,material,101,reorder_triggered,0.0
2025-02-03,material,102,stock,70.0
2025-02-03,material,102,days_of_cover,8.17
2025-02-03,material,102,open_po_flag,1.0
2025-02-03,material,102,reorder_triggered,0.0
2025-02-03,material,103,stock,111.0
2025-02-03,material,103,days_of_cover,20.45
2025-02-03,material,103,open_po_flag,0.0
2025-02-03,material,103,reorder_triggered,0.0
2025-02-03,product,201,fg_stock,146.0
2025-02-03,product,201,planned_production,30.0
2025-02-03,product,201,actual_production,30.0
2025-02-03,product,201,production_shortfall,0.0
2025-02-03,product,201,demand_units,0.0
2025-02-03,product,201,due_backlog_units,0.0
2025-02-03,product,201,newly_backordered_units,0.0
2025-02-03,product,201,backorder_flag,0.0
2025-02-03,product,202,fg_stock,107.0
2025-02-03,product,202,planned_production,20.0
2025-02-03,product,202,actual_production,10.0
2025-02-03,product,202,production_shortfall,10.0
2025-02-03,product,202,demand_units,0.0
2025-02-03,product,202,due_backlog_units,0.0
2025-02-03,product,202,newly_backordered_units,0.0
2025-02-03,product,202,backorder_flag,0.0
2025-02-04,calendar,global,weekday,1.0
2025-02-04,calendar,global,month,2.0
2025-02-04,calendar,global,is_weekend,0.0
2025-02-04,supplier,1,po_delay_days,0.0
2025-02-04,supplier,1,receipt_fill_rate,1.0
2025-02-04,supplier,1,receipt_event_flag,0.0
2025-02-04,supplier,2,po_delay_days,0.0
2025-02-04,supplier,2,receipt_fill_rate,1.0
2025-02-04,supplier,2,receipt_event_flag,0.0
2025-02-04,supplier,3,po_delay_days,0.0
2025-02-04,supplier,3,receipt_fill_rate,1.0
2025-02-04,supplier,3,receipt_event_flag,0.0
2025-02-04,supplier,4,po_delay_days,0.0
2025-02-04,supplier,4,receipt_fill_rate,1.0
2025-02-04,supplier,4,receipt_event_flag,0.0
2025-02-04,supplier,5,po_delay_days,0.0
2025-02-04,supplier,5,receipt_fill_rate,1.0
2025-02-04,supplier,5,receipt_event_flag,0.0
2025-02-04,material,101,stock,50.0
2025-02-04,material,101,days_of_cover,1.77
2025-02-04,material,101,open_po_flag,1.0
2025-02-04,material,101,reorder_triggered,0.0
2025-02-04,material,102,stock,70.0
2025-02-04,material,102,days_of_cover,8.17
2025-02-04,material,102,open_po_flag,1.0
2025-02-04,material,102,reorder_triggered,0.0
2025-02-04,material,103,stock,111.0
2025-02-04,material,103,days_of_cover,20.45
2025-02-04,material,103,open_po_flag,0.0
2025-02-04,material,103,reorder_triggered,0.0
2025-02-04,product,201,fg_stock,146.0
2025-02-04,product,201,planned_production,0.0
2025-02-04,product,201,actual_production,0.0
2025-02-04,product,201,production_shortfall,0.0
2025-02-04,product,201,demand_units,0.0
2025-02-04,product,201,due_backlog_units,0.0
2025-02-04,product,201,newly_backordered_units,0.0
2025-02-04,product,201,backorder_flag,0.0
2025-02-04,product,202,fg_stock,97.0
2025-02-04,product,202,planned_production,0.0
2025-02-04,product,202,actual_production,0.0
2025-02-04,product,202,production_shortfall,0.0
2025-02-04,product,202,demand_units,0.0
2025-02-04,product,202,due_backlog_units,0.0
2025-02-04,product,202,newly_backordered_units,0.0
2025-02-04,product,202,backorder_flag,0.0
2025-02-05,calendar,global,weekday,2.0
2025-02-05,calendar,global,month,2.0
2025-02-05,calendar,global,is_weekend,0.0
2025-02-05,supplier,1,po_delay_days,0.0
2025-02-05,supplier,1,receipt_fill_rate,1.0
2025-02-05,supplier,1,receipt_event_flag,0.0
2025-02-05,supplier,2,po_delay_days,0.0
2025-02-05,supplier,2,receipt_fill_rate,1.0
2025-02-05,supplier,2,receipt_event_flag,0.0
2025-02-05,supplier,3,po_delay_days,0.0
2025-02-05,supplier,3,receipt_fill_rate,1.0
2025-02-05,supplier,3,receipt_event_flag,0.0
2025-02-05,supplier,4,po_delay_days,0.0
2025-02-05,supplier,4,receipt_fill_rate,1.0
2025-02-05,supplier,4,receipt_event_flag,0.0
2025-02-05,supplier,5,po_delay_days,0.0
2025-02-05,supplier,5,receipt_fill_rate,1.0
2025-02-05,supplier,5,receipt_event_flag,0.0
2025-02-05,material,101,stock,50.0
2025-02-05,material,101,days_of_cover,2.02
2025-02-05,material,101,open_po_flag,1.0
2025-02-05,material,101,reorder_triggered,0.0
2025-02-05,material,102,stock,70.0
2025-02-05,material,102,days_of_cover,9.33
2025-02-05,material,102,open_po_flag,1.0
2025-02-05,material,102,reorder_triggered,0.0
2025-02-05,material,103,stock,111.0
2025-02-05,material,103,days_of_cover,23.37
2025-02-05,material,103,open_po_flag,0.0
2025-02-05,material,103,reorder_triggered,0.0
2025-02-05,product,201,fg_stock,146.0
2025-02-05,product,201,planned_production,0.0
2025-02-05,product,201,actual_production,0.0
2025-02-05,product,201,production_shortfall,0.0
2025-02-05,product,201,demand_units,0.0
2025-02-05,product,201,due_backlog_units,0.0
2025-02-05,product,201,newly_backordered_units,0.0
2025-02-05,product,201,backorder_flag,0.0
2025-02-05,product,202,fg_stock,97.0
2025-02-05,product,202,planned_production,0.0
2025-02-05,product,202,actual_production,0.0
2025-02-05,product,202,production_shortfall,0.0
2025-02-05,product,202,demand_units,0.0
2025-02-05,product,202,due_backlog_units,0.0
2025-02-05,product,202,newly_backordered_units,0.0
2025-02-05,product,202,backorder_flag,0.0
2025-02-06,calendar,global,weekday,3.0
2025-02-06,calendar,global,month,2.0
2025-02-06,calendar,global,is_weekend,0.0
2025-02-06,supplier,1,po_delay_days,0.0
2025-02-06,supplier,1,receipt_fill_rate,1.0
2025-02-06,supplier,1,receipt_event_flag,0.0
2025-02-06,supplier,2,po_delay_days,0.0
2025-02-06,supplier,2,receipt_fill_rate,1.0
2025-02-06,supplier,2,receipt_event_flag,0.0
2025-02-06,supplier,3,po_delay_days,0.0
2025-02-06,supplier,3,receipt_fill_rate,1.0
2025-02-06,supplier,3,receipt_event_flag,0.0
2025-02-06,supplier,4,po_delay_days,0.0
2025-02-06,supplier,4,receipt_fill_rate,1.0
2025-02-06,supplier,4,receipt_event_flag,0.0
2025-02-06,supplier,5,po_delay_days,0.0
2025-02-06,supplier,5,receipt_fill_rate,1.0
2025-02-06,supplier,5,receipt_event_flag,0.0
2025-02-06,material,101,stock,50.0
2025-02-06,material,101,days_of_cover,2.02
2025-02-06,material,101,open_po_flag,1.0
2025-02-06,material,101,reorder_triggered,0.0
2025-02-06,material,102,stock,70.0
2025-02-06,material,102,days_of_cover,9.33
2025-02-06,material,102,open_po_flag,1.0
2025-02-06,material,102,reorder_triggered,0.0
2025-02-06,material,103,stock,111.0
2025-02-06,material,103,days_of_cover,23.37
2025-02-06,material,103,open_po_flag,0.0
2025-02-06,material,103,reorder_triggered,0.0
2025-02-06,product,201,fg_stock,146.0
2025-02-06,product,201,planned_production,0.0
2025-02-06,product,201,actual_production,0.0
2025-02-06,product,201,production_shortfall,0.0
2025-02-06,product,201,demand_units,0.0
2025-02-06,product,201,due_backlog_units,0.0
2025-02-06,product,201,newly_backordered_units,0.0
2025-02-06,product,201,backorder_flag,0.0
2025-02-06,product,202,fg_stock,97.0
2025-02-06,product,202,planned_production,0.0
2025-02-06,product,202,actual_production,0.0
2025-02-06,product,202,production_shortfall,0.0
2025-02-06,product,202,demand_units,0.0
2025-02-06,product,202,due_backlog_units,0.0
2025-02-06,product,202,newly_backordered_units,0.0
2025-02-06,product,202,backorder_flag,0.0
2025-02-07,calendar,global,weekday,4.0
2025-02-07,calendar,global,month,2.0
2025-02-07,calendar,global,is_weekend,0.0
2025-02-07,supplier,1,po_delay_days,0.0
2025-02-07,supplier,1,receipt_fill_rate,1.0
2025-02-07,supplier,1,receipt_event_flag,0.0
2025-02-07,supplier,2,po_delay_days,0.0
2025-02-07,supplier,2,receipt_fill_rate,1.0
2025-02-07,supplier,2,receipt_event_flag,0.0
2025-02-07,supplier,3,po_delay_days,0.0
2025-02-07,supplier,3,receipt_fill_rate,1.0
2025-02-07,supplier,3,receipt_event_flag,0.0
2025-02-07,supplier,4,po_delay_days,0.0
2025-02-07,supplier,4,receipt_fill_rate,1.0
2025-02-07,supplier,4,receipt_event_flag,0.0
2025-02-07,supplier,5,po_delay_days,0.0
2025-02-07,supplier,5,receipt_fill_rate,1.0
2025-02-07,supplier,5,receipt_event_flag,0.0
2025-02-07,material,101,stock,50.0
2025-02-07,material,101,days_of_cover,2.02
2025-02-07,material,101,open_po_flag,1.0
2025-02-07,material,101,reorder_triggered,0.0
2025-02-07,material,102,stock,70.0
2025-02-07,material,102,days_of_cover,9.33
2025-02-07,material,102,open_po_flag,1.0
2025-02-07,material,102,reorder_triggered,0.0
2025-02-07,material,103,stock,111.0
2025-02-07,material,103,days_of_cover,23.37
2025-02-07,material,103,open_po_flag,0.0
2025-02-07,material,103,reorder_triggered,0.0
2025-02-07,product,201,fg_stock,146.0
2025-02-07,product,201,planned_production,0.0
2025-02-07,product,201,actual_production,0.0
2025-02-07,product,201,production_shortfall,0.0
2025-02-07,product,201,demand_units,0.0
2025-02-07,product,201,due_backlog_units,0.0
2025-02-07,product,201,newly_backordered_units,0.0
2025-02-07,product,201,backorder_flag,0.0
2025-02-07,product,202,fg_stock,97.0
2025-02-07,product,202,planned_production,0.0
2025-02-07,product,202,actual_production,0.0
2025-02-07,product,202,production_shortfall,0.0
2025-02-07,product,202,demand_units,0.0
2025-02-07,product,202,due_backlog_units,0.0
2025-02-07,product,202,newly_backordered_units,0.0
2025-02-07,product,202,backorder_flag,0.0
2025-02-08,calendar,global,weekday,5.0
2025-02-08,calendar,global,month,2.0
2025-02-08,calendar,global,is_weekend,1.0
2025-02-08,supplier,1,po_delay_days,0.0
2025-02-08,supplier,1,receipt_fill_rate,1.0
2025-02-08,supplier,1,receipt_event_flag,0.0
2025-02-08,supplier,2,po_delay_days,0.0
2025-02-08,supplier,2,receipt_fill_rate,1.0
2025-02-08,supplier,2,receipt_event_flag,0.0
2025-02-08,supplier,3,po_delay_days,0.0
2025-02-08,supplier,3,receipt_fill_rate,1.0
2025-02-08,supplier,3,receipt_event_flag,0.0
2025-02-08,supplier,4,po_delay_days,0.0
2025-02-08,supplier,4,receipt_fill_rate,1.0
2025-02-08,supplier,4,receipt_event_flag,0.0
2025-02-08,supplier,5,po_delay_days,0.0
2025-02-08,supplier,5,receipt_fill_rate,1.0
2025-02-08,supplier,5,receipt_event_flag,0.0
2025-02-08,material,101,stock,50.0
2025-02-08,material,101,days_of_cover,2.02
2025-02-08,material,101,open_po_flag,1.0
2025-02-08,material,101,reorder_triggered,0.0
2025-02-08,material,102,stock,70.0
2025-02-08,material,102,days_of_cover,9.33
2025-02-08,material,102,open_po_flag,1.0
2025-02-08,material,102,reorder_triggered,0.0
2025-02-08,material,103,stock,111.0
2025-02-08,material,103,days_of_cover,23.37
2025-02-08,material,103,open_po_flag,0.0
2025-02-08,material,103,reorder_triggered,0.0
2025-02-08,product,201,fg_stock,146.0
2025-02-08,product,201,planned_production,0.0
2025-02-08,product,201,actual_production,0.0
2025-02-08,product,201,production_shortfall,0.0
2025-02-08,product,201,demand_units,0.0
2025-02-08,product,201,due_backlog_units,0.0
2025-02-08,product,201,newly_backordered_units,0.0
2025-02-08,product,201,backorder_flag,0.0
2025-02-08,product,202,fg_stock,97.0
2025-02-08,product,202,planned_production,0.0
2025-02-08,product,202,actual_production,0.0
2025-02-08,product,202,production_shortfall,0.0
2025-02-08,product,202,demand_units,0.0
2025-02-08,product,202,due_backlog_units,0.0
2025-02-08,product,202,newly_backordered_units,0.0
2025-02-08,product,202,backorder_flag,0.0
2025-02-09,calendar,global,weekday,6.0
2025-02-09,calendar,global,month,2.0
2025-02-09,calendar,global,is_weekend,1.0
2025-02-09,supplier,1,po_delay_days,0.0
2025-02-09,supplier,1,receipt_fill_rate,1.0
2025-02-09,supplier,1,receipt_event_flag,0.0
2025-02-09,supplier,2,po_delay_days,0.0
2025-02-09,supplier,2,receipt_fill_rate,1.0
2025-02-09,supplier,2,receipt_event_flag,0.0
2025-02-09,supplier,3,po_delay_days,0.0
2025-02-09,supplier,3,receipt_fill_rate,1.0
2025-02-09,supplier,3,receipt_event_flag,0.0
2025-02-09,supplier,4,po_delay_days,1.0
2025-02-09,supplier,4,receipt_fill_rate,1.0
2025-02-09,supplier,4,receipt_event_flag,0.0
2025-02-09,supplier,5,po_delay_days,0.0
2025-02-09,supplier,5,receipt_fill_rate,1.0
2025-02-09,supplier,5,receipt_event_flag,0.0
2025-02-09,material,101,stock,50.0
2025-02-09,material,101,days_of_cover,2.02
2025-02-09,material,101,open_po_flag,1.0
2025-02-09,material,101,reorder_triggered,0.0
2025-02-09,material,102,stock,70.0
2025-02-09,material,102,days_of_cover,9.33
2025-02-09,material,102,open_po_flag,1.0
2025-02-09,material,102,reorder_triggered,0.0
2025-02-09,material,103,stock,111.0
2025-02-09,material,103,days_of_cover,23.37
2025-02-09,material,103,open_po_flag,0.0
2025-02-09,material,103,reorder_triggered,0.0
2025-02-09,product,201,fg_stock,146.0
2025-02-09,product,201,planned_production,0.0
2025-02-09,product,201,actual_production,0.0
2025-02-09,product,201,production_shortfall,0.0
2025-02-09,product,201,demand_units,0.0
2025-02-09,product,201,due_backlog_units,0.0
2025-02-09,product,201,newly_backordered_units,0.0
2025-02-09,product,201,backorder_flag,0.0
2025-02-09,product,202,fg_stock,97.0
2025-02-09,product,202,planned_production,0.0
2025-02-09,product,202,actual_production,0.0
2025-02-09,product,202,production_shortfall,0.0
2025-02-09,product,202,demand_units,0.0
2025-02-09,product,202,due_backlog_units,0.0
2025-02-09,product,202,newly_backordered_units,0.0
2025-02-09,product,202,backorder_flag,0.0
2025-02-10,calendar,global,weekday,0.0
2025-02-10,calendar,global,month,2.0
2025-02-10,calendar,global,is_weekend,0.0
2025-02-10,supplier,1,po_delay_days,0.0
2025-02-10,supplier,1,receipt_fill_rate,1.0
2025-02-10,supplier,1,receipt_event_flag,0.0
2025-02-10,supplier,2,po_delay_days,0.0
2025-02-10,supplier,2,receipt_fill_rate,1.0
2025-02-10,supplier,2,receipt_event_flag,0.0
2025-02-10,supplier,3,po_delay_days,0.0
2025-02-10,supplier,3,receipt_fill_rate,1.0
2025-02-10,supplier,3,receipt_event_flag,0.0
2025-02-10,supplier,4,po_delay_days,2.0
2025-02-10,supplier,4,receipt_fill_rate,1.0
2025-02-10,supplier,4,receipt_event_flag,0.0
2025-02-10,supplier,5,po_delay_days,0.0
2025-02-10,supplier,5,receipt_fill_rate,1.0
2025-02-10,supplier,5,receipt_event_flag,0.0
2025-02-10,material,101,stock,0.0
2025-02-10,material,101,days_of_cover,0.0
2025-02-10,material,101,open_po_flag,1.0
2025-02-10,material,101,reorder_triggered,0.0
2025-02-10,material,102,stock,50.0
2025-02-10,material,102,days_of_cover,5.83
2025-02-10,material,102,open_po_flag,1.0
2025-02-10,material,102,reorder_triggered,0.0
2025-02-10,material,103,stock,105.0
2025-02-10,material,103,days_of_cover,19.34
2025-02-10,material,103,open_po_flag,0.0
2025-02-10,material,103,reorder_triggered,0.0
2025-02-10,product,201,fg_stock,166.0
2025-02-10,product,201,planned_production,30.0
2025-02-10,product,201,actual_production,20.0
2025-02-10,product,201,production_shortfall,10.0
2025-02-10,product,201,demand_units,0.0
2025-02-10,product,201,due_backlog_units,0.0
2025-02-10,product,201,newly_backordered_units,0.0
2025-02-10,product,201,backorder_flag,0.0
2025-02-10,product,202,fg_stock,97.0
2025-02-10,product,202,planned_production,20.0
2025-02-10,product,202,actual_production,0.0
2025-02-10,product,202,production_shortfall,20.0
2025-02-10,product,202,demand_units,9.0
2025-02-10,product,202,due_backlog_units,0.0
2025-02-10,product,202,newly_backordered_units,0.0
2025-02-10,product,202,backorder_flag,0.0
2025-02-11,calendar,global,weekday,1.0
2025-02-11,calendar,global,month,2.0
2025-02-11,calendar,global,is_weekend,0.0
2025-02-11,supplier,1,po_delay_days,0.0
2025-02-11,supplier,1,receipt_fill_rate,1.0
2025-02-11,supplier,1,receipt_event_flag,0.0
2025-02-11,supplier,2,po_delay_days,0.0
2025-02-11,supplier,2,receipt_fill_rate,1.0
2025-02-11,supplier,2,receipt_event_flag,0.0
2025-02-11,supplier,3,po_delay_days,0.0
2025-02-11,supplier,3,receipt_fill_rate,1.0
2025-02-11,supplier,3,receipt_event_flag,0.0
2025-02-11,supplier,4,po_delay_days,3.0
2025-02-11,supplier,4,receipt_fill_rate,1.0
2025-02-11,supplier,4,receipt_event_flag,0.0
2025-02-11,supplier,5,po_delay_days,0.0
2025-02-11,supplier,5,receipt_fill_rate,1.0
2025-02-11,supplier,5,receipt_event_flag,0.0
2025-02-11,material,101,stock,0.0
2025-02-11,material,101,days_of_cover,0.0
2025-02-11,material,101,open_po_flag,1.0
2025-02-11,material,101,reorder_triggered,0.0
2025-02-11,material,102,stock,50.0
2025-02-11,material,102,days_of_cover,5.19
2025-02-11,material,102,open_po_flag,1.0
2025-02-11,material,102,reorder_triggered,0.0
2025-02-11,material,103,stock,105.0
2025-02-11,material,103,days_of_cover,17.19
2025-02-11,material,103,open_po_flag,0.0
2025-02-11,material,103,reorder_triggered,0.0
2025-02-11,product,201,fg_stock,166.0
2025-02-11,product,201,planned_production,30.0
2025-02-11,product,201,actual_production,0.0
2025-02-11,product,201,production_shortfall,30.0
2025-02-11,product,201,demand_units,13.0
2025-02-11,product,201,due_backlog_units,0.0
2025-02-11,product,201,newly_backordered_units,0.0
2025-02-11,product,201,backorder_flag,0.0
2025-02-11,product,202,fg_stock,97.0
2025-02-11,product,202,planned_production,20.0
2025-02-11,product,202,actual_production,0.0
2025-02-11,product,202,production_shortfall,20.0
2025-02-11,product,202,demand_units,26.0
2025-02-11,product,202,due_backlog_units,0.0
2025-02-11,product,202,newly_backordered_units,0.0
2025-02-11,product,202,backorder_flag,0.0
2025-02-12,calendar,global,weekday,2.0
2025-02-12,calendar,global,month,2.0
2025-02-12,calendar,global,is_weekend,0.0
2025-02-12,supplier,1,po_delay_days,0.0
2025-02-12,supplier,1,receipt_fill_rate,1.0
2025-02-12,supplier,1,receipt_event_flag,0.0
2025-02-12,supplier,2,po_delay_days,0.0
2025-02-12,supplier,2,receipt_fill_rate,1.0
2025-02-12,supplier,2,receipt_event_flag,0.0
2025-02-12,supplier,3,po_delay_days,0.0
2025-02-12,supplier,3,receipt_fill_rate,1.0
2025-02-12,supplier,3,receipt_event_flag,1.0
2025-02-12,supplier,4,po_delay_days,4.0
2025-02-12,supplier,4,receipt_fill_rate,1.0
2025-02-12,supplier,4,receipt_event_flag,0.0
2025-02-12,supplier,5,po_delay_days,0.0
2025-02-12,supplier,5,receipt_fill_rate,1.0
2025-02-12,supplier,5,receipt_event_flag,0.0
2025-02-12,material,101,stock,0.0
2025-02-12,material,101,days_of_cover,0.0
2025-02-12,material,101,open_po_flag,1.0
2025-02-12,material,101,reorder_triggered,0.0
2025-02-12,material,102,stock,312.0
2025-02-12,material,102,days_of_cover,36.4
2025-02-12,material,102,open_po_flag,0.0
2025-02-12,material,102,reorder_triggered,0.0
2025-02-12,material,103,stock,105.0
2025-02-12,material,103,days_of_cover,19.34
2025-02-12,material,103,open_po_flag,0.0
2025-02-12,material,103,reorder_triggered,0.0
2025-02-12,product,201,fg_stock,166.0
2025-02-12,product,201,planned_production,0.0
2025-02-12,product,201,actual_production,0.0
2025-02-12,product,201,production_shortfall,0.0
2025-02-12,product,201,demand_units,15.0
2025-02-12,product,201,due_backlog_units,0.0
2025-02-12,product,201,newly_backordered_units,0.0
2025-02-12,product,201,backorder_flag,0.0
2025-02-12,product,202,fg_stock,97.0
2025-02-12,product,202,planned_production,0.0
2025-02-12,product,202,actual_production,0.0
2025-02-12,product,202,production_shortfall,0.0
2025-02-12,product,202,demand_units,12.0
2025-02-12,product,202,due_backlog_units,0.0
2025-02-12,product,202,newly_backordered_units,0.0
2025-02-12,product,202,backorder_flag,0.0
2025-02-13,calendar,global,weekday,3.0
2025-02-13,calendar,global,month,2.0
2025-02-13,calendar,global,is_weekend,0.0
2025-02-13,supplier,1,po_delay_days,0.0
2025-02-13,supplier,1,receipt_fill_rate,1.0
2025-02-13,supplier,1,receipt_event_flag,0.0
2025-02-13,supplier,2,po_delay_days,0.0
2025-02-13,supplier,2,receipt_fill_rate,1.0
2025-02-13,supplier,2,receipt_event_flag,0.0
2025-02-13,supplier,3,po_delay_days,0.0
2025-02-13,supplier,3,receipt_fill_rate,1.0
2025-02-13,supplier,3,receipt_event_flag,0.0
2025-02-13,supplier,4,po_delay_days,5.0
2025-02-13,supplier,4,receipt_fill_rate,1.0
2025-02-13,supplier,4,receipt_event_flag,0.0
2025-02-13,supplier,5,po_delay_days,0.0
2025-02-13,supplier,5,receipt_fill_rate,1.0
2025-02-13,supplier,5,receipt_event_flag,0.0
2025-02-13,material,101,stock,0.0
2025-02-13,material,101,days_of_cover,0.0
2025-02-13,material,101,open_po_flag,1.0
2025-02-13,material,101,reorder_triggered,0.0
2025-02-13,material,102,stock,312.0
2025-02-13,material,102,days_of_cover,41.6
2025-02-13,material,102,open_po_flag,0.0
2025-02-13,material,102,reorder_triggered,0.0
2025-02-13,material,103,stock,105.0
2025-02-13,material,103,days_of_cover,22.11
2025-02-13,material,103,open_po_flag,0.0
2025-02-13,material,103,reorder_triggered,0.0
2025-02-13,product,201,fg_stock,166.0
2025-02-13,product,201,planned_production,0.0
2025-02-13,product,201,actual_production,0.0
2025-02-13,product,201,production_shortfall,0.0
2025-02-13,product,201,demand_units,0.0
2025-02-13,product,201,due_backlog_units,0.0
2025-02-13,product,201,newly_backordered_units,0.0
2025-02-13,product,201,backorder_flag,0.0
2025-02-13,product,202,fg_stock,97.0
2025-02-13,product,202,planned_production,0.0
2025-02-13,product,202,actual_production,0.0
2025-02-13,product,202,production_shortfall,0.0
2025-02-13,product,202,demand_units,0.0
2025-02-13,product,202,due_backlog_units,0.0
2025-02-13,product,202,newly_backordered_units,0.0
2025-02-13,product,202,backorder_flag,0.0
2025-02-14,calendar,global,weekday,4.0
2025-02-14,calendar,global,month,2.0
2025-02-14,calendar,global,is_weekend,0.0
2025-02-14,supplier,1,po_delay_days,0.0
2025-02-14,supplier,1,receipt_fill_rate,1.0
2025-02-14,supplier,1,receipt_event_flag,0.0
2025-02-14,supplier,2,po_delay_days,0.0
2025-02-14,supplier,2,receipt_fill_rate,1.0
2025-02-14,supplier,2,receipt_event_flag,0.0
2025-02-14,supplier,3,po_delay_days,0.0
2025-02-14,supplier,3,receipt_fill_rate,1.0
2025-02-14,supplier,3,receipt_event_flag,0.0
2025-02-14,supplier,4,po_delay_days,6.0
2025-02-14,supplier,4,receipt_fill_rate,0.7143
2025-02-14,supplier,4,receipt_event_flag,1.0
2025-02-14,supplier,5,po_delay_days,0.0
2025-02-14,supplier,5,receipt_fill_rate,1.0
2025-02-14,supplier,5,receipt_event_flag,0.0
2025-02-14,material,101,stock,225.0
2025-02-14,material,101,days_of_cover,10.61
2025-02-14,material,101,open_po_flag,1.0
2025-02-14,material,101,reorder_triggered,0.0
2025-02-14,material,102,stock,312.0
2025-02-14,material,102,days_of_cover,48.53
2025-02-14,material,102,open_po_flag,0.0
2025-02-14,material,102,reorder_triggered,0.0
2025-02-14,material,103,stock,105.0
2025-02-14,material,103,days_of_cover,25.79
2025-02-14,material,103,open_po_flag,0.0
2025-02-14,material,103,reorder_triggered,0.0
2025-02-14,product,201,fg_stock,166.0
2025-02-14,product,201,planned_production,0.0
2025-02-14,product,201,actual_production,0.0
2025-02-14,product,201,production_shortfall,0.0
2025-02-14,product,201,demand_units,0.0
2025-02-14,product,201,due_backlog_units,0.0
2025-02-14,product,201,newly_backordered_units,0.0
2025-02-14,product,201,backorder_flag,0.0
2025-02-14,product,202,fg_stock,97.0
2025-02-14,product,202,planned_production,0.0
2025-02-14,product,202,actual_production,0.0
2025-02-14,product,202,production_shortfall,0.0
2025-02-14,product,202,demand_units,0.0
2025-02-14,product,202,due_backlog_units,0.0
2025-02-14,product,202,newly_backordered_units,0.0
2025-02-14,product,202,backorder_flag,0.0
2025-02-15,calendar,global,weekday,5.0
2025-02-15,calendar,global,month,2.0
2025-02-15,calendar,global,is_weekend,1.0
2025-02-15,supplier,1,po_delay_days,0.0
2025-02-15,supplier,1,receipt_fill_rate,1.0
2025-02-15,supplier,1,receipt_event_flag,0.0
2025-02-15,supplier,2,po_delay_days,0.0
2025-02-15,supplier,2,receipt_fill_rate,1.0
2025-02-15,supplier,2,receipt_event_flag,0.0
2025-02-15,supplier,3,po_delay_days,0.0
2025-02-15,supplier,3,receipt_fill_rate,1.0
2025-02-15,supplier,3,receipt_event_flag,0.0
2025-02-15,supplier,4,po_delay_days,7.0
2025-02-15,supplier,4,receipt_fill_rate,1.0
2025-02-15,supplier,4,receipt_event_flag,0.0
2025-02-15,supplier,5,po_delay_days,0.0
2025-02-15,supplier,5,receipt_fill_rate,1.0
2025-02-15,supplier,5,receipt_event_flag,0.0
2025-02-15,material,101,stock,225.0
2025-02-15,material,101,days_of_cover,10.61
2025-02-15,material,101,open_po_flag,1.0
2025-02-15,material,101,reorder_triggered,0.0
2025-02-15,material,102,stock,312.0
2025-02-15,material,102,days_of_cover,48.53
2025-02-15,material,102,open_po_flag,0.0
2025-02-15,material,102,reorder_triggered,0.0
2025-02-15,material,103,stock,105.0
2025-02-15,material,103,days_of_cover,25.79
2025-02-15,material,103,open_po_flag,0.0
2025-02-15,material,103,reorder_triggered,0.0
2025-02-15,product,201,fg_stock,151.0
2025-02-15,product,201,planned_production,0.0
2025-02-15,product,201,actual_production,0.0
2025-02-15,product,201,production_shortfall,0.0
2025-02-15,product,201,demand_units,0.0
2025-02-15,product,201,due_backlog_units,0.0
2025-02-15,product,201,newly_backordered_units,0.0
2025-02-15,product,201,backorder_flag,0.0
2025-02-15,product,202,fg_stock,97.0
2025-02-15,product,202,planned_production,0.0
2025-02-15,product,202,actual_production,0.0
2025-02-15,product,202,production_shortfall,0.0
2025-02-15,product,202,demand_units,0.0
2025-02-15,product,202,due_backlog_units,0.0
2025-02-15,product,202,newly_backordered_units,0.0
2025-02-15,product,202,backorder_flag,0.0
2025-02-16,calendar,global,weekday,6.0
2025-02-16,calendar,global,month,2.0
2025-02-16,calendar,global,is_weekend,1.0
2025-02-16,supplier,1,po_delay_days,0.0
2025-02-16,supplier,1,receipt_fill_rate,1.0
2025-02-16,supplier,1,receipt_event_flag,0.0
2025-02-16,supplier,2,po_delay_days,0.0
2025-02-16,supplier,2,receipt_fill_rate,1.0
2025-02-16,supplier,2,receipt_event_flag,0.0
2025-02-16,supplier,3,po_delay_days,0.0
2025-02-16,supplier,3,receipt_fill_rate,1.0
2025-02-16,supplier,3,receipt_event_flag,0.0
2025-02-16,supplier,4,po_delay_days,8.0
2025-02-16,supplier,4,receipt_fill_rate,1.0
2025-02-16,supplier,4,receipt_event_flag,1.0
2025-02-16,supplier,5,po_delay_days,0.0
2025-02-16,supplier,5,receipt_fill_rate,1.0
2025-02-16,supplier,5,receipt_event_flag,0.0
2025-02-16,material,101,stock,315.0
2025-02-16,material,101,days_of_cover,14.85
2025-02-16,material,101,open_po_flag,0.0
2025-02-16,material,101,reorder_triggered,0.0
2025-02-16,material,102,stock,312.0
2025-02-16,material,102,days_of_cover,48.53
2025-02-16,material,102,open_po_flag,0.0
2025-02-16,material,102,reorder_triggered,0.0
2025-02-16,material,103,stock,105.0
2025-02-16,material,103,days_of_cover,25.79
2025-02-16,material,103,open_po_flag,0.0
2025-02-16,material,103,reorder_triggered,0.0
2025-02-16,product,201,fg_stock,151.0
2025-02-16,product,201,planned_production,0.0
2025-02-16,product,201,actual_production,0.0
2025-02-16,product,201,production_shortfall,0.0
2025-02-16,product,201,demand_units,0.0
2025-02-16,product,201,due_backlog_units,0.0
2025-02-16,product,201,newly_backordered_units,0.0
2025-02-16,product,201,backorder_flag,0.0
2025-02-16,product,202,fg_stock,83.0
2025-02-16,product,202,planned_production,0.0
2025-02-16,product,202,actual_production,0.0
2025-02-16,product,202,production_shortfall,0.0
2025-02-16,product,202,demand_units,0.0
2025-02-16,product,202,due_backlog_units,0.0
2025-02-16,product,202,newly_backordered_units,0.0
2025-02-16,product,202,backorder_flag,0.0
2025-02-17,calendar,global,weekday,0.0
2025-02-17,calendar,global,month,2.0
2025-02-17,calendar,global,is_weekend,0.0
2025-02-17,supplier,1,po_delay_days,0.0
2025-02-17,supplier,1,receipt_fill_rate,1.0
2025-02-17,supplier,1,receipt_event_flag,0.0
2025-02-17,supplier,2,po_delay_days,0.0
2025-02-17,supplier,2,receipt_fill_rate,1.0
2025-02-17,supplier,2,receipt_event_flag,0.0
2025-02-17,supplier,3,po_delay_days,0.0
2025-02-17,supplier,3,receipt_fill_rate,1.0
2025-02-17,supplier,3,receipt_event_flag,0.0
2025-02-17,supplier,4,po_delay_days,0.0
2025-02-17,supplier,4,receipt_fill_rate,1.0
2025-02-17,supplier,4,receipt_event_flag,0.0
2025-02-17,supplier,5,po_delay_days,0.0
2025-02-17,supplier,5,receipt_fill_rate,1.0
2025-02-17,supplier,5,receipt_event_flag,0.0
2025-02-17,material,101,stock,315.0
2025-02-17,material,101,days_of_cover,14.85
2025-02-17,material,101,open_po_flag,0.0
2025-02-17,material,101,reorder_triggered,0.0
2025-02-17,material,102,stock,312.0
2025-02-17,material,102,days_of_cover,48.53
2025-02-17,material,102,open_po_flag,0.0
2025-02-17,material,102,reorder_triggered,0.0
2025-02-17,material,103,stock,105.0
2025-02-17,material,103,days_of_cover,25.79
2025-02-17,material,103,open_po_flag,0.0
2025-02-17,material,103,reorder_triggered,0.0
2025-02-17,product,201,fg_stock,138.0
2025-02-17,product,201,planned_production,0.0
2025-02-17,product,201,actual_production,0.0
2025-02-17,product,201,production_shortfall,0.0
2025-02-17,product,201,demand_units,0.0
2025-02-17,product,201,due_backlog_units,0.0
2025-02-17,product,201,newly_backordered_units,0.0
2025-02-17,product,201,backorder_flag,0.0
2025-02-17,product,202,fg_stock,83.0
2025-02-17,product,202,planned_production,0.0
2025-02-17,product,202,actual_production,0.0
2025-02-17,product,202,production_shortfall,0.0
2025-02-17,product,202,demand_units,0.0
2025-02-17,product,202,due_backlog_units,0.0
2025-02-17,product,202,newly_backordered_units,0.0
2025-02-17,product,202,backorder_flag,0.0
2025-02-18,calendar,global,weekday,1.0
2025-02-18,calendar,global,month,2.0
2025-02-18,calendar,global,is_weekend,0.0
2025-02-18,supplier,1,po_delay_days,0.0
2025-02-18,supplier,1,receipt_fill_rate,1.0
2025-02-18,supplier,1,receipt_event_flag,0.0
2025-02-18,supplier,2,po_delay_days,0.0
2025-02-18,supplier,2,receipt_fill_rate,1.0
2025-02-18,supplier,2,receipt_event_flag,0.0
2025-02-18,supplier,3,po_delay_days,0.0
2025-02-18,supplier,3,receipt_fill_rate,1.0
2025-02-18,supplier,3,receipt_event_flag,0.0
2025-02-18,supplier,4,po_delay_days,0.0
2025-02-18,supplier,4,receipt_fill_rate,1.0
2025-02-18,supplier,4,receipt_event_flag,0.0
2025-02-18,supplier,5,po_delay_days,0.0
2025-02-18,supplier,5,receipt_fill_rate,1.0
2025-02-18,supplier,5,receipt_event_flag,0.0
2025-02-18,material,101,stock,228.0
2025-02-18,material,101,days_of_cover,9.21
2025-02-18,material,101,open_po_flag,0.0
2025-02-18,material,101,reorder_triggered,0.0
2025-02-18,material,102,stock,282.0
2025-02-18,material,102,days_of_cover,37.6
2025-02-18,material,102,open_po_flag,0.0
2025-02-18,material,102,reorder_triggered,0.0
2025-02-18,material,103,stock,91.0
2025-02-18,material,103,days_of_cover,19.16
2025-02-18,material,103,open_po_flag,0.0
2025-02-18,material,103,reorder_triggered,0.0
2025-02-18,product,201,fg_stock,168.0
2025-02-18,product,201,planned_production,30.0
2025-02-18,product,201,actual_production,30.0
2025-02-18,product,201,production_shortfall,0.0
2025-02-18,product,201,demand_units,23.0
2025-02-18,product,201,due_backlog_units,0.0
2025-02-18,product,201,newly_backordered_units,0.0
2025-02-18,product,201,backorder_flag,0.0
2025-02-18,product,202,fg_stock,93.0
2025-02-18,product,202,planned_production,20.0
2025-02-18,product,202,actual_production,10.0
2025-02-18,product,202,production_shortfall,10.0
2025-02-18,product,202,demand_units,11.0
2025-02-18,product,202,due_backlog_units,0.0
2025-02-18,product,202,newly_backordered_units,0.0
2025-02-18,product,202,backorder_flag,0.0
2025-02-19,calendar,global,weekday,2.0
2025-02-19,calendar,global,month,2.0
2025-02-19,calendar,global,is_weekend,0.0
2025-02-19,supplier,1,po_delay_days,0.0
2025-02-19,supplier,1,receipt_fill_rate,1.0
2025-02-19,supplier,1,receipt_event_flag,0.0
2025-02-19,supplier,2,po_delay_days,0.0
2025-02-19,supplier,2,receipt_fill_rate,1.0
2025-02-19,supplier,2,receipt_event_flag,0.0
2025-02-19,supplier,3,po_delay_days,0.0
2025-02-19,supplier,3,receipt_fill_rate,1.0
2025-02-19,supplier,3,receipt_event_flag,0.0
2025-02-19,supplier,4,po_delay_days,0.0
2025-02-19,supplier,4,receipt_fill_rate,1.0
2025-02-19,supplier,4,receipt_event_flag,0.0
2025-02-19,supplier,5,po_delay_days,0.0
2025-02-19,supplier,5,receipt_fill_rate,1.0
2025-02-19,supplier,5,receipt_event_flag,0.0
2025-02-19,material,101,stock,129.0
2025-02-19,material,101,days_of_cover,5.21
2025-02-19,material,101,open_po_flag,1.0
2025-02-19,material,101,reorder_triggered,1.0
2025-02-19,material,102,stock,252.0
2025-02-19,material,102,days_of_cover,33.6
2025-02-19,material,102,open_po_flag,0.0
2025-02-19,material,102,reorder_triggered,0.0
2025-02-19,material,103,stock,72.0
2025-02-19,material,103,days_of_cover,15.16
2025-02-19,material,103,open_po_flag,1.0
2025-02-19,material,103,reorder_triggered,1.0
2025-02-19,product,201,fg_stock,198.0
2025-02-19,product,201,planned_production,30.0
2025-02-19,product,201,actual_production,30.0
2025-02-19,product,201,production_shortfall,0.0
2025-02-19,product,201,demand_units,0.0
2025-02-19,product,201,due_backlog_units,0.0
2025-02-19,product,201,newly_backordered_units,0.0
2025-02-19,product,201,backorder_flag,0.0
2025-02-19,product,202,fg_stock,108.0
2025-02-19,product,202,planned_production,20.0
2025-02-19,product,202,actual_production,20.0
2025-02-19,product,202,production_shortfall,0.0
2025-02-19,product,202,demand_units,0.0
2025-02-19,product,202,due_backlog_units,0.0
2025-02-19,product,202,newly_backordered_units,0.0
2025-02-19,product,202,backorder_flag,0.0
2025-02-20,calendar,global,weekday,3.0
2025-02-20,calendar,global,month,2.0
2025-02-20,calendar,global,is_weekend,0.0
2025-02-20,supplier,1,po_delay_days,0.0
2025-02-20,supplier,1,receipt_fill_rate,1.0
2025-02-20,supplier,1,receipt_event_flag,0.0
2025-02-20,supplier,2,po_delay_days,0.0
2025-02-20,supplier,2,receipt_fill_rate,1.0
2025-02-20,supplier,2,receipt_event_flag,0.0
2025-02-20,supplier,3,po_delay_days,0.0
2025-02-20,supplier,3,receipt_fill_rate,1.0
2025-02-20,supplier,3,receipt_event_flag,0.0
2025-02-20,supplier,4,po_delay_days,0.0
2025-02-20,supplier,4,receipt_fill_rate,1.0
2025-02-20,supplier,4,receipt_event_flag,0.0
2025-02-20,supplier,5,po_delay_days,0.0
2025-02-20,supplier,5,receipt_fill_rate,1.0
2025-02-20,supplier,5,receipt_event_flag,0.0
2025-02-20,material,101,stock,129.0
2025-02-20,material,101,days_of_cover,5.21
2025-02-20,material,101,open_po_flag,1.0
2025-02-20,material,101,reorder_triggered,0.0
2025-02-20,material,102,stock,252.0
2025-02-20,material,102,days_of_cover,33.6
2025-02-20,material,102,open_po_flag,0.0
2025-02-20,material,102,reorder_triggered,0.0
2025-02-20,material,103,stock,72.0
2025-02-20,material,103,days_of_cover,15.16
2025-02-20,material,103,open_po_flag,1.0
2025-02-20,material,103,reorder_triggered,0.0
2025-02-20,product,201,fg_stock,198.0
2025-02-20,product,201,planned_production,0.0
2025-02-20,product,201,actual_production,0.0
2025-02-20,product,201,production_shortfall,0.0
2025-02-20,product,201,demand_units,21.0
2025-02-20,product,201,due_backlog_units,0.0
2025-02-20,product,201,newly_backordered_units,0.0
2025-02-20,product,201,backorder_flag,0.0
2025-02-20,product,202,fg_stock,99.0
2025-02-20,product,202,planned_production,0.0
2025-02-20,product,202,actual_production,0.0
2025-02-20,product,202,production_shortfall,0.0
2025-02-20,product,202,demand_units,0.0
2025-02-20,product,202,due_backlog_units,0.0
2025-02-20,product,202,newly_backordered_units,0.0
2025-02-20,product,202,backorder_flag,0.0
2025-02-21,calendar,global,weekday,4.0
2025-02-21,calendar,global,month,2.0
2025-02-21,calendar,global,is_weekend,0.0
2025-02-21,supplier,1,po_delay_days,0.0
2025-02-21,supplier,1,receipt_fill_rate,1.0
2025-02-21,supplier,1,receipt_event_flag,0.0
2025-02-21,supplier,2,po_delay_days,0.0
2025-02-21,supplier,2,receipt_fill_rate,1.0
2025-02-21,supplier,2,receipt_event_flag,0.0
2025-02-21,supplier,3,po_delay_days,0.0
2025-02-21,supplier,3,receipt_fill_rate,1.0
2025-02-21,supplier,3,receipt_event_flag,0.0
2025-02-21,supplier,4,po_delay_days,0.0
2025-02-21,supplier,4,receipt_fill_rate,1.0
2025-02-21,supplier,4,receipt_event_flag,0.0
2025-02-21,supplier,5,po_delay_days,0.0
2025-02-21,supplier,5,receipt_fill_rate,1.0
2025-02-21,supplier,5,receipt_event_flag,0.0
2025-02-21,material,101,stock,30.0
2025-02-21,material,101,days_of_cover,1.21
2025-02-21,material,101,open_po_flag,1.0
2025-02-21,material,101,reorder_triggered,0.0
2025-02-21,material,102,stock,222.0
2025-02-21,material,102,days_of_cover,29.6
2025-02-21,material,102,open_po_flag,0.0
2025-02-21,material,102,reorder_triggered,0.0
2025-02-21,material,103,stock,53.0
2025-02-21,material,103,days_of_cover,11.16
2025-02-21,material,103,open_po_flag,1.0
2025-02-21,material,103,reorder_triggered,0.0
2025-02-21,product,201,fg_stock,220.0
2025-02-21,product,201,planned_production,30.0
2025-02-21,product,201,actual_production,30.0
2025-02-21,product,201,production_shortfall,0.0
2025-02-21,product,201,demand_units,0.0
2025-02-21,product,201,due_backlog_units,0.0
2025-02-21,product,201,newly_backordered_units,0.0
2025-02-21,product,201,backorder_flag,0.0
2025-02-21,product,202,fg_stock,107.0
2025-02-21,product,202,planned_production,20.0
2025-02-21,product,202,actual_production,20.0
2025-02-21,product,202,production_shortfall,0.0
2025-02-21,product,202,demand_units,15.0
2025-02-21,product,202,due_backlog_units,0.0
2025-02-21,product,202,newly_backordered_units,0.0
2025-02-21,product,202,backorder_flag,0.0
2025-02-22,calendar,global,weekday,5.0
2025-02-22,calendar,global,month,2.0
2025-02-22,calendar,global,is_weekend,1.0
2025-02-22,supplier,1,po_delay_days,0.0
2025-02-22,supplier,1,receipt_fill_rate,1.0
2025-02-22,supplier,1,receipt_event_flag,0.0
2025-02-22,supplier,2,po_delay_days,0.0
2025-02-22,supplier,2,receipt_fill_rate,1.0
2025-02-22,supplier,2,receipt_event_flag,0.0
2025-02-22,supplier,3,po_delay_days,0.0
2025-02-22,supplier,3,receipt_fill_rate,1.0
2025-02-22,supplier,3,receipt_event_flag,0.0
2025-02-22,supplier,4,po_delay_days,0.0
2025-02-22,supplier,4,receipt_fill_rate,1.0
2025-02-22,supplier,4,receipt_event_flag,0.0
2025-02-22,supplier,5,po_delay_days,0.0
2025-02-22,supplier,5,receipt_fill_rate,1.0
2025-02-22,supplier,5,receipt_event_flag,0.0
2025-02-22,material,101,stock,30.0
2025-02-22,material,101,days_of_cover,1.21
2025-02-22,material,101,open_po_flag,1.0
2025-02-22,material,101,reorder_triggered,0.0
2025-02-22,material,102,stock,222.0
2025-02-22,material,102,days_of_cover,29.6
2025-02-22,material,102,open_po_flag,0.0
2025-02-22,material,102,reorder_triggered,0.0
2025-02-22,material,103,stock,53.0
2025-02-22,material,103,days_of_cover,11.16
2025-02-22,material,103,open_po_flag,1.0
2025-02-22,material,103,reorder_triggered,0.0
2025-02-22,product,201,fg_stock,220.0
2025-02-22,product,201,planned_production,0.0
2025-02-22,product,201,actual_production,0.0
2025-02-22,product,201,production_shortfall,0.0
2025-02-22,product,201,demand_units,0.0
2025-02-22,product,201,due_backlog_units,0.0
2025-02-22,product,201,newly_backordered_units,0.0
2025-02-22,product,201,backorder_flag,0.0
2025-02-22,product,202,fg_stock,89.0
2025-02-22,product,202,planned_production,0.0
2025-02-22,product,202,actual_production,0.0
2025-02-22,product,202,production_shortfall,0.0
2025-02-22,product,202,demand_units,0.0
2025-02-22,product,202,due_backlog_units,0.0
2025-02-22,product,202,newly_backordered_units,0.0
2025-02-22,product,202,backorder_flag,0.0
2025-02-23,calendar,global,weekday,6.0
2025-02-23,calendar,global,month,2.0
2025-02-23,calendar,global,is_weekend,1.0
2025-02-23,supplier,1,po_delay_days,0.0
2025-02-23,supplier,1,receipt_fill_rate,1.0
2025-02-23,supplier,1,receipt_event_flag,0.0
2025-02-23,supplier,2,po_delay_days,0.0
2025-02-23,supplier,2,receipt_fill_rate,1.0
2025-02-23,supplier,2,receipt_event_flag,0.0
2025-02-23,supplier,3,po_delay_days,0.0
2025-02-23,supplier,3,receipt_fill_rate,1.0
2025-02-23,supplier,3,receipt_event_flag,0.0
2025-02-23,supplier,4,po_delay_days,0.0
2025-02-23,supplier,4,receipt_fill_rate,1.0
2025-02-23,supplier,4,receipt_event_flag,0.0
2025-02-23,supplier,5,po_delay_days,0.0
2025-02-23,supplier,5,receipt_fill_rate,1.0
2025-02-23,supplier,5,receipt_event_flag,0.0
2025-02-23,material,101,stock,30.0
2025-02-23,material,101,days_of_cover,1.21
2025-02-23,material,101,open_po_flag,1.0
2025-02-23,material,101,reorder_triggered,0.0
2025-02-23,material,102,stock,222.0
2025-02-23,material,102,days_of_cover,29.6
2025-02-23,material,102,open_po_flag,0.0
2025-02-23,material,102,reorder_triggered,0.0
2025-02-23,material,103,stock,53.0
2025-02-23,material,103,days_of_cover,11.16
2025-02-23,material,103,open_po_flag,1.0
2025-02-23,material,103,reorder_triggered,0.0
2025-02-23,product,201,fg_stock,220.0
2025-02-23,product,201,planned_production,0.0
2025-02-23,product,201,actual_production,0.0
2025-02-23,product,201,production_shortfall,0.0
2025-02-23,product,201,demand_units,0.0
2025-02-23,product,201,due_backlog_units,0.0
2025-02-23,product,201,newly_backordered_units,0.0
2025-02-23,product,201,backorder_flag,0.0
2025-02-23,product,202,fg_stock,89.0
2025-02-23,product,202,planned_production,0.0
2025-02-23,product,202,actual_production,0.0
2025-02-23,product,202,production_shortfall,0.0
2025-02-23,product,202,demand_units,0.0
2025-02-23,product,202,due_backlog_units,0.0
2025-02-23,product,202,newly_backordered_units,0.0
2025-02-23,product,202,backorder_flag,0.0
2025-02-24,calendar,global,weekday,0.0
2025-02-24,calendar,global,month,2.0
2025-02-24,calendar,global,is_weekend,0.0
2025-02-24,supplier,1,po_delay_days,0.0
2025-02-24,supplier,1,receipt_fill_rate,1.0
2025-02-24,supplier,1,receipt_event_flag,0.0
2025-02-24,supplier,2,po_delay_days,0.0
2025-02-24,supplier,2,receipt_fill_rate,1.0
2025-02-24,supplier,2,receipt_event_flag,0.0
2025-02-24,supplier,3,po_delay_days,0.0
2025-02-24,supplier,3,receipt_fill_rate,1.0
2025-02-24,supplier,3,receipt_event_flag,0.0
2025-02-24,supplier,4,po_delay_days,0.0
2025-02-24,supplier,4,receipt_fill_rate,1.0
2025-02-24,supplier,4,receipt_event_flag,0.0
2025-02-24,supplier,5,po_delay_days,0.0
2025-02-24,supplier,5,receipt_fill_rate,1.0
2025-02-24,supplier,5,receipt_event_flag,0.0
2025-02-24,material,101,stock,30.0
2025-02-24,material,101,days_of_cover,1.21
2025-02-24,material,101,open_po_flag,1.0
2025-02-24,material,101,reorder_triggered,0.0
2025-02-24,material,102,stock,222.0
2025-02-24,material,102,days_of_cover,29.6
2025-02-24,material,102,open_po_flag,0.0
2025-02-24,material,102,reorder_triggered,0.0
2025-02-24,material,103,stock,53.0
2025-02-24,material,103,days_of_cover,11.16
2025-02-24,material,103,open_po_flag,1.0
2025-02-24,material,103,reorder_triggered,0.0
2025-02-24,product,201,fg_stock,220.0
2025-02-24,product,201,planned_production,0.0
2025-02-24,product,201,actual_production,0.0
2025-02-24,product,201,production_shortfall,0.0
2025-02-24,product,201,demand_units,18.0
2025-02-24,product,201,due_backlog_units,0.0
2025-02-24,product,201,newly_backordered_units,0.0
2025-02-24,product,201,backorder_flag,0.0
2025-02-24,product,202,fg_stock,89.0
2025-02-24,product,202,planned_production,0.0
2025-02-24,product,202,actual_production,0.0
2025-02-24,product,202,production_shortfall,0.0
2025-02-24,product,202,demand_units,0.0
2025-02-24,product,202,due_backlog_units,0.0
2025-02-24,product,202,newly_backordered_units,0.0
2025-02-24,product,202,backorder_flag,0.0
2025-02-25,calendar,global,weekday,1.0
2025-02-25,calendar,global,month,2.0
2025-02-25,calendar,global,is_weekend,0.0
2025-02-25,supplier,1,po_delay_days,0.0
2025-02-25,supplier,1,receipt_fill_rate,1.0
2025-02-25,supplier,1,receipt_event_flag,0.0
2025-02-25,supplier,2,po_delay_days,0.0
2025-02-25,supplier,2,receipt_fill_rate,1.0
2025-02-25,supplier,2,receipt_event_flag,0.0
2025-02-25,supplier,3,po_delay_days,0.0
2025-02-25,supplier,3,receipt_fill_rate,1.0
2025-02-25,supplier,3,receipt_event_flag,0.0
2025-02-25,supplier,4,po_delay_days,0.0
2025-02-25,supplier,4,receipt_fill_rate,1.0
2025-02-25,supplier,4,receipt_event_flag,0.0
2025-02-25,supplier,5,po_delay_days,0.0
2025-02-25,supplier,5,receipt_fill_rate,1.0
2025-02-25,supplier,5,receipt_event_flag,0.0
2025-02-25,material,101,stock,30.0
2025-02-25,material,101,days_of_cover,1.21
2025-02-25,material,101,open_po_flag,1.0
2025-02-25,material,101,reorder_triggered,0.0
2025-02-25,material,102,stock,222.0
2025-02-25,material,102,days_of_cover,29.6
2025-02-25,material,102,open_po_flag,0.0
2025-02-25,material,102,reorder_triggered,0.0
2025-02-25,material,103,stock,53.0
2025-02-25,material,103,days_of_cover,11.16
2025-02-25,material,103,open_po_flag,1.0
2025-02-25,material,103,reorder_triggered,0.0
2025-02-25,product,201,fg_stock,220.0
2025-02-25,product,201,planned_production,0.0
2025-02-25,product,201,actual_production,0.0
2025-02-25,product,201,production_shortfall,0.0
2025-02-25,product,201,demand_units,0.0
2025-02-25,product,201,due_backlog_units,0.0
2025-02-25,product,201,newly_backordered_units,0.0
2025-02-25,product,201,backorder_flag,0.0
2025-02-25,product,202,fg_stock,89.0
2025-02-25,product,202,planned_production,0.0
2025-02-25,product,202,actual_production,0.0
2025-02-25,product,202,production_shortfall,0.0
2025-02-25,product,202,demand_units,0.0
2025-02-25,product,202,due_backlog_units,0.0
2025-02-25,product,202,newly_backordered_units,0.0
2025-02-25,product,202,backorder_flag,0.0
2025-02-26,calendar,global,weekday,2.0
2025-02-26,calendar,global,month,2.0
2025-02-26,calendar,global,is_weekend,0.0
2025-02-26,supplier,1,po_delay_days,0.0
2025-02-26,supplier,1,receipt_fill_rate,1.0
2025-02-26,supplier,1,receipt_event_flag,0.0
2025-02-26,supplier,2,po_delay_days,0.0
2025-02-26,supplier,2,receipt_fill_rate,1.0
2025-02-26,supplier,2,receipt_event_flag,0.0
2025-02-26,supplier,3,po_delay_days,0.0
2025-02-26,supplier,3,receipt_fill_rate,1.0
2025-02-26,supplier,3,receipt_event_flag,0.0
2025-02-26,supplier,4,po_delay_days,0.0
2025-02-26,supplier,4,receipt_fill_rate,1.0
2025-02-26,supplier,4,receipt_event_flag,0.0
2025-02-26,supplier,5,po_delay_days,0.0
2025-02-26,supplier,5,receipt_fill_rate,1.0
2025-02-26,supplier,5,receipt_event_flag,0.0
2025-02-26,material,101,stock,30.0
2025-02-26,material,101,days_of_cover,1.21
2025-02-26,material,101,open_po_flag,1.0
2025-02-26,material,101,reorder_triggered,0.0
2025-02-26,material,102,stock,222.0
2025-02-26,material,102,days_of_cover,29.6
2025-02-26,material,102,open_po_flag,0.0
2025-02-26,material,102,reorder_triggered,0.0
2025-02-26,material,103,stock,53.0
2025-02-26,material,103,days_of_cover,11.16
2025-02-26,material,103,open_po_flag,1.0
2025-02-26,material,103,reorder_triggered,0.0
2025-02-26,product,201,fg_stock,205.0
2025-02-26,product,201,planned_production,0.0
2025-02-26,product,201,actual_production,0.0
2025-02-26,product,201,production_shortfall,0.0
2025-02-26,product,201,demand_units,19.0
2025-02-26,product,201,due_backlog_units,0.0
2025-02-26,product,201,newly_backordered_units,0.0
2025-02-26,product,201,backorder_flag,0.0
2025-02-26,product,202,fg_stock,83.0
2025-02-26,product,202,planned_production,0.0
2025-02-26,product,202,actual_production,0.0
2025-02-26,product,202,production_shortfall,0.0
2025-02-26,product,202,demand_units,0.0
2025-02-26,product,202,due_backlog_units,0.0
2025-02-26,product,202,newly_backordered_units,0.0
2025-02-26,product,202,backorder_flag,0.0
2025-02-27,calendar,global,weekday,3.0
2025-02-27,calendar,global,month,2.0
2025-02-27,calendar,global,is_weekend,0.0
2025-02-27,supplier,1,po_delay_days,0.0
2025-02-27,supplier,1,receipt_fill_rate,1.0
2025-02-27,supplier,1,receipt_event_flag,0.0
2025-02-27,supplier,2,po_delay_days,0.0
2025-02-27,supplier,2,receipt_fill_rate,1.0
2025-02-27,supplier,2,receipt_event_flag,0.0
2025-02-27,supplier,3,po_delay_days,0.0
2025-02-27,supplier,3,receipt_fill_rate,1.0
2025-02-27,supplier,3,receipt_event_flag,0.0
2025-02-27,supplier,4,po_delay_days,0.0
2025-02-27,supplier,4,receipt_fill_rate,1.0
2025-02-27,supplier,4,receipt_event_flag,0.0
2025-02-27,supplier,5,po_delay_days,0.0
2025-02-27,supplier,5,receipt_fill_rate,1.0
2025-02-27,supplier,5,receipt_event_flag,0.0
2025-02-27,material,101,stock,30.0
2025-02-27,material,101,days_of_cover,1.41
2025-02-27,material,101,open_po_flag,1.0
2025-02-27,material,101,reorder_triggered,0.0
2025-02-27,material,102,stock,222.0
2025-02-27,material,102,days_of_cover,34.53
2025-02-27,material,102,open_po_flag,0.0
2025-02-27,material,102,reorder_triggered,0.0
2025-02-27,material,103,stock,53.0
2025-02-27,material,103,days_of_cover,13.02
2025-02-27,material,103,open_po_flag,1.0
2025-02-27,material,103,reorder_triggered,0.0
2025-02-27,product,201,fg_stock,185.0
2025-02-27,product,201,planned_production,0.0
2025-02-27,product,201,actual_production,0.0
2025-02-27,product,201,production_shortfall,0.0
2025-02-27,product,201,demand_units,0.0
2025-02-27,product,201,due_backlog_units,0.0
2025-02-27,product,201,newly_backordered_units,0.0
2025-02-27,product,201,backorder_flag,0.0
2025-02-27,product,202,fg_stock,83.0
2025-02-27,product,202,planned_production,0.0
2025-02-27,product,202,actual_production,0.0
2025-02-27,product,202,production_shortfall,0.0
2025-02-27,product,202,demand_units,0.0
2025-02-27,product,202,due_backlog_units,0.0
2025-02-27,product,202,newly_backordered_units,0.0
2025-02-27,product,202,backorder_flag,0.0
2025-02-28,calendar,global,weekday,4.0
2025-02-28,calendar,global,month,2.0
2025-02-28,calendar,global,is_weekend,0.0
2025-02-28,supplier,1,po_delay_days,0.0
2025-02-28,supplier,1,receipt_fill_rate,1.0
2025-02-28,supplier,1,receipt_event_flag,0.0
2025-02-28,supplier,2,po_delay_days,0.0
2025-02-28,supplier,2,receipt_fill_rate,1.0
2025-02-28,supplier,2,receipt_event_flag,0.0
2025-02-28,supplier,3,po_delay_days,0.0
2025-02-28,supplier,3,receipt_fill_rate,1.0
2025-02-28,supplier,3,receipt_event_flag,0.0
2025-02-28,supplier,4,po_delay_days,0.0
2025-02-28,supplier,4,receipt_fill_rate,1.0
2025-02-28,supplier,4,receipt_event_flag,1.0
2025-02-28,supplier,5,po_delay_days,0.0
2025-02-28,supplier,5,receipt_fill_rate,1.0
2025-02-28,supplier,5,receipt_event_flag,0.0
2025-02-28,material,101,stock,427.0
2025-02-28,material,101,days_of_cover,20.13
2025-02-28,material,101,open_po_flag,0.0
2025-02-28,material,101,reorder_triggered,0.0
2025-02-28,material,102,stock,222.0
2025-02-28,material,102,days_of_cover,34.53
2025-02-28,material,102,open_po_flag,0.0
2025-02-28,material,102,reorder_triggered,0.0
2025-02-28,material,103,stock,53.0
2025-02-28,material,103,days_of_cover,13.02
2025-02-28,material,103,open_po_flag,1.0
2025-02-28,material,103,reorder_triggered,0.0
2025-02-28,product,201,fg_stock,177.0
2025-02-28,product,201,planned_production,0.0
2025-02-28,product,201,actual_production,0.0
2025-02-28,product,201,production_shortfall,0.0
2025-02-28,product,201,demand_units,0.0
2025-02-28,product,201,due_backlog_units,0.0
2025-02-28,product,201,newly_backordered_units,0.0
2025-02-28,product,201,backorder_flag,0.0
2025-02-28,product,202,fg_stock,83.0
2025-02-28,product,202,planned_production,0.0
2025-02-28,product,202,actual_production,0.0
2025-02-28,product,202,production_shortfall,0.0
2025-02-28,product,202,demand_units,0.0
2025-02-28,product,202,due_backlog_units,0.0
2025-02-28,product,202,newly_backordered_units,0.0
2025-02-28,product,202,backorder_flag,0.0
2025-03-01,calendar,global,weekday,5.0
2025-03-01,calendar,global,month,3.0
2025-03-01,calendar,global,is_weekend,1.0
2025-03-01,supplier,1,po_delay_days,0.0
2025-03-01,supplier,1,receipt_fill_rate,1.0
2025-03-01,supplier,1,receipt_event_flag,0.0
2025-03-01,supplier,2,po_delay_days,0.0
2025-03-01,supplier,2,receipt_fill_rate,1.0
2025-03-01,supplier,2,receipt_event_flag,0.0
2025-03-01,supplier,3,po_delay_days,0.0
2025-03-01,supplier,3,receipt_fill_rate,1.0
2025-03-01,supplier,3,receipt_event_flag,0.0
2025-03-01,supplier,4,po_delay_days,0.0
2025-03-01,supplier,4,receipt_fill_rate,1.0
2025-03-01,supplier,4,receipt_event_flag,0.0
2025-03-01,supplier,5,po_delay_days,0.0
2025-03-01,supplier,5,receipt_fill_rate,1.0
2025-03-01,supplier,5,receipt_event_flag,0.0
2025-03-01,material,101,stock,427.0
2025-03-01,material,101,days_of_cover,20.13
2025-03-01,material,101,open_po_flag,0.0
2025-03-01,material,101,reorder_triggered,0.0
2025-03-01,material,102,stock,222.0
2025-03-01,material,102,days_of_cover,34.53
2025-03-01,material,102,open_po_flag,0.0
2025-03-01,material,102,reorder_triggered,0.0
2025-03-01,material,103,stock,53.0
2025-03-01,material,103,days_of_cover,13.02
2025-03-01,material,103,open_po_flag,1.0
2025-03-01,material,103,reorder_triggered,0.0
2025-03-01,product,201,fg_stock,169.0
2025-03-01,product,201,planned_production,0.0
2025-03-01,product,201,actual_production,0.0
2025-03-01,product,201,production_shortfall,0.0
2025-03-01,product,201,demand_units,0.0
2025-03-01,product,201,due_backlog_units,0.0
2025-03-01,product,201,newly_backordered_units,0.0
2025-03-01,product,201,backorder_flag,0.0
2025-03-01,product,202,fg_stock,83.0
2025-03-01,product,202,planned_production,0.0
2025-03-01,product,202,actual_production,0.0
2025-03-01,product,202,production_shortfall,0.0
2025-03-01,product,202,demand_units,0.0
2025-03-01,product,202,due_backlog_units,0.0
2025-03-01,product,202,newly_backordered_units,0.0
2025-03-01,product,202,backorder_flag,0.0
2025-03-02,calendar,global,weekday,6.0
2025-03-02,calendar,global,month,3.0
2025-03-02,calendar,global,is_weekend,1.0
2025-03-02,supplier,1,po_delay_days,0.0
2025-03-02,supplier,1,receipt_fill_rate,1.0
2025-03-02,supplier,1,receipt_event_flag,0.0
2025-03-02,supplier,2,po_delay_days,0.0
2025-03-02,supplier,2,receipt_fill_rate,1.0
2025-03-02,supplier,2,receipt_event_flag,0.0
2025-03-02,supplier,3,po_delay_days,0.0
2025-03-02,supplier,3,receipt_fill_rate,1.0
2025-03-02,supplier,3,receipt_event_flag,0.0
2025-03-02,supplier,4,po_delay_days,0.0
2025-03-02,supplier,4,receipt_fill_rate,1.0
2025-03-02,supplier,4,receipt_event_flag,0.0
2025-03-02,supplier,5,po_delay_days,0.0
2025-03-02,supplier,5,receipt_fill_rate,1.0
2025-03-02,supplier,5,receipt_event_flag,0.0
2025-03-02,material,101,stock,427.0
2025-03-02,material,101,days_of_cover,20.13
2025-03-02,material,101,open_po_flag,0.0
2025-03-02,material,101,reorder_triggered,0.0
2025-03-02,material,102,stock,222.0
2025-03-02,material,102,days_of_cover,34.53
2025-03-02,material,102,open_po_flag,0.0
2025-03-02,material,102,reorder_triggered,0.0
2025-03-02,material,103,stock,53.0
2025-03-02,material,103,days_of_cover,13.02
2025-03-02,material,103,open_po_flag,1.0
2025-03-02,material,103,reorder_triggered,0.0
2025-03-02,product,201,fg_stock,158.0
2025-03-02,product,201,planned_production,0.0
2025-03-02,product,201,actual_production,0.0
2025-03-02,product,201,production_shortfall,0.0
2025-03-02,product,201,demand_units,0.0
2025-03-02,product,201,due_backlog_units,0.0
2025-03-02,product,201,newly_backordered_units,0.0
2025-03-02,product,201,backorder_flag,0.0
2025-03-02,product,202,fg_stock,74.0
2025-03-02,product,202,planned_production,0.0
2025-03-02,product,202,actual_production,0.0
2025-03-02,product,202,production_shortfall,0.0
2025-03-02,product,202,demand_units,0.0
2025-03-02,product,202,due_backlog_units,0.0
2025-03-02,product,202,newly_backordered_units,0.0
2025-03-02,product,202,backorder_flag,0.0
2025-03-03,calendar,global,weekday,0.0
2025-03-03,calendar,global,month,3.0
2025-03-03,calendar,global,is_weekend,0.0
2025-03-03,supplier,1,po_delay_days,0.0
2025-03-03,supplier,1,receipt_fill_rate,1.0
2025-03-03,supplier,1,receipt_event_flag,0.0
2025-03-03,supplier,2,po_delay_days,0.0
2025-03-03,supplier,2,receipt_fill_rate,1.0
2025-03-03,supplier,2,receipt_event_flag,0.0
2025-03-03,supplier,3,po_delay_days,0.0
2025-03-03,supplier,3,receipt_fill_rate,1.0
2025-03-03,supplier,3,receipt_event_flag,0.0
2025-03-03,supplier,4,po_delay_days,0.0
2025-03-03,supplier,4,receipt_fill_rate,1.0
2025-03-03,supplier,4,receipt_event_flag,0.0
2025-03-03,supplier,5,po_delay_days,0.0
2025-03-03,supplier,5,receipt_fill_rate,1.0
2025-03-03,supplier,5,receipt_event_flag,0.0
2025-03-03,material,101,stock,427.0
2025-03-03,material,101,days_of_cover,24.15
2025-03-03,material,101,open_po_flag,0.0
2025-03-03,material,101,reorder_triggered,0.0
2025-03-03,material,102,stock,222.0
2025-03-03,material,102,days_of_cover,41.44
2025-03-03,material,102,open_po_flag,0.0
2025-03-03,material,102,reorder_triggered,0.0
2025-03-03,material,103,stock,53.0
2025-03-03,material,103,days_of_cover,15.62
2025-03-03,material,103,open_po_flag,1.0
2025-03-03,material,103,reorder_triggered,0.0
2025-03-03,product,201,fg_stock,158.0
2025-03-03,product,201,planned_production,0.0
2025-03-03,product,201,actual_production,0.0
2025-03-03,product,201,production_shortfall,0.0
2025-03-03,product,201,demand_units,0.0
2025-03-03,product,201,due_backlog_units,0.0
2025-03-03,product,201,newly_backordered_units,0.0
2025-03-03,product,201,backorder_flag,0.0
2025-03-03,product,202,fg_stock,74.0
2025-03-03,product,202,planned_production,0.0
2025-03-03,product,202,actual_production,0.0
2025-03-03,product,202,production_shortfall,0.0
2025-03-03,product,202,demand_units,0.0
2025-03-03,product,202,due_backlog_units,0.0
2025-03-03,product,202,newly_backordered_units,0.0
2025-03-03,product,202,backorder_flag,0.0
2025-03-04,calendar,global,weekday,1.0
2025-03-04,calendar,global,month,3.0
2025-03-04,calendar,global,is_weekend,0.0
2025-03-04,supplier,1,po_delay_days,0.0
2025-03-04,supplier,1,receipt_fill_rate,1.0
2025-03-04,supplier,1,receipt_event_flag,0.0
2025-03-04,supplier,2,po_delay_days,0.0
2025-03-04,supplier,2,receipt_fill_rate,1.0
2025-03-04,supplier,2,receipt_event_flag,0.0
2025-03-04,supplier,3,po_delay_days,0.0
2025-03-04,supplier,3,receipt_fill_rate,1.0
2025-03-04,supplier,3,receipt_event_flag,0.0
2025-03-04,supplier,4,po_delay_days,0.0
2025-03-04,supplier,4,receipt_fill_rate,1.0
2025-03-04,supplier,4,receipt_event_flag,0.0
2025-03-04,supplier,5,po_delay_days,1.0
2025-03-04,supplier,5,receipt_fill_rate,1.0
2025-03-04,supplier,5,receipt_event_flag,0.0
2025-03-04,material,101,stock,427.0
2025-03-04,material,101,days_of_cover,24.15
2025-03-04,material,101,open_po_flag,0.0
2025-03-04,material,101,reorder_triggered,0.0
2025-03-04,material,102,stock,222.0
2025-03-04,material,102,days_of_cover,41.44
2025-03-04,material,102,open_po_flag,0.0
2025-03-04,material,102,reorder_triggered,0.0
2025-03-04,material,103,stock,53.0
2025-03-04,material,103,days_of_cover,15.62
2025-03-04,material,103,open_po_flag,1.0
2025-03-04,material,103,reorder_triggered,0.0
2025-03-04,product,201,fg_stock,158.0
2025-03-04,product,201,planned_production,0.0
2025-03-04,product,201,actual_production,0.0
2025-03-04,product,201,production_shortfall,0.0
2025-03-04,product,201,demand_units,0.0
2025-03-04,product,201,due_backlog_units,0.0
2025-03-04,product,201,newly_backordered_units,0.0
2025-03-04,product,201,backorder_flag,0.0
2025-03-04,product,202,fg_stock,74.0
2025-03-04,product,202,planned_production,0.0
2025-03-04,product,202,actual_production,0.0
2025-03-04,product,202,production_shortfall,0.0
2025-03-04,product,202,demand_units,23.0
2025-03-04,product,202,due_backlog_units,0.0
2025-03-04,product,202,newly_backordered_units,0.0
2025-03-04,product,202,backorder_flag,0.0
2025-03-05,calendar,global,weekday,2.0
2025-03-05,calendar,global,month,3.0
2025-03-05,calendar,global,is_weekend,0.0
2025-03-05,supplier,1,po_delay_days,0.0
2025-03-05,supplier,1,receipt_fill_rate,1.0
2025-03-05,supplier,1,receipt_event_flag,0.0
2025-03-05,supplier,2,po_delay_days,0.0
2025-03-05,supplier,2,receipt_fill_rate,1.0
2025-03-05,supplier,2,receipt_event_flag,0.0
2025-03-05,supplier,3,po_delay_days,0.0
2025-03-05,supplier,3,receipt_fill_rate,1.0
2025-03-05,supplier,3,receipt_event_flag,0.0
2025-03-05,supplier,4,po_delay_days,0.0
2025-03-05,supplier,4,receipt_fill_rate,1.0
2025-03-05,supplier,4,receipt_event_flag,0.0
2025-03-05,supplier,5,po_delay_days,2.0
2025-03-05,supplier,5,receipt_fill_rate,1.0
2025-03-05,supplier,5,receipt_event_flag,0.0
2025-03-05,material,101,stock,328.0
2025-03-05,material,101,days_of_cover,15.46
2025-03-05,material,101,open_po_flag,0.0
2025-03-05,material,101,reorder_triggered,0.0
2025-03-05,material,102,stock,192.0
2025-03-05,material,102,days_of_cover,29.87
2025-03-05,material,102,open_po_flag,0.0
2025-03-05,material,102,reorder_triggered,0.0
2025-03-05,material,103,stock,34.0
2025-03-05,material,103,days_of_cover,8.35
2025-03-05,material,103,open_po_flag,1.0
2025-03-05,material,103,reorder_triggered,0.0
2025-03-05,product,201,fg_stock,177.0
2025-03-05,product,201,planned_production,30.0
2025-03-05,product,201,actual_production,30.0
2025-03-05,product,201,production_shortfall,0.0
2025-03-05,product,201,demand_units,0.0
2025-03-05,product,201,due_backlog_units,0.0
2025-03-05,product,201,newly_backordered_units,0.0
2025-03-05,product,201,backorder_flag,0.0
2025-03-05,product,202,fg_stock,94.0
2025-03-05,product,202,planned_production,20.0
2025-03-05,product,202,actual_production,20.0
2025-03-05,product,202,production_shortfall,0.0
2025-03-05,product,202,demand_units,0.0
2025-03-05,product,202,due_backlog_units,0.0
2025-03-05,product,202,newly_backordered_units,0.0
2025-03-05,product,202,backorder_flag,0.0
2025-03-06,calendar,global,weekday,3.0
2025-03-06,calendar,global,month,3.0
2025-03-06,calendar,global,is_weekend,0.0
2025-03-06,supplier,1,po_delay_days,0.0
2025-03-06,supplier,1,receipt_fill_rate,1.0
2025-03-06,supplier,1,receipt_event_flag,0.0
2025-03-06,supplier,2,po_delay_days,0.0
2025-03-06,supplier,2,receipt_fill_rate,1.0
2025-03-06,supplier,2,receipt_event_flag,0.0
2025-03-06,supplier,3,po_delay_days,0.0
2025-03-06,supplier,3,receipt_fill_rate,1.0
2025-03-06,supplier,3,receipt_event_flag,0.0
2025-03-06,supplier,4,po_delay_days,0.0
2025-03-06,supplier,4,receipt_fill_rate,1.0
2025-03-06,supplier,4,receipt_event_flag,0.0
2025-03-06,supplier,5,po_delay_days,3.0
2025-03-06,supplier,5,receipt_fill_rate,1.0
2025-03-06,supplier,5,receipt_event_flag,0.0
2025-03-06,material,101,stock,328.0
2025-03-06,material,101,days_of_cover,15.46
2025-03-06,material,101,open_po_flag,0.0
2025-03-06,material,101,reorder_triggered,0.0
2025-03-06,material,102,stock,192.0
2025-03-06,material,102,days_of_cover,29.87
2025-03-06,material,102,open_po_flag,0.0
2025-03-06,material,102,reorder_triggered,0.0
2025-03-06,material,103,stock,34.0
2025-03-06,material,103,days_of_cover,8.35
2025-03-06,material,103,open_po_flag,1.0
2025-03-06,material,103,reorder_triggered,0.0
2025-03-06,product,201,fg_stock,177.0
2025-03-06,product,201,planned_production,0.0
2025-03-06,product,201,actual_production,0.0
2025-03-06,product,201,production_shortfall,0.0
2025-03-06,product,201,demand_units,0.0
2025-03-06,product,201,due_backlog_units,0.0
2025-03-06,product,201,newly_backordered_units,0.0
2025-03-06,product,201,backorder_flag,0.0
2025-03-06,product,202,fg_stock,94.0
2025-03-06,product,202,planned_production,0.0
2025-03-06,product,202,actual_production,0.0
2025-03-06,product,202,production_shortfall,0.0
2025-03-06,product,202,demand_units,0.0
2025-03-06,product,202,due_backlog_units,0.0
2025-03-06,product,202,newly_backordered_units,0.0
2025-03-06,product,202,backorder_flag,0.0
2025-03-07,calendar,global,weekday,4.0
2025-03-07,calendar,global,month,3.0
2025-03-07,calendar,global,is_weekend,0.0
2025-03-07,supplier,1,po_delay_days,0.0
2025-03-07,supplier,1,receipt_fill_rate,1.0
2025-03-07,supplier,1,receipt_event_flag,0.0
2025-03-07,supplier,2,po_delay_days,0.0
2025-03-07,supplier,2,receipt_fill_rate,1.0
2025-03-07,supplier,2,receipt_event_flag,0.0
2025-03-07,supplier,3,po_delay_days,0.0
2025-03-07,supplier,3,receipt_fill_rate,1.0
2025-03-07,supplier,3,receipt_event_flag,0.0
2025-03-07,supplier,4,po_delay_days,0.0
2025-03-07,supplier,4,receipt_fill_rate,1.0
2025-03-07,supplier,4,receipt_event_flag,0.0
2025-03-07,supplier,5,po_delay_days,4.0
2025-03-07,supplier,5,receipt_fill_rate,1.0
2025-03-07,supplier,5,receipt_event_flag,0.0
2025-03-07,material,101,stock,229.0
2025-03-07,material,101,days_of_cover,9.25
2025-03-07,material,101,open_po_flag,0.0
2025-03-07,material,101,reorder_triggered,0.0
2025-03-07,material,102,stock,162.0
2025-03-07,material,102,days_of_cover,21.6
2025-03-07,material,102,open_po_flag,0.0
2025-03-07,material,102,reorder_triggered,0.0
2025-03-07,material,103,stock,15.0
2025-03-07,material,103,days_of_cover,3.16
2025-03-07,material,103,open_po_flag,1.0
2025-03-07,material,103,reorder_triggered,0.0
2025-03-07,product,201,fg_stock,207.0
2025-03-07,product,201,planned_production,30.0
2025-03-07,product,201,actual_production,30.0
2025-03-07,product,201,production_shortfall,0.0
2025-03-07,product,201,demand_units,0.0
2025-03-07,product,201,due_backlog_units,0.0
2025-03-07,product,201,newly_backordered_units,0.0
2025-03-07,product,201,backorder_flag,0.0
2025-03-07,product,202,fg_stock,114.0
2025-03-07,product,202,planned_production,20.0
2025-03-07,product,202,actual_production,20.0
2025-03-07,product,202,production_shortfall,0.0
2025-03-07,product,202,demand_units,0.0
2025-03-07,product,202,due_backlog_units,0.0
2025-03-07,product,202,newly_backordered_units,0.0
2025-03-07,product,202,backorder_flag,0.0
2025-03-08,calendar,global,weekday,5.0
2025-03-08,calendar,global,month,3.0
2025-03-08,calendar,global,is_weekend,1.0
2025-03-08,supplier,1,po_delay_days,0.0
2025-03-08,supplier,1,receipt_fill_rate,1.0
2025-03-08,supplier,1,receipt_event_flag,0.0
2025-03-08,supplier,2,po_delay_days,0.0
2025-03-08,supplier,2,receipt_fill_rate,1.0
2025-03-08,supplier,2,receipt_event_flag,0.0
2025-03-08,supplier,3,po_delay_days,0.0
2025-03-08,supplier,3,receipt_fill_rate,1.0
2025-03-08,supplier,3,receipt_event_flag,0.0
2025-03-08,supplier,4,po_delay_days,0.0
2025-03-08,supplier,4,receipt_fill_rate,1.0
2025-03-08,supplier,4,receipt_event_flag,0.0
2025-03-08,supplier,5,po_delay_days,5.0
2025-03-08,supplier,5,receipt_fill_rate,1.0
2025-03-08,supplier,5,receipt_event_flag,1.0
2025-03-08,material,101,stock,229.0
2025-03-08,material,101,days_of_cover,9.25
2025-03-08,material,101,open_po_flag,0.0
2025-03-08,material,101,reorder_triggered,0.0
2025-03-08,material,102,stock,162.0
2025-03-08,material,102,days_of_cover,21.6
2025-03-08,material,102,open_po_flag,0.0
2025-03-08,material,102,reorder_triggered,0.0
2025-03-08,material,103,stock,169.0
2025-03-08,material,103,days_of_cover,35.58
2025-03-08,material,103,open_po_flag,0.0
2025-03-08,material,103,reorder_triggered,0.0
2025-03-08,product,201,fg_stock,207.0
2025-03-08,product,201,planned_production,0.0
2025-03-08,product,201,actual_production,0.0
2025-03-08,product,201,production_shortfall,0.0
2025-03-08,product,201,demand_units,0.0
2025-03-08,product,201,due_backlog_units,0.0
2025-03-08,product,201,newly_backordered_units,0.0
2025-03-08,product,201,backorder_flag,0.0
2025-03-08,product,202,fg_stock,114.0
2025-03-08,product,202,planned_production,0.0
2025-03-08,product,202,actual_production,0.0
2025-03-08,product,202,production_shortfall,0.0
2025-03-08,product,202,demand_units,0.0
2025-03-08,product,202,due_backlog_units,0.0
2025-03-08,product,202,newly_backordered_units,0.0
2025-03-08,product,202,backorder_flag,0.0
2025-03-09,calendar,global,weekday,6.0
2025-03-09,calendar,global,month,3.0
2025-03-09,calendar,global,is_weekend,1.0
2025-03-09,supplier,1,po_delay_days,0.0
2025-03-09,supplier,1,receipt_fill_rate,1.0
2025-03-09,supplier,1,receipt_event_flag,0.0
2025-03-09,supplier,2,po_delay_days,0.0
2025-03-09,supplier,2,receipt_fill_rate,1.0
2025-03-09,supplier,2,receipt_event_flag,0.0
2025-03-09,supplier,3,po_delay_days,0.0
2025-03-09,supplier,3,receipt_fill_rate,1.0
2025-03-09,supplier,3,receipt_event_flag,0.0
2025-03-09,supplier,4,po_delay_days,0.0
2025-03-09,supplier,4,receipt_fill_rate,1.0
2025-03-09,supplier,4,receipt_event_flag,0.0
2025-03-09,supplier,5,po_delay_days,0.0
2025-03-09,supplier,5,receipt_fill_rate,1.0
2025-03-09,supplier,5,receipt_event_flag,0.0
2025-03-09,material,101,stock,229.0
2025-03-09,material,101,days_of_cover,9.25
2025-03-09,material,101,open_po_flag,0.0
2025-03-09,material,101,reorder_triggered,0.0
2025-03-09,material,102,stock,162.0
2025-03-09,material,102,days_of_cover,21.6
2025-03-09,material,102,open_po_flag,0.0
2025-03-09,material,102,reorder_triggered,0.0
2025-03-09,material,103,stock,169.0
2025-03-09,material,103,days_of_cover,35.58
2025-03-09,material,103,open_po_flag,0.0
2025-03-09,material,103,reorder_triggered,0.0
2025-03-09,product,201,fg_stock,207.0
2025-03-09,product,201,planned_production,0.0
2025-03-09,product,201,actual_production,0.0
2025-03-09,product,201,production_shortfall,0.0
2025-03-09,product,201,demand_units,0.0
2025-03-09,product,201,due_backlog_units,0.0
2025-03-09,product,201,newly_backordered_units,0.0
2025-03-09,product,201,backorder_flag,0.0
2025-03-09,product,202,fg_stock,114.0
2025-03-09,product,202,planned_production,0.0
2025-03-09,product,202,actual_production,0.0
2025-03-09,product,202,production_shortfall,0.0
2025-03-09,product,202,demand_units,0.0
2025-03-09,product,202,due_backlog_units,0.0
2025-03-09,product,202,newly_backordered_units,0.0
2025-03-09,product,202,backorder_flag,0.0
2025-03-10,calendar,global,weekday,0.0
2025-03-10,calendar,global,month,3.0
2025-03-10,calendar,global,is_weekend,0.0
2025-03-10,supplier,1,po_delay_days,0.0
2025-03-10,supplier,1,receipt_fill_rate,1.0
2025-03-10,supplier,1,receipt_event_flag,0.0
2025-03-10,supplier,2,po_delay_days,0.0
2025-03-10,supplier,2,receipt_fill_rate,1.0
2025-03-10,supplier,2,receipt_event_flag,0.0
2025-03-10,supplier,3,po_delay_days,0.0
2025-03-10,supplier,3,receipt_fill_rate,1.0
2025-03-10,supplier,3,receipt_event_flag,0.0
2025-03-10,supplier,4,po_delay_days,0.0
2025-03-10,supplier,4,receipt_fill_rate,1.0
2025-03-10,supplier,4,receipt_event_flag,0.0
2025-03-10,supplier,5,po_delay_days,0.0
2025-03-10,supplier,5,receipt_fill_rate,1.0
2025-03-10,supplier,5,receipt_event_flag,0.0
2025-03-10,material,101,stock,229.0
2025-03-10,material,101,days_of_cover,10.79
2025-03-10,material,101,open_po_flag,0.0
2025-03-10,material,101,reorder_triggered,0.0
2025-03-10,material,102,stock,162.0
2025-03-10,material,102,days_of_cover,25.2
2025-03-10,material,102,open_po_flag,0.0
2025-03-10,material,102,reorder_triggered,0.0
2025-03-10,material,103,stock,169.0
2025-03-10,material,103,days_of_cover,41.51
2025-03-10,material,103,open_po_flag,0.0
2025-03-10,material,103,reorder_triggered,0.0
2025-03-10,product,201,fg_stock,207.0
2025-03-10,product,201,planned_production,0.0
2025-03-10,product,201,actual_production,0.0
2025-03-10,product,201,production_shortfall,0.0
2025-03-10,product,201,demand_units,0.0
2025-03-10,product,201,due_backlog_units,0.0
2025-03-10,product,201,newly_backordered_units,0.0
2025-03-10,product,201,backorder_flag,0.0
2025-03-10,product,202,fg_stock,114.0
2025-03-10,product,202,planned_production,0.0
2025-03-10,product,202,actual_production,0.0
2025-03-10,product,202,production_shortfall,0.0
2025-03-10,product,202,demand_units,0.0
2025-03-10,product,202,due_backlog_units,0.0
2025-03-10,product,202,newly_backordered_units,0.0
2025-03-10,product,202,backorder_flag,0.0
2025-03-11,calendar,global,weekday,1.0
2025-03-11,calendar,global,month,3.0
2025-03-11,calendar,global,is_weekend,0.0
2025-03-11,supplier,1,po_delay_days,0.0
2025-03-11,supplier,1,receipt_fill_rate,1.0
2025-03-11,supplier,1,receipt_event_flag,0.0
2025-03-11,supplier,2,po_delay_days,0.0
2025-03-11,supplier,2,receipt_fill_rate,1.0
2025-03-11,supplier,2,receipt_event_flag,0.0
2025-03-11,supplier,3,po_delay_days,0.0
2025-03-11,supplier,3,receipt_fill_rate,1.0
2025-03-11,supplier,3,receipt_event_flag,0.0
2025-03-11,supplier,4,po_delay_days,0.0
2025-03-11,supplier,4,receipt_fill_rate,1.0
2025-03-11,supplier,4,receipt_event_flag,0.0
2025-03-11,supplier,5,po_delay_days,0.0
2025-03-11,supplier,5,receipt_fill_rate,1.0
2025-03-11,supplier,5,receipt_event_flag,0.0
2025-03-11,material,101,stock,142.0
2025-03-11,material,101,days_of_cover,6.69
2025-03-11,material,101,open_po_flag,1.0
2025-03-11,material,101,reorder_triggered,1.0
2025-03-11,material,102,stock,132.0
2025-03-11,material,102,days_of_cover,20.53
2025-03-11,material,102,open_po_flag,0.0
2025-03-11,material,102,reorder_triggered,0.0
2025-03-11,material,103,stock,155.0
2025-03-11,material,103,days_of_cover,38.07
2025-03-11,material,103,open_po_flag,0.0
2025-03-11,material,103,reorder_triggered,0.0
2025-03-11,product,201,fg_stock,237.0
2025-03-11,product,201,planned_production,30.0
2025-03-11,product,201,actual_production,30.0
2025-03-11,product,201,production_shortfall,0.0
2025-03-11,product,201,demand_units,9.0
2025-03-11,product,201,due_backlog_units,0.0
2025-03-11,product,201,newly_backordered_units,0.0
2025-03-11,product,201,backorder_flag,0.0
2025-03-11,product,202,fg_stock,101.0
2025-03-11,product,202,planned_production,20.0
2025-03-11,product,202,actual_production,10.0
2025-03-11,product,202,production_shortfall,10.0
2025-03-11,product,202,demand_units,26.0
2025-03-11,product,202,due_backlog_units,0.0
2025-03-11,product,202,newly_backordered_units,0.0
2025-03-11,product,202,backorder_flag,0.0
2025-03-12,calendar,global,weekday,2.0
2025-03-12,calendar,global,month,3.0
2025-03-12,calendar,global,is_weekend,0.0
2025-03-12,supplier,1,po_delay_days,0.0
2025-03-12,supplier,1,receipt_fill_rate,1.0
2025-03-12,supplier,1,receipt_event_flag,0.0
2025-03-12,supplier,2,po_delay_days,0.0
2025-03-12,supplier,2,receipt_fill_rate,1.0
2025-03-12,supplier,2,receipt_event_flag,0.0
2025-03-12,supplier,3,po_delay_days,0.0
2025-03-12,supplier,3,receipt_fill_rate,1.0
2025-03-12,supplier,3,receipt_event_flag,0.0
2025-03-12,supplier,4,po_delay_days,0.0
2025-03-12,supplier,4,receipt_fill_rate,1.0
2025-03-12,supplier,4,receipt_event_flag,0.0
2025-03-12,supplier,5,po_delay_days,0.0
2025-03-12,supplier,5,receipt_fill_rate,1.0
2025-03-12,supplier,5,receipt_event_flag,0.0
2025-03-12,material,101,stock,142.0
2025-03-12,material,101,days_of_cover,6.69
2025-03-12,material,101,open_po_flag,1.0
2025-03-12,material,101,reorder_triggered,0.0
2025-03-12,material,102,stock,132.0
2025-03-12,material,102,days_of_cover,20.53
2025-03-12,material,102,open_po_flag,0.0
2025-03-12,material,102,reorder_triggered,0.0
2025-03-12,material,103,stock,155.0
2025-03-12,material,103,days_of_cover,38.07
2025-03-12,material,103,open_po_flag,0.0
2025-03-12,material,103,reorder_triggered,0.0
2025-03-12,product,201,fg_stock,237.0
2025-03-12,product,201,planned_production,0.0
2025-03-12,product,201,actual_production,0.0
2025-03-12,product,201,production_shortfall,0.0
2025-03-12,product,201,demand_units,24.0
2025-03-12,product,201,due_backlog_units,0.0
2025-03-12,product,201,newly_backordered_units,0.0
2025-03-12,product,201,backorder_flag,0.0
2025-03-12,product,202,fg_stock,101.0
2025-03-12,product,202,planned_production,0.0
2025-03-12,product,202,actual_production,0.0
2025-03-12,product,202,production_shortfall,0.0
2025-03-12,product,202,demand_units,6.0
2025-03-12,product,202,due_backlog_units,0.0
2025-03-12,product,202,newly_backordered_units,0.0
2025-03-12,product,202,backorder_flag,0.0
2025-03-13,calendar,global,weekday,3.0
2025-03-13,calendar,global,month,3.0
2025-03-13,calendar,global,is_weekend,0.0
2025-03-13,supplier,1,po_delay_days,0.0
2025-03-13,supplier,1,receipt_fill_rate,1.0
2025-03-13,supplier,1,receipt_event_flag,0.0
2025-03-13,supplier,2,po_delay_days,0.0
2025-03-13,supplier,2,receipt_fill_rate,1.0
2025-03-13,supplier,2,receipt_event_flag,0.0
2025-03-13,supplier,3,po_delay_days,0.0
2025-03-13,supplier,3,receipt_fill_rate,1.0
2025-03-13,supplier,3,receipt_event_flag,0.0
2025-03-13,supplier,4,po_delay_days,0.0
2025-03-13,supplier,4,receipt_fill_rate,1.0
2025-03-13,supplier,4,receipt_event_flag,0.0
2025-03-13,supplier,5,po_delay_days,0.0
2025-03-13,supplier,5,receipt_fill_rate,1.0
2025-03-13,supplier,5,receipt_event_flag,0.0
2025-03-13,material,101,stock,142.0
2025-03-13,material,101,days_of_cover,6.69
2025-03-13,material,101,open_po_flag,1.0
2025-03-13,material,101,reorder_triggered,0.0
2025-03-13,material,102,stock,132.0
2025-03-13,material,102,days_of_cover,20.53
2025-03-13,material,102,open_po_flag,0.0
2025-03-13,material,102,reorder_triggered,0.0
2025-03-13,material,103,stock,155.0
2025-03-13,material,103,days_of_cover,38.07
2025-03-13,material,103,open_po_flag,0.0
2025-03-13,material,103,reorder_triggered,0.0
2025-03-13,product,201,fg_stock,237.0
2025-03-13,product,201,planned_production,0.0
2025-03-13,product,201,actual_production,0.0
2025-03-13,product,201,production_shortfall,0.0
2025-03-13,product,201,demand_units,14.0
2025-03-13,product,201,due_backlog_units,0.0
2025-03-13,product,201,newly_backordered_units,0.0
2025-03-13,product,201,backorder_flag,0.0
2025-03-13,product,202,fg_stock,101.0
2025-03-13,product,202,planned_production,0.0
2025-03-13,product,202,actual_production,0.0
2025-03-13,product,202,production_shortfall,0.0
2025-03-13,product,202,demand_units,0.0
2025-03-13,product,202,due_backlog_units,0.0
2025-03-13,product,202,newly_backordered_units,0.0
2025-03-13,product,202,backorder_flag,0.0
2025-03-14,calendar,global,weekday,4.0
2025-03-14,calendar,global,month,3.0
2025-03-14,calendar,global,is_weekend,0.0
2025-03-14,supplier,1,po_delay_days,0.0
2025-03-14,supplier,1,receipt_fill_rate,1.0
2025-03-14,supplier,1,receipt_event_flag,0.0
2025-03-14,supplier,2,po_delay_days,0.0
2025-03-14,supplier,2,receipt_fill_rate,1.0
2025-03-14,supplier,2,receipt_event_flag,0.0
2025-03-14,supplier,3,po_delay_days,0.0
2025-03-14,supplier,3,receipt_fill_rate,1.0
2025-03-14,supplier,3,receipt_event_flag,0.0
2025-03-14,supplier,4,po_delay_days,0.0
2025-03-14,supplier,4,receipt_fill_rate,1.0
2025-03-14,supplier,4,receipt_event_flag,0.0
2025-03-14,supplier,5,po_delay_days,0.0
2025-03-14,supplier,5,receipt_fill_rate,1.0
2025-03-14,supplier,5,receipt_event_flag,0.0
2025-03-14,material,101,stock,43.0
2025-03-14,material,101,days_of_cover,1.74
2025-03-14,material,101,open_po_flag,1.0
2025-03-14,material,101,reorder_triggered,0.0
2025-03-14,material,102,stock,102.0
2025-03-14,material,102,days_of_cover,13.6
2025-03-14,material,102,open_po_flag,1.0
2025-03-14,material,102,reorder_triggered,1.0
2025-03-14,material,103,stock,136.0
2025-03-14,material,103,days_of_cover,28.63
2025-03-14,material,103,open_po_flag,0.0
2025-03-14,material,103,reorder_triggered,0.0
2025-03-14,product,201,fg_stock,267.0
2025-03-14,product,201,planned_production,30.0
2025-03-14,product,201,actual_production,30.0
2025-03-14,product,201,production_shortfall,0.0
2025-03-14,product,201,demand_units,0.0
2025-03-14,product,201,due_backlog_units,0.0
2025-03-14,product,201,newly_backordered_units,0.0
2025-03-14,product,201,backorder_flag,0.0
2025-03-14,product,202,fg_stock,121.0
2025-03-14,product,202,planned_production,20.0
2025-03-14,product,202,actual_production,20.0
2025-03-14,product,202,production_shortfall,0.0
2025-03-14,product,202,demand_units,9.0
2025-03-14,product,202,due_backlog_units,0.0
2025-03-14,product,202,newly_backordered_units,0.0
2025-03-14,product,202,backorder_flag,0.0
2025-03-15,calendar,global,weekday,5.0
2025-03-15,calendar,global,month,3.0
2025-03-15,calendar,global,is_weekend,1.0
2025-03-15,supplier,1,po_delay_days,0.0
2025-03-15,supplier,1,receipt_fill_rate,1.0
2025-03-15,supplier,1,receipt_event_flag,0.0
2025-03-15,supplier,2,po_delay_days,0.0
2025-03-15,supplier,2,receipt_fill_rate,1.0
2025-03-15,supplier,2,receipt_event_flag,0.0
2025-03-15,supplier,3,po_delay_days,0.0
2025-03-15,supplier,3,receipt_fill_rate,1.0
2025-03-15,supplier,3,receipt_event_flag,0.0
2025-03-15,supplier,4,po_delay_days,0.0
2025-03-15,supplier,4,receipt_fill_rate,1.0
2025-03-15,supplier,4,receipt_event_flag,0.0
2025-03-15,supplier,5,po_delay_days,0.0
2025-03-15,supplier,5,receipt_fill_rate,1.0
2025-03-15,supplier,5,receipt_event_flag,0.0
2025-03-15,material,101,stock,43.0
2025-03-15,material,101,days_of_cover,1.74
2025-03-15,material,101,open_po_flag,1.0
2025-03-15,material,101,reorder_triggered,0.0
2025-03-15,material,102,stock,102.0
2025-03-15,material,102,days_of_cover,13.6
2025-03-15,material,102,open_po_flag,1.0
2025-03-15,material,102,reorder_triggered,0.0
2025-03-15,material,103,stock,136.0
2025-03-15,material,103,days_of_cover,28.63
2025-03-15,material,103,open_po_flag,0.0
2025-03-15,material,103,reorder_triggered,0.0
2025-03-15,product,201,fg_stock,267.0
2025-03-15,product,201,planned_production,0.0
2025-03-15,product,201,actual_production,0.0
2025-03-15,product,201,production_shortfall,0.0
2025-03-15,product,201,demand_units,0.0
2025-03-15,product,201,due_backlog_units,0.0
2025-03-15,product,201,newly_backordered_units,0.0
2025-03-15,product,201,backorder_flag,0.0
2025-03-15,product,202,fg_stock,115.0
2025-03-15,product,202,planned_production,0.0
2025-03-15,product,202,actual_production,0.0
2025-03-15,product,202,production_shortfall,0.0
2025-03-15,product,202,demand_units,0.0
2025-03-15,product,202,due_backlog_units,0.0
2025-03-15,product,202,newly_backordered_units,0.0
2025-03-15,product,202,backorder_flag,0.0
2025-03-16,calendar,global,weekday,6.0
2025-03-16,calendar,global,month,3.0
2025-03-16,calendar,global,is_weekend,1.0
2025-03-16,supplier,1,po_delay_days,0.0
2025-03-16,supplier,1,receipt_fill_rate,1.0
2025-03-16,supplier,1,receipt_event_flag,0.0
2025-03-16,supplier,2,po_delay_days,0.0
2025-03-16,supplier,2,receipt_fill_rate,1.0
2025-03-16,supplier,2,receipt_event_flag,0.0
2025-03-16,supplier,3,po_delay_days,0.0
2025-03-16,supplier,3,receipt_fill_rate,1.0
2025-03-16,supplier,3,receipt_event_flag,0.0
2025-03-16,supplier,4,po_delay_days,0.0
2025-03-16,supplier,4,receipt_fill_rate,1.0
2025-03-16,supplier,4,receipt_event_flag,0.0
2025-03-16,supplier,5,po_delay_days,0.0
2025-03-16,supplier,5,receipt_fill_rate,1.0
2025-03-16,supplier,5,receipt_event_flag,0.0
2025-03-16,material,101,stock,43.0
2025-03-16,material,101,days_of_cover,1.74
2025-03-16,material,101,open_po_flag,1.0
2025-03-16,material,101,reorder_triggered,0.0
2025-03-16,material,102,stock,102.0
2025-03-16,material,102,days_of_cover,13.6
2025-03-16,material,102,open_po_flag,1.0
2025-03-16,material,102,reorder_triggered,0.0
2025-03-16,material,103,stock,136.0
2025-03-16,material,103,days_of_cover,28.63
2025-03-16,material,103,open_po_flag,0.0
2025-03-16,material,103,reorder_triggered,0.0
2025-03-16,product,201,fg_stock,247.0
2025-03-16,product,201,planned_production,0.0
2025-03-16,product,201,actual_production,0.0
2025-03-16,product,201,production_shortfall,0.0
2025-03-16,product,201,demand_units,0.0
2025-03-16,product,201,due_backlog_units,0.0
2025-03-16,product,201,newly_backordered_units,0.0
2025-03-16,product,201,backorder_flag,0.0
2025-03-16,product,202,fg_stock,115.0
2025-03-16,product,202,planned_production,0.0
2025-03-16,product,202,actual_production,0.0
2025-03-16,product,202,production_shortfall,0.0
2025-03-16,product,202,demand_units,0.0
2025-03-16,product,202,due_backlog_units,0.0
2025-03-16,product,202,newly_backordered_units,0.0
2025-03-16,product,202,backorder_flag,0.0
2025-03-17,calendar,global,weekday,0.0
2025-03-17,calendar,global,month,3.0
2025-03-17,calendar,global,is_weekend,0.0
2025-03-17,supplier,1,po_delay_days,0.0
2025-03-17,supplier,1,receipt_fill_rate,1.0
2025-03-17,supplier,1,receipt_event_flag,0.0
2025-03-17,supplier,2,po_delay_days,0.0
2025-03-17,supplier,2,receipt_fill_rate,1.0
2025-03-17,supplier,2,receipt_event_flag,0.0
2025-03-17,supplier,3,po_delay_days,0.0
2025-03-17,supplier,3,receipt_fill_rate,1.0
2025-03-17,supplier,3,receipt_event_flag,0.0
2025-03-17,supplier,4,po_delay_days,0.0
2025-03-17,supplier,4,receipt_fill_rate,1.0
2025-03-17,supplier,4,receipt_event_flag,0.0
2025-03-17,supplier,5,po_delay_days,0.0
2025-03-17,supplier,5,receipt_fill_rate,1.0
2025-03-17,supplier,5,receipt_event_flag,0.0
2025-03-17,material,101,stock,19.0
2025-03-17,material,101,days_of_cover,0.67
2025-03-17,material,101,open_po_flag,1.0
2025-03-17,material,101,reorder_triggered,0.0
2025-03-17,material,102,stock,102.0
2025-03-17,material,102,days_of_cover,11.9
2025-03-17,material,102,open_po_flag,1.0
2025-03-17,material,102,reorder_triggered,0.0
2025-03-17,material,103,stock,126.0
2025-03-17,material,103,days_of_cover,23.21
2025-03-17,material,103,open_po_flag,0.0
2025-03-17,material,103,reorder_triggered,0.0
2025-03-17,product,201,fg_stock,233.0
2025-03-17,product,201,planned_production,30.0
2025-03-17,product,201,actual_production,0.0
2025-03-17,product,201,production_shortfall,30.0
2025-03-17,product,201,demand_units,0.0
2025-03-17,product,201,due_backlog_units,0.0
2025-03-17,product,201,newly_backordered_units,0.0
2025-03-17,product,201,backorder_flag,0.0
2025-03-17,product,202,fg_stock,135.0
2025-03-17,product,202,planned_production,20.0
2025-03-17,product,202,actual_production,20.0
2025-03-17,product,202,production_shortfall,0.0
2025-03-17,product,202,demand_units,0.0
2025-03-17,product,202,due_backlog_units,0.0
2025-03-17,product,202,newly_backordered_units,0.0
2025-03-17,product,202,backorder_flag,0.0
2025-03-18,calendar,global,weekday,1.0
2025-03-18,calendar,global,month,3.0
2025-03-18,calendar,global,is_weekend,0.0
2025-03-18,supplier,1,po_delay_days,0.0
2025-03-18,supplier,1,receipt_fill_rate,1.0
2025-03-18,supplier,1,receipt_event_flag,0.0
2025-03-18,supplier,2,po_delay_days,0.0
2025-03-18,supplier,2,receipt_fill_rate,1.0
2025-03-18,supplier,2,receipt_event_flag,0.0
2025-03-18,supplier,3,po_delay_days,0.0
2025-03-18,supplier,3,receipt_fill_rate,1.0
2025-03-18,supplier,3,receipt_event_flag,0.0
2025-03-18,supplier,4,po_delay_days,0.0
2025-03-18,supplier,4,receipt_fill_rate,1.0
2025-03-18,supplier,4,receipt_event_flag,0.0
2025-03-18,supplier,5,po_delay_days,0.0
2025-03-18,supplier,5,receipt_fill_rate,1.0
2025-03-18,supplier,5,receipt_event_flag,0.0
2025-03-18,material,101,stock,7.0
2025-03-18,material,101,days_of_cover,0.25
2025-03-18,material,101,open_po_flag,1.0
2025-03-18,material,101,reorder_triggered,0.0
2025-03-18,material,102,stock,102.0
2025-03-18,material,102,days_of_cover,11.9
2025-03-18,material,102,open_po_flag,1.0
2025-03-18,material,102,reorder_triggered,0.0
2025-03-18,material,103,stock,121.0
2025-03-18,material,103,days_of_cover,22.29
2025-03-18,material,103,open_po_flag,0.0
2025-03-18,material,103,reorder_triggered,0.0
2025-03-18,product,201,fg_stock,233.0
2025-03-18,product,201,planned_production,30.0
2025-03-18,product,201,actual_production,0.0
2025-03-18,product,201,production_shortfall,30.0
2025-03-18,product,201,demand_units,0.0
2025-03-18,product,201,due_backlog_units,0.0
2025-03-18,product,201,newly_backordered_units,0.0
2025-03-18,product,201,backorder_flag,0.0
2025-03-18,product,202,fg_stock,119.0
2025-03-18,product,202,planned_production,20.0
2025-03-18,product,202,actual_production,10.0
2025-03-18,product,202,production_shortfall,10.0
2025-03-18,product,202,demand_units,0.0
2025-03-18,product,202,due_backlog_units,0.0
2025-03-18,product,202,newly_backordered_units,0.0
2025-03-18,product,202,backorder_flag,0.0
2025-03-19,calendar,global,weekday,2.0
2025-03-19,calendar,global,month,3.0
2025-03-19,calendar,global,is_weekend,0.0
2025-03-19,supplier,1,po_delay_days,0.0
2025-03-19,supplier,1,receipt_fill_rate,1.0
2025-03-19,supplier,1,receipt_event_flag,0.0
2025-03-19,supplier,2,po_delay_days,0.0
2025-03-19,supplier,2,receipt_fill_rate,1.0
2025-03-19,supplier,2,receipt_event_flag,0.0
2025-03-19,supplier,3,po_delay_days,0.0
2025-03-19,supplier,3,receipt_fill_rate,1.0
2025-03-19,supplier,3,receipt_event_flag,0.0
2025-03-19,supplier,4,po_delay_days,0.0
2025-03-19,supplier,4,receipt_fill_rate,1.0
2025-03-19,supplier,4,receipt_event_flag,0.0
2025-03-19,supplier,5,po_delay_days,0.0
2025-03-19,supplier,5,receipt_fill_rate,1.0
2025-03-19,supplier,5,receipt_event_flag,0.0
2025-03-19,material,101,stock,7.0
2025-03-19,material,101,days_of_cover,0.28
2025-03-19,material,101,open_po_flag,1.0
2025-03-19,material,101,reorder_triggered,0.0
2025-03-19,material,102,stock,102.0
2025-03-19,material,102,days_of_cover,13.6
2025-03-19,material,102,open_po_flag,1.0
2025-03-19,material,102,reorder_triggered,0.0
2025-03-19,material,103,stock,121.0
2025-03-19,material,103,days_of_cover,25.47
2025-03-19,material,103,open_po_flag,0.0
2025-03-19,material,103,reorder_triggered,0.0
2025-03-19,product,201,fg_stock,220.0
2025-03-19,product,201,planned_production,0.0
2025-03-19,product,201,actual_production,0.0
2025-03-19,product,201,production_shortfall,0.0
2025-03-19,product,201,demand_units,0.0
2025-03-19,product,201,due_backlog_units,0.0
2025-03-19,product,201,newly_backordered_units,0.0
2025-03-19,product,201,backorder_flag,0.0
2025-03-19,product,202,fg_stock,119.0
2025-03-19,product,202,planned_production,0.0
2025-03-19,product,202,actual_production,0.0
2025-03-19,product,202,production_shortfall,0.0
2025-03-19,product,202,demand_units,0.0
2025-03-19,product,202,due_backlog_units,0.0
2025-03-19,product,202,newly_backordered_units,0.0
2025-03-19,product,202,backorder_flag,0.0
2025-03-20,calendar,global,weekday,3.0
2025-03-20,calendar,global,month,3.0
2025-03-20,calendar,global,is_weekend,0.0
2025-03-20,supplier,1,po_delay_days,0.0
2025-03-20,supplier,1,receipt_fill_rate,1.0
2025-03-20,supplier,1,receipt_event_flag,0.0
2025-03-20,supplier,2,po_delay_days,0.0
2025-03-20,supplier,2,receipt_fill_rate,1.0
2025-03-20,supplier,2,receipt_event_flag,0.0
2025-03-20,supplier,3,po_delay_days,0.0
2025-03-20,supplier,3,receipt_fill_rate,1.0
2025-03-20,supplier,3,receipt_event_flag,0.0
2025-03-20,supplier,4,po_delay_days,0.0
2025-03-20,supplier,4,receipt_fill_rate,1.0
2025-03-20,supplier,4,receipt_event_flag,0.0
2025-03-20,supplier,5,po_delay_days,0.0
2025-03-20,supplier,5,receipt_fill_rate,1.0
2025-03-20,supplier,5,receipt_event_flag,0.0
2025-03-20,material,101,stock,7.0
2025-03-20,material,101,days_of_cover,0.25
2025-03-20,material,101,open_po_flag,1.0
2025-03-20,material,101,reorder_triggered,0.0
2025-03-20,material,102,stock,102.0
2025-03-20,material,102,days_of_cover,11.9
2025-03-20,material,102,open_po_flag,1.0
2025-03-20,material,102,reorder_triggered,0.0
2025-03-20,material,103,stock,121.0
2025-03-20,material,103,days_of_cover,22.29
2025-03-20,material,103,open_po_flag,0.0
2025-03-20,material,103,reorder_triggered,0.0
2025-03-20,product,201,fg_stock,220.0
2025-03-20,product,201,planned_production,30.0
2025-03-20,product,201,actual_production,0.0
2025-03-20,product,201,production_shortfall,30.0
2025-03-20,product,201,demand_units,0.0
2025-03-20,product,201,due_backlog_units,0.0
2025-03-20,product,201,newly_backordered_units,0.0
2025-03-20,product,201,backorder_flag,0.0
2025-03-20,product,202,fg_stock,119.0
2025-03-20,product,202,planned_production,20.0
2025-03-20,product,202,actual_production,0.0
2025-03-20,product,202,production_shortfall,20.0
2025-03-20,product,202,demand_units,0.0
2025-03-20,product,202,due_backlog_units,0.0
2025-03-20,product,202,newly_backordered_units,0.0
2025-03-20,product,202,backorder_flag,0.0
2025-03-21,calendar,global,weekday,4.0
2025-03-21,calendar,global,month,3.0
2025-03-21,calendar,global,is_weekend,0.0
2025-03-21,supplier,1,po_delay_days,0.0
2025-03-21,supplier,1,receipt_fill_rate,1.0
2025-03-21,supplier,1,receipt_event_flag,0.0
2025-03-21,supplier,2,po_delay_days,0.0
2025-03-21,supplier,2,receipt_fill_rate,1.0
2025-03-21,supplier,2,receipt_event_flag,0.0
2025-03-21,supplier,3,po_delay_days,0.0
2025-03-21,supplier,3,receipt_fill_rate,1.0
2025-03-21,supplier,3,receipt_event_flag,0.0
2025-03-21,supplier,4,po_delay_days,1.0
2025-03-21,supplier,4,receipt_fill_rate,1.0
2025-03-21,supplier,4,receipt_event_flag,1.0
2025-03-21,supplier,5,po_delay_days,0.0
2025-03-21,supplier,5,receipt_fill_rate,1.0
2025-03-21,supplier,5,receipt_event_flag,0.0
2025-03-21,material,101,stock,381.0
2025-03-21,material,101,days_of_cover,15.39
2025-03-21,material,101,open_po_flag,0.0
2025-03-21,material,101,reorder_triggered,0.0
2025-03-21,material,102,stock,102.0
2025-03-21,material,102,days_of_cover,13.6
2025-03-21,material,102,open_po_flag,1.0
2025-03-21,material,102,reorder_triggered,0.0
2025-03-21,material,103,stock,121.0
2025-03-21,material,103,days_of_cover,25.47
2025-03-21,material,103,open_po_flag,0.0
2025-03-21,material,103,reorder_triggered,0.0
2025-03-21,product,201,fg_stock,220.0
2025-03-21,product,201,planned_production,0.0
2025-03-21,product,201,actual_production,0.0
2025-03-21,product,201,production_shortfall,0.0
2025-03-21,product,201,demand_units,39.0
2025-03-21,product,201,due_backlog_units,0.0
2025-03-21,product,201,newly_backordered_units,0.0
2025-03-21,product,201,backorder_flag,0.0
2025-03-21,product,202,fg_stock,119.0
2025-03-21,product,202,planned_production,0.0
2025-03-21,product,202,actual_production,0.0
2025-03-21,product,202,production_shortfall,0.0
2025-03-21,product,202,demand_units,0.0
2025-03-21,product,202,due_backlog_units,0.0
2025-03-21,product,202,newly_backordered_units,0.0
2025-03-21,product,202,backorder_flag,0.0
2025-03-22,calendar,global,weekday,5.0
2025-03-22,calendar,global,month,3.0
2025-03-22,calendar,global,is_weekend,1.0
2025-03-22,supplier,1,po_delay_days,0.0
2025-03-22,supplier,1,receipt_fill_rate,1.0
2025-03-22,supplier,1,receipt_event_flag,0.0
2025-03-22,supplier,2,po_delay_days,0.0
2025-03-22,supplier,2,receipt_fill_rate,1.0
2025-03-22,supplier,2,receipt_event_flag,0.0
2025-03-22,supplier,3,po_delay_days,0.0
2025-03-22,supplier,3,receipt_fill_rate,1.0
2025-03-22,supplier,3,receipt_event_flag,0.0
2025-03-22,supplier,4,po_delay_days,0.0
2025-03-22,supplier,4,receipt_fill_rate,1.0
2025-03-22,supplier,4,receipt_event_flag,0.0
2025-03-22,supplier,5,po_delay_days,0.0
2025-03-22,supplier,5,receipt_fill_rate,1.0
2025-03-22,supplier,5,receipt_event_flag,0.0
2025-03-22,material,101,stock,381.0
2025-03-22,material,101,days_of_cover,15.39
2025-03-22,material,101,open_po_flag,0.0
2025-03-22,material,101,reorder_triggered,0.0
2025-03-22,material,102,stock,102.0
2025-03-22,material,102,days_of_cover,13.6
2025-03-22,material,102,open_po_flag,1.0
2025-03-22,material,102,reorder_triggered,0.0
2025-03-22,material,103,stock,121.0
2025-03-22,material,103,days_of_cover,25.47
2025-03-22,material,103,open_po_flag,0.0
2025-03-22,material,103,reorder_triggered,0.0
2025-03-22,product,201,fg_stock,220.0
2025-03-22,product,201,planned_production,0.0
2025-03-22,product,201,actual_production,0.0
2025-03-22,product,201,production_shortfall,0.0
2025-03-22,product,201,demand_units,0.0
2025-03-22,product,201,due_backlog_units,0.0
2025-03-22,product,201,newly_backordered_units,0.0
2025-03-22,product,201,backorder_flag,0.0
2025-03-22,product,202,fg_stock,119.0
2025-03-22,product,202,planned_production,0.0
2025-03-22,product,202,actual_production,0.0
2025-03-22,product,202,production_shortfall,0.0
2025-03-22,product,202,demand_units,0.0
2025-03-22,product,202,due_backlog_units,0.0
2025-03-22,product,202,newly_backordered_units,0.0
2025-03-22,product,202,backorder_flag,0.0
2025-03-23,calendar,global,weekday,6.0
2025-03-23,calendar,global,month,3.0
2025-03-23,calendar,global,is_weekend,1.0
2025-03-23,supplier,1,po_delay_days,0.0
2025-03-23,supplier,1,receipt_fill_rate,1.0
2025-03-23,supplier,1,receipt_event_flag,0.0
2025-03-23,supplier,2,po_delay_days,0.0
2025-03-23,supplier,2,receipt_fill_rate,1.0
2025-03-23,supplier,2,receipt_event_flag,0.0
2025-03-23,supplier,3,po_delay_days,0.0
2025-03-23,supplier,3,receipt_fill_rate,1.0
2025-03-23,supplier,3,receipt_event_flag,0.0
2025-03-23,supplier,4,po_delay_days,0.0
2025-03-23,supplier,4,receipt_fill_rate,1.0
2025-03-23,supplier,4,receipt_event_flag,0.0
2025-03-23,supplier,5,po_delay_days,0.0
2025-03-23,supplier,5,receipt_fill_rate,1.0
2025-03-23,supplier,5,receipt_event_flag,0.0
2025-03-23,material,101,stock,381.0
2025-03-23,material,101,days_of_cover,15.39
2025-03-23,material,101,open_po_flag,0.0
2025-03-23,material,101,reorder_triggered,0.0
2025-03-23,material,102,stock,102.0
2025-03-23,material,102,days_of_cover,13.6
2025-03-23,material,102,open_po_flag,1.0
2025-03-23,material,102,reorder_triggered,0.0
2025-03-23,material,103,stock,121.0
2025-03-23,material,103,days_of_cover,25.47
2025-03-23,material,103,open_po_flag,0.0
2025-03-23,material,103,reorder_triggered,0.0
2025-03-23,product,201,fg_stock,220.0
2025-03-23,product,201,planned_production,0.0
2025-03-23,product,201,actual_production,0.0
2025-03-23,product,201,production_shortfall,0.0
2025-03-23,product,201,demand_units,0.0
2025-03-23,product,201,due_backlog_units,0.0
2025-03-23,product,201,newly_backordered_units,0.0
2025-03-23,product,201,backorder_flag,0.0
2025-03-23,product,202,fg_stock,110.0
2025-03-23,product,202,planned_production,0.0
2025-03-23,product,202,actual_production,0.0
2025-03-23,product,202,production_shortfall,0.0
2025-03-23,product,202,demand_units,0.0
2025-03-23,product,202,due_backlog_units,0.0
2025-03-23,product,202,newly_backordered_units,0.0
2025-03-23,product,202,backorder_flag,0.0
2025-03-24,calendar,global,weekday,0.0
2025-03-24,calendar,global,month,3.0
2025-03-24,calendar,global,is_weekend,0.0
2025-03-24,supplier,1,po_delay_days,0.0
2025-03-24,supplier,1,receipt_fill_rate,1.0
2025-03-24,supplier,1,receipt_event_flag,0.0
2025-03-24,supplier,2,po_delay_days,0.0
2025-03-24,supplier,2,receipt_fill_rate,1.0
2025-03-24,supplier,2,receipt_event_flag,0.0
2025-03-24,supplier,3,po_delay_days,0.0
2025-03-24,supplier,3,receipt_fill_rate,1.0
2025-03-24,supplier,3,receipt_event_flag,0.0
2025-03-24,supplier,4,po_delay_days,0.0
2025-03-24,supplier,4,receipt_fill_rate,1.0
2025-03-24,supplier,4,receipt_event_flag,0.0
2025-03-24,supplier,5,po_delay_days,0.0
2025-03-24,supplier,5,receipt_fill_rate,1.0
2025-03-24,supplier,5,receipt_event_flag,0.0
2025-03-24,material,101,stock,381.0
2025-03-24,material,101,days_of_cover,15.39
2025-03-24,material,101,open_po_flag,0.0
2025-03-24,material,101,reorder_triggered,0.0
2025-03-24,material,102,stock,102.0
2025-03-24,material,102,days_of_cover,13.6
2025-03-24,material,102,open_po_flag,1.0
2025-03-24,material,102,reorder_triggered,0.0
2025-03-24,material,103,stock,121.0
2025-03-24,material,103,days_of_cover,25.47
2025-03-24,material,103,open_po_flag,0.0
2025-03-24,material,103,reorder_triggered,0.0
2025-03-24,product,201,fg_stock,220.0
2025-03-24,product,201,planned_production,0.0
2025-03-24,product,201,actual_production,0.0
2025-03-24,product,201,production_shortfall,0.0
2025-03-24,product,201,demand_units,0.0
2025-03-24,product,201,due_backlog_units,0.0
2025-03-24,product,201,newly_backordered_units,0.0
2025-03-24,product,201,backorder_flag,0.0
2025-03-24,product,202,fg_stock,110.0
2025-03-24,product,202,planned_production,0.0
2025-03-24,product,202,actual_production,0.0
2025-03-24,product,202,production_shortfall,0.0
2025-03-24,product,202,demand_units,0.0
2025-03-24,product,202,due_backlog_units,0.0
2025-03-24,product,202,newly_backordered_units,0.0
2025-03-24,product,202,backorder_flag,0.0
2025-03-25,calendar,global,weekday,1.0
2025-03-25,calendar,global,month,3.0
2025-03-25,calendar,global,is_weekend,0.0
2025-03-25,supplier,1,po_delay_days,0.0
2025-03-25,supplier,1,receipt_fill_rate,1.0
2025-03-25,supplier,1,receipt_event_flag,0.0
2025-03-25,supplier,2,po_delay_days,0.0
2025-03-25,supplier,2,receipt_fill_rate,1.0
2025-03-25,supplier,2,receipt_event_flag,0.0
2025-03-25,supplier,3,po_delay_days,0.0
2025-03-25,supplier,3,receipt_fill_rate,1.0
2025-03-25,supplier,3,receipt_event_flag,0.0
2025-03-25,supplier,4,po_delay_days,0.0
2025-03-25,supplier,4,receipt_fill_rate,1.0
2025-03-25,supplier,4,receipt_event_flag,0.0
2025-03-25,supplier,5,po_delay_days,0.0
2025-03-25,supplier,5,receipt_fill_rate,1.0
2025-03-25,supplier,5,receipt_event_flag,0.0
2025-03-25,material,101,stock,282.0
2025-03-25,material,101,days_of_cover,9.97
2025-03-25,material,101,open_po_flag,0.0
2025-03-25,material,101,reorder_triggered,0.0
2025-03-25,material,102,stock,72.0
2025-03-25,material,102,days_of_cover,8.4
2025-03-25,material,102,open_po_flag,1.0
2025-03-25,material,102,reorder_triggered,0.0
2025-03-25,material,103,stock,102.0
2025-03-25,material,103,days_of_cover,18.79
2025-03-25,material,103,open_po_flag,0.0
2025-03-25,material,103,reorder_triggered,0.0
2025-03-25,product,201,fg_stock,240.0
2025-03-25,product,201,planned_production,30.0
2025-03-25,product,201,actual_production,30.0
2025-03-25,product,201,production_shortfall,0.0
2025-03-25,product,201,demand_units,0.0
2025-03-25,product,201,due_backlog_units,0.0
2025-03-25,product,201,newly_backordered_units,0.0
2025-03-25,product,201,backorder_flag,0.0
2025-03-25,product,202,fg_stock,130.0
2025-03-25,product,202,planned_production,20.0
2025-03-25,product,202,actual_production,20.0
2025-03-25,product,202,production_shortfall,0.0
2025-03-25,product,202,demand_units,0.0
2025-03-25,product,202,due_backlog_units,0.0
2025-03-25,product,202,newly_backordered_units,0.0
2025-03-25,product,202,backorder_flag,0.0
2025-03-26,calendar,global,weekday,2.0
2025-03-26,calendar,global,month,3.0
2025-03-26,calendar,global,is_weekend,0.0
2025-03-26,supplier,1,po_delay_days,0.0
2025-03-26,supplier,1,receipt_fill_rate,1.0
2025-03-26,supplier,1,receipt_event_flag,0.0
2025-03-26,supplier,2,po_delay_days,0.0
2025-03-26,supplier,2,receipt_fill_rate,1.0
2025-03-26,supplier,2,receipt_event_flag,0.0
2025-03-26,supplier,3,po_delay_days,0.0
2025-03-26,supplier,3,receipt_fill_rate,1.0
2025-03-26,supplier,3,receipt_event_flag,0.0
2025-03-26,supplier,4,po_delay_days,0.0
2025-03-26,supplier,4,receipt_fill_rate,1.0
2025-03-26,supplier,4,receipt_event_flag,0.0
2025-03-26,supplier,5,po_delay_days,0.0
2025-03-26,supplier,5,receipt_fill_rate,1.0
2025-03-26,supplier,5,receipt_event_flag,0.0
2025-03-26,material,101,stock,282.0
2025-03-26,material,101,days_of_cover,9.97
2025-03-26,material,101,open_po_flag,0.0
2025-03-26,material,101,reorder_triggered,0.0
2025-03-26,material,102,stock,72.0
2025-03-26,material,102,days_of_cover,8.4
2025-03-26,material,102,open_po_flag,1.0
2025-03-26,material,102,reorder_triggered,0.0
2025-03-26,material,103,stock,102.0
2025-03-26,material,103,days_of_cover,18.79
2025-03-26,material,103,open_po_flag,0.0
2025-03-26,material,103,reorder_triggered,0.0
2025-03-26,product,201,fg_stock,240.0
2025-03-26,product,201,planned_production,0.0
2025-03-26,product,201,actual_production,0.0
2025-03-26,product,201,production_shortfall,0.0
2025-03-26,product,201,demand_units,20.0
2025-03-26,product,201,due_backlog_units,0.0
2025-03-26,product,201,newly_backordered_units,0.0
2025-03-26,product,201,backorder_flag,0.0
2025-03-26,product,202,fg_stock,130.0
2025-03-26,product,202,planned_production,0.0
2025-03-26,product,202,actual_production,0.0
2025-03-26,product,202,production_shortfall,0.0
2025-03-26,product,202,demand_units,0.0
2025-03-26,product,202,due_backlog_units,0.0
2025-03-26,product,202,newly_backordered_units,0.0
2025-03-26,product,202,backorder_flag,0.0
2025-03-27,calendar,global,weekday,3.0
2025-03-27,calendar,global,month,3.0
2025-03-27,calendar,global,is_weekend,0.0
2025-03-27,supplier,1,po_delay_days,0.0
2025-03-27,supplier,1,receipt_fill_rate,1.0
2025-03-27,supplier,1,receipt_event_flag,0.0
2025-03-27,supplier,2,po_delay_days,0.0
2025-03-27,supplier,2,receipt_fill_rate,1.0
2025-03-27,supplier,2,receipt_event_flag,0.0
2025-03-27,supplier,3,po_delay_days,0.0
2025-03-27,supplier,3,receipt_fill_rate,1.0
2025-03-27,supplier,3,receipt_event_flag,1.0
2025-03-27,supplier,4,po_delay_days,0.0
2025-03-27,supplier,4,receipt_fill_rate,1.0
2025-03-27,supplier,4,receipt_event_flag,0.0
2025-03-27,supplier,5,po_delay_days,0.0
2025-03-27,supplier,5,receipt_fill_rate,1.0
2025-03-27,supplier,5,receipt_event_flag,0.0
2025-03-27,material,101,stock,282.0
2025-03-27,material,101,days_of_cover,9.97
2025-03-27,material,101,open_po_flag,0.0
2025-03-27,material,101,reorder_triggered,0.0
2025-03-27,material,102,stock,345.0
2025-03-27,material,102,days_of_cover,40.25
2025-03-27,material,102,open_po_flag,0.0
2025-03-27,material,102,reorder_triggered,0.0
2025-03-27,material,103,stock,102.0
2025-03-27,material,103,days_of_cover,18.79
2025-03-27,material,103,open_po_flag,0.0
2025-03-27,material,103,reorder_triggered,0.0
2025-03-27,product,201,fg_stock,223.0
2025-03-27,product,201,planned_production,0.0
2025-03-27,product,201,actual_production,0.0
2025-03-27,product,201,production_shortfall,0.0
2025-03-27,product,201,demand_units,22.0
2025-03-27,product,201,due_backlog_units,0.0
2025-03-27,product,201,newly_backordered_units,0.0
2025-03-27,product,201,backorder_flag,0.0
2025-03-27,product,202,fg_stock,130.0
2025-03-27,product,202,planned_production,0.0
2025-03-27,product,202,actual_production,0.0
2025-03-27,product,202,production_shortfall,0.0
2025-03-27,product,202,demand_units,7.0
2025-03-27,product,202,due_backlog_units,0.0
2025-03-27,product,202,newly_backordered_units,0.0
2025-03-27,product,202,backorder_flag,0.0
2025-03-28,calendar,global,weekday,4.0
2025-03-28,calendar,global,month,3.0
2025-03-28,calendar,global,is_weekend,0.0
2025-03-28,supplier,1,po_delay_days,0.0
2025-03-28,supplier,1,receipt_fill_rate,1.0
2025-03-28,supplier,1,receipt_event_flag,0.0
2025-03-28,supplier,2,po_delay_days,0.0
2025-03-28,supplier,2,receipt_fill_rate,1.0
2025-03-28,supplier,2,receipt_event_flag,0.0
2025-03-28,supplier,3,po_delay_days,0.0
2025-03-28,supplier,3,receipt_fill_rate,1.0
2025-03-28,supplier,3,receipt_event_flag,0.0
2025-03-28,supplier,4,po_delay_days,0.0
2025-03-28,supplier,4,receipt_fill_rate,1.0
2025-03-28,supplier,4,receipt_event_flag,0.0
2025-03-28,supplier,5,po_delay_days,0.0
2025-03-28,supplier,5,receipt_fill_rate,1.0
2025-03-28,supplier,5,receipt_event_flag,0.0
2025-03-28,material,101,stock,282.0
2025-03-28,material,101,days_of_cover,9.97
2025-03-28,material,101,open_po_flag,0.0
2025-03-28,material,101,reorder_triggered,0.0
2025-03-28,material,102,stock,345.0
2025-03-28,material,102,days_of_cover,40.25
2025-03-28,material,102,open_po_flag,0.0
2025-03-28,material,102,reorder_triggered,0.0
2025-03-28,material,103,stock,102.0
2025-03-28,material,103,days_of_cover,18.79
2025-03-28,material,103,open_po_flag,0.0
2025-03-28,material,103,reorder_triggered,0.0
2025-03-28,product,201,fg_stock,223.0
2025-03-28,product,201,planned_production,0.0
2025-03-28,product,201,actual_production,0.0
2025-03-28,product,201,production_shortfall,0.0
2025-03-28,product,201,demand_units,0.0
2025-03-28,product,201,due_backlog_units,0.0
2025-03-28,product,201,newly_backordered_units,0.0
2025-03-28,product,201,backorder_flag,0.0
2025-03-28,product,202,fg_stock,130.0
2025-03-28,product,202,planned_production,0.0
2025-03-28,product,202,actual_production,0.0
2025-03-28,product,202,production_shortfall,0.0
2025-03-28,product,202,demand_units,0.0
2025-03-28,product,202,due_backlog_units,0.0
2025-03-28,product,202,newly_backordered_units,0.0
2025-03-28,product,202,backorder_flag,0.0
2025-03-29,calendar,global,weekday,5.0
2025-03-29,calendar,global,month,3.0
2025-03-29,calendar,global,is_weekend,1.0
2025-03-29,supplier,1,po_delay_days,0.0
2025-03-29,supplier,1,receipt_fill_rate,1.0
2025-03-29,supplier,1,receipt_event_flag,0.0
2025-03-29,supplier,2,po_delay_days,0.0
2025-03-29,supplier,2,receipt_fill_rate,1.0
2025-03-29,supplier,2,receipt_event_flag,0.0
2025-03-29,supplier,3,po_delay_days,0.0
2025-03-29,supplier,3,receipt_fill_rate,1.0
2025-03-29,supplier,3,receipt_event_flag,0.0
2025-03-29,supplier,4,po_delay_days,0.0
2025-03-29,supplier,4,receipt_fill_rate,1.0
2025-03-29,supplier,4,receipt_event_flag,0.0
2025-03-29,supplier,5,po_delay_days,0.0
2025-03-29,supplier,5,receipt_fill_rate,1.0
2025-03-29,supplier,5,receipt_event_flag,0.0
2025-03-29,material,101,stock,282.0
2025-03-29,material,101,days_of_cover,9.97
2025-03-29,material,101,open_po_flag,0.0
2025-03-29,material,101,reorder_triggered,0.0
2025-03-29,material,102,stock,345.0
2025-03-29,material,102,days_of_cover,40.25
2025-03-29,material,102,open_po_flag,0.0
2025-03-29,material,102,reorder_triggered,0.0
2025-03-29,material,103,stock,102.0
2025-03-29,material,103,days_of_cover,18.79
2025-03-29,material,103,open_po_flag,0.0
2025-03-29,material,103,reorder_triggered,0.0
2025-03-29,product,201,fg_stock,223.0
2025-03-29,product,201,planned_production,0.0
2025-03-29,product,201,actual_production,0.0
2025-03-29,product,201,production_shortfall,0.0
2025-03-29,product,201,demand_units,0.0
2025-03-29,product,201,due_backlog_units,0.0
2025-03-29,product,201,newly_backordered_units,0.0
2025-03-29,product,201,backorder_flag,0.0
2025-03-29,product,202,fg_stock,130.0
2025-03-29,product,202,planned_production,0.0
2025-03-29,product,202,actual_production,0.0
2025-03-29,product,202,production_shortfall,0.0
2025-03-29,product,202,demand_units,0.0
2025-03-29,product,202,due_backlog_units,0.0
2025-03-29,product,202,newly_backordered_units,0.0
2025-03-29,product,202,backorder_flag,0.0
2025-03-30,calendar,global,weekday,6.0
2025-03-30,calendar,global,month,3.0
2025-03-30,calendar,global,is_weekend,1.0
2025-03-30,supplier,1,po_delay_days,0.0
2025-03-30,supplier,1,receipt_fill_rate,1.0
2025-03-30,supplier,1,receipt_event_flag,0.0
2025-03-30,supplier,2,po_delay_days,0.0
2025-03-30,supplier,2,receipt_fill_rate,1.0
2025-03-30,supplier,2,receipt_event_flag,0.0
2025-03-30,supplier,3,po_delay_days,0.0
2025-03-30,supplier,3,receipt_fill_rate,1.0
2025-03-30,supplier,3,receipt_event_flag,0.0
2025-03-30,supplier,4,po_delay_days,0.0
2025-03-30,supplier,4,receipt_fill_rate,1.0
2025-03-30,supplier,4,receipt_event_flag,0.0
2025-03-30,supplier,5,po_delay_days,0.0
2025-03-30,supplier,5,receipt_fill_rate,1.0
2025-03-30,supplier,5,receipt_event_flag,0.0
2025-03-30,material,101,stock,282.0
2025-03-30,material,101,days_of_cover,9.97
2025-03-30,material,101,open_po_flag,0.0
2025-03-30,material,101,reorder_triggered,0.0
2025-03-30,material,102,stock,345.0
2025-03-30,material,102,days_of_cover,40.25
2025-03-30,material,102,open_po_flag,0.0
2025-03-30,material,102,reorder_triggered,0.0
2025-03-30,material,103,stock,102.0
2025-03-30,material,103,days_of_cover,18.79
2025-03-30,material,103,open_po_flag,0.0
2025-03-30,material,103,reorder_triggered,0.0
2025-03-30,product,201,fg_stock,211.0
2025-03-30,product,201,planned_production,0.0
2025-03-30,product,201,actual_production,0.0
2025-03-30,product,201,production_shortfall,0.0
2025-03-30,product,201,demand_units,0.0
2025-03-30,product,201,due_backlog_units,0.0
2025-03-30,product,201,newly_backordered_units,0.0
2025-03-30,product,201,backorder_flag,0.0
2025-03-30,product,202,fg_stock,130.0
2025-03-30,product,202,planned_production,0.0
2025-03-30,product,202,actual_production,0.0
2025-03-30,product,202,production_shortfall,0.0
2025-03-30,product,202,demand_units,0.0
2025-03-30,product,202,due_backlog_units,0.0
2025-03-30,product,202,newly_backordered_units,0.0
2025-03-30,product,202,backorder_flag,0.0
2025-03-31,calendar,global,weekday,0.0
2025-03-31,calendar,global,month,3.0
2025-03-31,calendar,global,is_weekend,0.0
2025-03-31,supplier,1,po_delay_days,0.0
2025-03-31,supplier,1,receipt_fill_rate,1.0
2025-03-31,supplier,1,receipt_event_flag,0.0
2025-03-31,supplier,2,po_delay_days,0.0
2025-03-31,supplier,2,receipt_fill_rate,1.0
2025-03-31,supplier,2,receipt_event_flag,0.0
2025-03-31,supplier,3,po_delay_days,0.0
2025-03-31,supplier,3,receipt_fill_rate,1.0
2025-03-31,supplier,3,receipt_event_flag,0.0
2025-03-31,supplier,4,po_delay_days,0.0
2025-03-31,supplier,4,receipt_fill_rate,1.0
2025-03-31,supplier,4,receipt_event_flag,0.0
2025-03-31,supplier,5,po_delay_days,0.0
2025-03-31,supplier,5,receipt_fill_rate,1.0
2025-03-31,supplier,5,receipt_event_flag,0.0
2025-03-31,material,101,stock,183.0
2025-03-31,material,101,days_of_cover,5.75
2025-03-31,material,101,open_po_flag,1.0
2025-03-31,material,101,reorder_triggered,1.0
2025-03-31,material,102,stock,315.0
2025-03-31,material,102,days_of_cover,32.67
2025-03-31,material,102,open_po_flag,0.0
2025-03-31,material,102,reorder_triggered,0.0
2025-03-31,material,103,stock,83.0
2025-03-31,material,103,days_of_cover,13.59
2025-03-31,material,103,open_po_flag,1.0
2025-03-31,material,103,reorder_triggered,1.0
2025-03-31,product,201,fg_stock,219.0
2025-03-31,product,201,planned_production,30.0
2025-03-31,product,201,actual_production,30.0
2025-03-31,product,201,production_shortfall,0.0
2025-03-31,product,201,demand_units,0.0
2025-03-31,product,201,due_backlog_units,0.0
2025-03-31,product,201,newly_backordered_units,0.0
2025-03-31,product,201,backorder_flag,0.0
2025-03-31,product,202,fg_stock,150.0
2025-03-31,product,202,planned_production,20.0
2025-03-31,product,202,actual_production,20.0
2025-03-31,product,202,production_shortfall,0.0
2025-03-31,product,202,demand_units,0.0
2025-03-31,product,202,due_backlog_units,0.0
2025-03-31,product,202,newly_backordered_units,0.0
2025-03-31,product,202,backorder_flag,0.0
2025-04-01,calendar,global,weekday,1.0
2025-04-01,calendar,global,month,4.0
2025-04-01,calendar,global,is_weekend,0.0
2025-04-01,supplier,1,po_delay_days,0.0
2025-04-01,supplier,1,receipt_fill_rate,1.0
2025-04-01,supplier,1,receipt_event_flag,0.0
2025-04-01,supplier,2,po_delay_days,0.0
2025-04-01,supplier,2,receipt_fill_rate,1.0
2025-04-01,supplier,2,receipt_event_flag,0.0
2025-04-01,supplier,3,po_delay_days,0.0
2025-04-01,supplier,3,receipt_fill_rate,1.0
2025-04-01,supplier,3,receipt_event_flag,0.0
2025-04-01,supplier,4,po_delay_days,0.0
2025-04-01,supplier,4,receipt_fill_rate,1.0
2025-04-01,supplier,4,receipt_event_flag,0.0
2025-04-01,supplier,5,po_delay_days,0.0
2025-04-01,supplier,5,receipt_fill_rate,1.0
2025-04-01,supplier,5,receipt_event_flag,0.0
2025-04-01,material,101,stock,183.0
2025-04-01,material,101,days_of_cover,5.75
2025-04-01,material,101,open_po_flag,1.0
2025-04-01,material,101,reorder_triggered,0.0
2025-04-01,material,102,stock,315.0
2025-04-01,material,102,days_of_cover,32.67
2025-04-01,material,102,open_po_flag,0.0
2025-04-01,material,102,reorder_triggered,0.0
2025-04-01,material,103,stock,83.0
2025-04-01,material,103,days_of_cover,13.59
2025-04-01,material,103,open_po_flag,1.0
2025-04-01,material,103,reorder_triggered,0.0
2025-04-01,product,201,fg_stock,219.0
2025-04-01,product,201,planned_production,0.0
2025-04-01,product,201,actual_production,0.0
2025-04-01,product,201,production_shortfall,0.0
2025-04-01,product,201,demand_units,0.0
2025-04-01,product,201,due_backlog_units,0.0
2025-04-01,product,201,newly_backordered_units,0.0
2025-04-01,product,201,backorder_flag,0.0
2025-04-01,product,202,fg_stock,143.0
2025-04-01,product,202,planned_production,0.0
2025-04-01,product,202,actual_production,0.0
2025-04-01,product,202,production_shortfall,0.0
2025-04-01,product,202,demand_units,0.0
2025-04-01,product,202,due_backlog_units,0.0
2025-04-01,product,202,newly_backordered_units,0.0
2025-04-01,product,202,backorder_flag,0.0
2025-04-02,calendar,global,weekday,2.0
2025-04-02,calendar,global,month,4.0
2025-04-02,calendar,global,is_weekend,0.0
2025-04-02,supplier,1,po_delay_days,0.0
2025-04-02,supplier,1,receipt_fill_rate,1.0
2025-04-02,supplier,1,receipt_event_flag,0.0
2025-04-02,supplier,2,po_delay_days,0.0
2025-04-02,supplier,2,receipt_fill_rate,1.0
2025-04-02,supplier,2,receipt_event_flag,0.0
2025-04-02,supplier,3,po_delay_days,0.0
2025-04-02,supplier,3,receipt_fill_rate,1.0
2025-04-02,supplier,3,receipt_event_flag,0.0
2025-04-02,supplier,4,po_delay_days,0.0
2025-04-02,supplier,4,receipt_fill_rate,1.0
2025-04-02,supplier,4,receipt_event_flag,0.0
2025-04-02,supplier,5,po_delay_days,0.0
2025-04-02,supplier,5,receipt_fill_rate,1.0
2025-04-02,supplier,5,receipt_event_flag,0.0
2025-04-02,material,101,stock,84.0
2025-04-02,material,101,days_of_cover,2.64
2025-04-02,material,101,open_po_flag,1.0
2025-04-02,material,101,reorder_triggered,0.0
2025-04-02,material,102,stock,285.0
2025-04-02,material,102,days_of_cover,29.56
2025-04-02,material,102,open_po_flag,0.0
2025-04-02,material,102,reorder_triggered,0.0
2025-04-02,material,103,stock,64.0
2025-04-02,material,103,days_of_cover,10.48
2025-04-02,material,103,open_po_flag,1.0
2025-04-02,material,103,reorder_triggered,0.0
2025-04-02,product,201,fg_stock,249.0
2025-04-02,product,201,planned_production,30.0
2025-04-02,product,201,actual_production,30.0
2025-04-02,product,201,production_shortfall,0.0
2025-04-02,product,201,demand_units,0.0
2025-04-02,product,201,due_backlog_units,0.0
2025-04-02,product,201,newly_backordered_units,0.0
2025-04-02,product,201,backorder_flag,0.0
2025-04-02,product,202,fg_stock,163.0
2025-04-02,product,202,planned_production,20.0
2025-04-02,product,202,actual_production,20.0
2025-04-02,product,202,production_shortfall,0.0
2025-04-02,product,202,demand_units,16.0
2025-04-02,product,202,due_backlog_units,0.0
2025-04-02,product,202,newly_backordered_units,0.0
2025-04-02,product,202,backorder_flag,0.0
2025-04-03,calendar,global,weekday,3.0
2025-04-03,calendar,global,month,4.0
2025-04-03,calendar,global,is_weekend,0.0
2025-04-03,supplier,1,po_delay_days,0.0
2025-04-03,supplier,1,receipt_fill_rate,1.0
2025-04-03,supplier,1,receipt_event_flag,0.0
2025-04-03,supplier,2,po_delay_days,0.0
2025-04-03,supplier,2,receipt_fill_rate,1.0
2025-04-03,supplier,2,receipt_event_flag,0.0
2025-04-03,supplier,3,po_delay_days,0.0
2025-04-03,supplier,3,receipt_fill_rate,1.0
2025-04-03,supplier,3,receipt_event_flag,0.0
2025-04-03,supplier,4,po_delay_days,0.0
2025-04-03,supplier,4,receipt_fill_rate,1.0
2025-04-03,supplier,4,receipt_event_flag,0.0
2025-04-03,supplier,5,po_delay_days,0.0
2025-04-03,supplier,5,receipt_fill_rate,1.0
2025-04-03,supplier,5,receipt_event_flag,0.0
2025-04-03,material,101,stock,84.0
2025-04-03,material,101,days_of_cover,2.64
2025-04-03,material,101,open_po_flag,1.0
2025-04-03,material,101,reorder_triggered,0.0
2025-04-03,material,102,stock,285.0
2025-04-03,material,102,days_of_cover,29.56
2025-04-03,material,102,open_po_flag,0.0
2025-04-03,material,102,reorder_triggered,0.0
2025-04-03,material,103,stock,64.0
2025-04-03,material,103,days_of_cover,10.48
2025-04-03,material,103,open_po_flag,1.0
2025-04-03,material,103,reorder_triggered,0.0
2025-04-03,product,201,fg_stock,229.0
2025-04-03,product,201,planned_production,0.0
2025-04-03,product,201,actual_production,0.0
2025-04-03,product,201,production_shortfall,0.0
2025-04-03,product,201,demand_units,0.0
2025-04-03,product,201,due_backlog_units,0.0
2025-04-03,product,201,newly_backordered_units,0.0
2025-04-03,product,201,backorder_flag,0.0
2025-04-03,product,202,fg_stock,163.0
2025-04-03,product,202,planned_production,0.0
2025-04-03,product,202,actual_production,0.0
2025-04-03,product,202,production_shortfall,0.0
2025-04-03,product,202,demand_units,0.0
2025-04-03,product,202,due_backlog_units,0.0
2025-04-03,product,202,newly_backordered_units,0.0
2025-04-03,product,202,backorder_flag,0.0
2025-04-04,calendar,global,weekday,4.0
2025-04-04,calendar,global,month,4.0
2025-04-04,calendar,global,is_weekend,0.0
2025-04-04,supplier,1,po_delay_days,0.0
2025-04-04,supplier,1,receipt_fill_rate,1.0
2025-04-04,supplier,1,receipt_event_flag,0.0
2025-04-04,supplier,2,po_delay_days,0.0
2025-04-04,supplier,2,receipt_fill_rate,1.0
2025-04-04,supplier,2,receipt_event_flag,0.0
2025-04-04,supplier,3,po_delay_days,0.0
2025-04-04,supplier,3,receipt_fill_rate,1.0
2025-04-04,supplier,3,receipt_event_flag,0.0
2025-04-04,supplier,4,po_delay_days,0.0
2025-04-04,supplier,4,receipt_fill_rate,1.0
2025-04-04,supplier,4,receipt_event_flag,0.0
2025-04-04,supplier,5,po_delay_days,0.0
2025-04-04,supplier,5,receipt_fill_rate,1.0
2025-04-04,supplier,5,receipt_event_flag,0.0
2025-04-04,material,101,stock,84.0
2025-04-04,material,101,days_of_cover,2.97
2025-04-04,material,101,open_po_flag,1.0
2025-04-04,material,101,reorder_triggered,0.0
2025-04-04,material,102,stock,285.0
2025-04-04,material,102,days_of_cover,33.25
2025-04-04,material,102,open_po_flag,0.0
2025-04-04,material,102,reorder_triggered,0.0
2025-04-04,material,103,stock,64.0
2025-04-04,material,103,days_of_cover,11.79
2025-04-04,material,103,open_po_flag,1.0
2025-04-04,material,103,reorder_triggered,0.0
2025-04-04,product,201,fg_stock,229.0
2025-04-04,product,201,planned_production,0.0
2025-04-04,product,201,actual_production,0.0
2025-04-04,product,201,production_shortfall,0.0
2025-04-04,product,201,demand_units,22.0
2025-04-04,product,201,due_backlog_units,0.0
2025-04-04,product,201,newly_backordered_units,0.0
2025-04-04,product,201,backorder_flag,0.0
2025-04-04,product,202,fg_stock,163.0
2025-04-04,product,202,planned_production,0.0
2025-04-04,product,202,actual_production,0.0
2025-04-04,product,202,production_shortfall,0.0
2025-04-04,product,202,demand_units,0.0
2025-04-04,product,202,due_backlog_units,0.0
2025-04-04,product,202,newly_backordered_units,0.0
2025-04-04,product,202,backorder_flag,0.0
2025-04-05,calendar,global,weekday,5.0
2025-04-05,calendar,global,month,4.0
2025-04-05,calendar,global,is_weekend,1.0
2025-04-05,supplier,1,po_delay_days,0.0
2025-04-05,supplier,1,receipt_fill_rate,1.0
2025-04-05,supplier,1,receipt_event_flag,0.0
2025-04-05,supplier,2,po_delay_days,0.0
2025-04-05,supplier,2,receipt_fill_rate,1.0
2025-04-05,supplier,2,receipt_event_flag,0.0
2025-04-05,supplier,3,po_delay_days,0.0
2025-04-05,supplier,3,receipt_fill_rate,1.0
2025-04-05,supplier,3,receipt_event_flag,0.0
2025-04-05,supplier,4,po_delay_days,0.0
2025-04-05,supplier,4,receipt_fill_rate,1.0
2025-04-05,supplier,4,receipt_event_flag,0.0
2025-04-05,supplier,5,po_delay_days,0.0
2025-04-05,supplier,5,receipt_fill_rate,1.0
2025-04-05,supplier,5,receipt_event_flag,0.0
2025-04-05,material,101,stock,84.0
2025-04-05,material,101,days_of_cover,2.97
2025-04-05,material,101,open_po_flag,1.0
2025-04-05,material,101,reorder_triggered,0.0
2025-04-05,material,102,stock,285.0
2025-04-05,material,102,days_of_cover,33.25
2025-04-05,material,102,open_po_flag,0.0
2025-04-05,material,102,reorder_triggered,0.0
2025-04-05,material,103,stock,64.0
2025-04-05,material,103,days_of_cover,11.79
2025-04-05,material,103,open_po_flag,1.0
2025-04-05,material,103,reorder_triggered,0.0
2025-04-05,product,201,fg_stock,229.0
2025-04-05,product,201,planned_production,0.0
2025-04-05,product,201,actual_production,0.0
2025-04-05,product,201,production_shortfall,0.0
2025-04-05,product,201,demand_units,0.0
2025-04-05,product,201,due_backlog_units,0.0
2025-04-05,product,201,newly_backordered_units,0.0
2025-04-05,product,201,backorder_flag,0.0
2025-04-05,product,202,fg_stock,156.0
2025-04-05,product,202,planned_production,0.0
2025-04-05,product,202,actual_production,0.0
2025-04-05,product,202,production_shortfall,0.0
2025-04-05,product,202,demand_units,0.0
2025-04-05,product,202,due_backlog_units,0.0
2025-04-05,product,202,newly_backordered_units,0.0
2025-04-05,product,202,backorder_flag,0.0
2025-04-06,calendar,global,weekday,6.0
2025-04-06,calendar,global,month,4.0
2025-04-06,calendar,global,is_weekend,1.0
2025-04-06,supplier,1,po_delay_days,0.0
2025-04-06,supplier,1,receipt_fill_rate,1.0
2025-04-06,supplier,1,receipt_event_flag,0.0
2025-04-06,supplier,2,po_delay_days,0.0
2025-04-06,supplier,2,receipt_fill_rate,1.0
2025-04-06,supplier,2,receipt_event_flag,0.0
2025-04-06,supplier,3,po_delay_days,0.0
2025-04-06,supplier,3,receipt_fill_rate,1.0
2025-04-06,supplier,3,receipt_event_flag,0.0
2025-04-06,supplier,4,po_delay_days,0.0
2025-04-06,supplier,4,receipt_fill_rate,1.0
2025-04-06,supplier,4,receipt_event_flag,0.0
2025-04-06,supplier,5,po_delay_days,0.0
2025-04-06,supplier,5,receipt_fill_rate,1.0
2025-04-06,supplier,5,receipt_event_flag,0.0
2025-04-06,material,101,stock,84.0
2025-04-06,material,101,days_of_cover,2.97
2025-04-06,material,101,open_po_flag,1.0
2025-04-06,material,101,reorder_triggered,0.0
2025-04-06,material,102,stock,285.0
2025-04-06,material,102,days_of_cover,33.25
2025-04-06,material,102,open_po_flag,0.0
2025-04-06,material,102,reorder_triggered,0.0
2025-04-06,material,103,stock,64.0
2025-04-06,material,103,days_of_cover,11.79
2025-04-06,material,103,open_po_flag,1.0
2025-04-06,material,103,reorder_triggered,0.0
2025-04-06,product,201,fg_stock,229.0
2025-04-06,product,201,planned_production,0.0
2025-04-06,product,201,actual_production,0.0
2025-04-06,product,201,production_shortfall,0.0
2025-04-06,product,201,demand_units,0.0
2025-04-06,product,201,due_backlog_units,0.0
2025-04-06,product,201,newly_backordered_units,0.0
2025-04-06,product,201,backorder_flag,0.0
2025-04-06,product,202,fg_stock,156.0
2025-04-06,product,202,planned_production,0.0
2025-04-06,product,202,actual_production,0.0
2025-04-06,product,202,production_shortfall,0.0
2025-04-06,product,202,demand_units,0.0
2025-04-06,product,202,due_backlog_units,0.0
2025-04-06,product,202,newly_backordered_units,0.0
2025-04-06,product,202,backorder_flag,0.0
2025-04-07,calendar,global,weekday,0.0
2025-04-07,calendar,global,month,4.0
2025-04-07,calendar,global,is_weekend,0.0
2025-04-07,supplier,1,po_delay_days,0.0
2025-04-07,supplier,1,receipt_fill_rate,1.0
2025-04-07,supplier,1,receipt_event_flag,0.0
2025-04-07,supplier,2,po_delay_days,0.0
2025-04-07,supplier,2,receipt_fill_rate,1.0
2025-04-07,supplier,2,receipt_event_flag,0.0
2025-04-07,supplier,3,po_delay_days,0.0
2025-04-07,supplier,3,receipt_fill_rate,1.0
2025-04-07,supplier,3,receipt_event_flag,0.0
2025-04-07,supplier,4,po_delay_days,0.0
2025-04-07,supplier,4,receipt_fill_rate,1.0
2025-04-07,supplier,4,receipt_event_flag,0.0
2025-04-07,supplier,5,po_delay_days,0.0
2025-04-07,supplier,5,receipt_fill_rate,1.0
2025-04-07,supplier,5,receipt_event_flag,0.0
2025-04-07,material,101,stock,35.0
2025-04-07,material,101,days_of_cover,1.1
2025-04-07,material,101,open_po_flag,1.0
2025-04-07,material,101,reorder_triggered,0.0
2025-04-07,material,102,stock,275.0
2025-04-07,material,102,days_of_cover,28.52
2025-04-07,material,102,open_po_flag,0.0
2025-04-07,material,102,reorder_triggered,0.0
2025-04-07,material,103,stock,51.0
2025-04-07,material,103,days_of_cover,8.35
2025-04-07,material,103,open_po_flag,1.0
2025-04-07,material,103,reorder_triggered,0.0
2025-04-07,product,201,fg_stock,239.0
2025-04-07,product,201,planned_production,30.0
2025-04-07,product,201,actual_production,10.0
2025-04-07,product,201,production_shortfall,20.0
2025-04-07,product,201,demand_units,0.0
2025-04-07,product,201,due_backlog_units,0.0
2025-04-07,product,201,newly_backordered_units,0.0
2025-04-07,product,201,backorder_flag,0.0
2025-04-07,product,202,fg_stock,176.0
2025-04-07,product,202,planned_production,20.0
2025-04-07,product,202,actual_production,20.0
2025-04-07,product,202,production_shortfall,0.0
2025-04-07,product,202,demand_units,0.0
2025-04-07,product,202,due_backlog_units,0.0
2025-04-07,product,202,newly_backordered_units,0.0
2025-04-07,product,202,backorder_flag,0.0
2025-04-08,calendar,global,weekday,1.0
2025-04-08,calendar,global,month,4.0
2025-04-08,calendar,global,is_weekend,0.0
2025-04-08,supplier,1,po_delay_days,0.0
2025-04-08,supplier,1,receipt_fill_rate,1.0
2025-04-08,supplier,1,receipt_event_flag,0.0
2025-04-08,supplier,2,po_delay_days,0.0
2025-04-08,supplier,2,receipt_fill_rate,1.0
2025-04-08,supplier,2,receipt_event_flag,0.0
2025-04-08,supplier,3,po_delay_days,0.0
2025-04-08,supplier,3,receipt_fill_rate,1.0
2025-04-08,supplier,3,receipt_event_flag,0.0
2025-04-08,supplier,4,po_delay_days,0.0
2025-04-08,supplier,4,receipt_fill_rate,1.0
2025-04-08,supplier,4,receipt_event_flag,0.0
2025-04-08,supplier,5,po_delay_days,0.0
2025-04-08,supplier,5,receipt_fill_rate,1.0
2025-04-08,supplier,5,receipt_event_flag,0.0
2025-04-08,material,101,stock,35.0
2025-04-08,material,101,days_of_cover,1.24
2025-04-08,material,101,open_po_flag,1.0
2025-04-08,material,101,reorder_triggered,0.0
2025-04-08,material,102,stock,275.0
2025-04-08,material,102,days_of_cover,32.08
2025-04-08,material,102,open_po_flag,0.0
2025-04-08,material,102,reorder_triggered,0.0
2025-04-08,material,103,stock,51.0
2025-04-08,material,103,days_of_cover,9.39
2025-04-08,material,103,open_po_flag,1.0
2025-04-08,material,103,reorder_triggered,0.0
2025-04-08,product,201,fg_stock,217.0
2025-04-08,product,201,planned_production,0.0
2025-04-08,product,201,actual_production,0.0
2025-04-08,product,201,production_shortfall,0.0
2025-04-08,product,201,demand_units,34.0
2025-04-08,product,201,due_backlog_units,0.0
2025-04-08,product,201,newly_backordered_units,0.0
2025-04-08,product,201,backorder_flag,0.0
2025-04-08,product,202,fg_stock,167.0
2025-04-08,product,202,planned_production,0.0
2025-04-08,product,202,actual_production,0.0
2025-04-08,product,202,production_shortfall,0.0
2025-04-08,product,202,demand_units,0.0
2025-04-08,product,202,due_backlog_units,0.0
2025-04-08,product,202,newly_backordered_units,0.0
2025-04-08,product,202,backorder_flag,0.0
2025-04-09,calendar,global,weekday,2.0
2025-04-09,calendar,global,month,4.0
2025-04-09,calendar,global,is_weekend,0.0
2025-04-09,supplier,1,po_delay_days,0.0
2025-04-09,supplier,1,receipt_fill_rate,1.0
2025-04-09,supplier,1,receipt_event_flag,0.0
2025-04-09,supplier,2,po_delay_days,0.0
2025-04-09,supplier,2,receipt_fill_rate,1.0
2025-04-09,supplier,2,receipt_event_flag,0.0
2025-04-09,supplier,3,po_delay_days,0.0
2025-04-09,supplier,3,receipt_fill_rate,1.0
2025-04-09,supplier,3,receipt_event_flag,0.0
2025-04-09,supplier,4,po_delay_days,0.0
2025-04-09,supplier,4,receipt_fill_rate,1.0
2025-04-09,supplier,4,receipt_event_flag,0.0
2025-04-09,supplier,5,po_delay_days,0.0
2025-04-09,supplier,5,receipt_fill_rate,1.0
2025-04-09,supplier,5,receipt_event_flag,0.0
2025-04-09,material,101,stock,11.0
2025-04-09,material,101,days_of_cover,0.35
2025-04-09,material,101,open_po_flag,1.0
2025-04-09,material,101,reorder_triggered,0.0
2025-04-09,material,102,stock,275.0
2025-04-09,material,102,days_of_cover,28.52
2025-04-09,material,102,open_po_flag,0.0
2025-04-09,material,102,reorder_triggered,0.0
2025-04-09,material,103,stock,41.0
2025-04-09,material,103,days_of_cover,6.71
2025-04-09,material,103,open_po_flag,1.0
2025-04-09,material,103,reorder_triggered,0.0
2025-04-09,product,201,fg_stock,217.0
2025-04-09,product,201,planned_production,30.0
2025-04-09,product,201,actual_production,0.0
2025-04-09,product,201,production_shortfall,30.0
2025-04-09,product,201,demand_units,16.0
2025-04-09,product,201,due_backlog_units,0.0
2025-04-09,product,201,newly_backordered_units,0.0
2025-04-09,product,201,backorder_flag,0.0
2025-04-09,product,202,fg_stock,187.0
2025-04-09,product,202,planned_production,20.0
2025-04-09,product,202,actual_production,20.0
2025-04-09,product,202,production_shortfall,0.0
2025-04-09,product,202,demand_units,0.0
2025-04-09,product,202,due_backlog_units,0.0
2025-04-09,product,202,newly_backordered_units,0.0
2025-04-09,product,202,backorder_flag,0.0
2025-04-10,calendar,global,weekday,3.0
2025-04-10,calendar,global,month,4.0
2025-04-10,calendar,global,is_weekend,0.0
2025-04-10,supplier,1,po_delay_days,0.0
2025-04-10,supplier,1,receipt_fill_rate,1.0
2025-04-10,supplier,1,receipt_event_flag,0.0
2025-04-10,supplier,2,po_delay_days,0.0
2025-04-10,supplier,2,receipt_fill_rate,1.0
2025-04-10,supplier,2,receipt_event_flag,0.0
2025-04-10,supplier,3,po_delay_days,0.0
2025-04-10,supplier,3,receipt_fill_rate,1.0
2025-04-10,supplier,3,receipt_event_flag,0.0
2025-04-10,supplier,4,po_delay_days,1.0
2025-04-10,supplier,4,receipt_fill_rate,1.0
2025-04-10,supplier,4,receipt_event_flag,1.0
2025-04-10,supplier,5,po_delay_days,0.0
2025-04-10,supplier,5,receipt_fill_rate,1.0
2025-04-10,supplier,5,receipt_event_flag,0.0
2025-04-10,material,101,stock,281.0
2025-04-10,material,101,days_of_cover,7.95
2025-04-10,material,101,open_po_flag,0.0
2025-04-10,material,101,reorder_triggered,0.0
2025-04-10,material,102,stock,245.0
2025-04-10,material,102,days_of_cover,22.87
2025-04-10,material,102,open_po_flag,0.0
2025-04-10,material,102,reorder_triggered,0.0
2025-04-10,material,103,stock,22.0
2025-04-10,material,103,days_of_cover,3.24
2025-04-10,material,103,open_po_flag,1.0
2025-04-10,material,103,reorder_triggered,0.0
2025-04-10,product,201,fg_stock,247.0
2025-04-10,product,201,planned_production,30.0
2025-04-10,product,201,actual_production,30.0
2025-04-10,product,201,production_shortfall,0.0
2025-04-10,product,201,demand_units,0.0
2025-04-10,product,201,due_backlog_units,0.0
2025-04-10,product,201,newly_backordered_units,0.0
2025-04-10,product,201,backorder_flag,0.0
2025-04-10,product,202,fg_stock,207.0
2025-04-10,product,202,planned_production,20.0
2025-04-10,product,202,actual_production,20.0
2025-04-10,product,202,production_shortfall,0.0
2025-04-10,product,202,demand_units,0.0
2025-04-10,product,202,due_backlog_units,0.0
2025-04-10,product,202,newly_backordered_units,0.0
2025-04-10,product,202,backorder_flag,0.0
2025-04-11,calendar,global,weekday,4.0
2025-04-11,calendar,global,month,4.0
2025-04-11,calendar,global,is_weekend,0.0
2025-04-11,supplier,1,po_delay_days,0.0
2025-04-11,supplier,1,receipt_fill_rate,1.0
2025-04-11,supplier,1,receipt_event_flag,0.0
2025-04-11,supplier,2,po_delay_days,0.0
2025-04-11,supplier,2,receipt_fill_rate,1.0
2025-04-11,supplier,2,receipt_event_flag,0.0
2025-04-11,supplier,3,po_delay_days,0.0
2025-04-11,supplier,3,receipt_fill_rate,1.0
2025-04-11,supplier,3,receipt_event_flag,0.0
2025-04-11,supplier,4,po_delay_days,0.0
2025-04-11,supplier,4,receipt_fill_rate,1.0
2025-04-11,supplier,4,receipt_event_flag,0.0
2025-04-11,supplier,5,po_delay_days,0.0
2025-04-11,supplier,5,receipt_fill_rate,1.0
2025-04-11,supplier,5,receipt_event_flag,0.0
2025-04-11,material,101,stock,281.0
2025-04-11,material,101,days_of_cover,8.83
2025-04-11,material,101,open_po_flag,0.0
2025-04-11,material,101,reorder_triggered,0.0
2025-04-11,material,102,stock,245.0
2025-04-11,material,102,days_of_cover,25.41
2025-04-11,material,102,open_po_flag,0.0
2025-04-11,material,102,reorder_triggered,0.0
2025-04-11,material,103,stock,22.0
2025-04-11,material,103,days_of_cover,3.6
2025-04-11,material,103,open_po_flag,1.0
2025-04-11,material,103,reorder_triggered,0.0
2025-04-11,product,201,fg_stock,236.0
2025-04-11,product,201,planned_production,0.0
2025-04-11,product,201,actual_production,0.0
2025-04-11,product,201,production_shortfall,0.0
2025-04-11,product,201,demand_units,0.0
2025-04-11,product,201,due_backlog_units,0.0
2025-04-11,product,201,newly_backordered_units,0.0
2025-04-11,product,201,backorder_flag,0.0
2025-04-11,product,202,fg_stock,207.0
2025-04-11,product,202,planned_production,0.0
2025-04-11,product,202,actual_production,0.0
2025-04-11,product,202,production_shortfall,0.0
2025-04-11,product,202,demand_units,0.0
2025-04-11,product,202,due_backlog_units,0.0
2025-04-11,product,202,newly_backordered_units,0.0
2025-04-11,product,202,backorder_flag,0.0
2025-04-12,calendar,global,weekday,5.0
2025-04-12,calendar,global,month,4.0
2025-04-12,calendar,global,is_weekend,1.0
2025-04-12,supplier,1,po_delay_days,0.0
2025-04-12,supplier,1,receipt_fill_rate,1.0
2025-04-12,supplier,1,receipt_event_flag,0.0
2025-04-12,supplier,2,po_delay_days,0.0
2025-04-12,supplier,2,receipt_fill_rate,1.0
2025-04-12,supplier,2,receipt_event_flag,0.0
2025-04-12,supplier,3,po_delay_days,0.0
2025-04-12,supplier,3,receipt_fill_rate,1.0
2025-04-12,supplier,3,receipt_event_flag,0.0
2025-04-12,supplier,4,po_delay_days,0.0
2025-04-12,supplier,4,receipt_fill_rate,1.0
2025-04-12,supplier,4,receipt_event_flag,0.0
2025-04-12,supplier,5,po_delay_days,0.0
2025-04-12,supplier,5,receipt_fill_rate,1.0
2025-04-12,supplier,5,receipt_event_flag,0.0
2025-04-12,material,101,stock,281.0
2025-04-12,material,101,days_of_cover,8.83
2025-04-12,material,101,open_po_flag,0.0
2025-04-12,material,101,reorder_triggered,0.0
2025-04-12,material,102,stock,245.0
2025-04-12,material,102,days_of_cover,25.41
2025-04-12,material,102,open_po_flag,0.0
2025-04-12,material,102,reorder_triggered,0.0
2025-04-12,material,103,stock,22.0
2025-04-12,material,103,days_of_cover,3.6
2025-04-12,material,103,open_po_flag,1.0
2025-04-12,material,103,reorder_triggered,0.0
2025-04-12,product,201,fg_stock,220.0
2025-04-12,product,201,planned_production,0.0
2025-04-12,product,201,actual_production,0.0
2025-04-12,product,201,production_shortfall,0.0
2025-04-12,product,201,demand_units,0.0
2025-04-12,product,201,due_backlog_units,0.0
2025-04-12,product,201,newly_backordered_units,0.0
2025-04-12,product,201,backorder_flag,0.0
2025-04-12,product,202,fg_stock,207.0
2025-04-12,product,202,planned_production,0.0
2025-04-12,product,202,actual_production,0.0
2025-04-12,product,202,production_shortfall,0.0
2025-04-12,product,202,demand_units,0.0
2025-04-12,product,202,due_backlog_units,0.0
2025-04-12,product,202,newly_backordered_units,0.0
2025-04-12,product,202,backorder_flag,0.0
2025-04-13,calendar,global,weekday,6.0
2025-04-13,calendar,global,month,4.0
2025-04-13,calendar,global,is_weekend,1.0
2025-04-13,supplier,1,po_delay_days,0.0
2025-04-13,supplier,1,receipt_fill_rate,1.0
2025-04-13,supplier,1,receipt_event_flag,0.0
2025-04-13,supplier,2,po_delay_days,0.0
2025-04-13,supplier,2,receipt_fill_rate,1.0
2025-04-13,supplier,2,receipt_event_flag,0.0
2025-04-13,supplier,3,po_delay_days,0.0
2025-04-13,supplier,3,receipt_fill_rate,1.0
2025-04-13,supplier,3,receipt_event_flag,0.0
2025-04-13,supplier,4,po_delay_days,0.0
2025-04-13,supplier,4,receipt_fill_rate,1.0
2025-04-13,supplier,4,receipt_event_flag,0.0
2025-04-13,supplier,5,po_delay_days,1.0
2025-04-13,supplier,5,receipt_fill_rate,1.0
2025-04-13,supplier,5,receipt_event_flag,1.0
2025-04-13,material,101,stock,281.0
2025-04-13,material,101,days_of_cover,8.83
2025-04-13,material,101,open_po_flag,0.0
2025-04-13,material,101,reorder_triggered,0.0
2025-04-13,material,102,stock,245.0
2025-04-13,material,102,days_of_cover,25.41
2025-04-13,material,102,open_po_flag,0.0
2025-04-13,material,102,reorder_triggered,0.0
2025-04-13,material,103,stock,194.0
2025-04-13,material,103,days_of_cover,31.77
2025-04-13,material,103,open_po_flag,0.0
2025-04-13,material,103,reorder_triggered,0.0
2025-04-13,product,201,fg_stock,220.0
2025-04-13,product,201,planned_production,0.0
2025-04-13,product,201,actual_production,0.0
2025-04-13,product,201,production_shortfall,0.0
2025-04-13,product,201,demand_units,0.0
2025-04-13,product,201,due_backlog_units,0.0
2025-04-13,product,201,newly_backordered_units,0.0
2025-04-13,product,201,backorder_flag,0.0
2025-04-13,product,202,fg_stock,207.0
2025-04-13,product,202,planned_production,0.0
2025-04-13,product,202,actual_production,0.0
2025-04-13,product,202,production_shortfall,0.0
2025-04-13,product,202,demand_units,0.0
2025-04-13,product,202,due_backlog_units,0.0
2025-04-13,product,202,newly_backordered_units,0.0
2025-04-13,product,202,backorder_flag,0.0
2025-04-14,calendar,global,weekday,0.0
2025-04-14,calendar,global,month,4.0
2025-04-14,calendar,global,is_weekend,0.0
2025-04-14,supplier,1,po_delay_days,0.0
2025-04-14,supplier,1,receipt_fill_rate,1.0
2025-04-14,supplier,1,receipt_event_flag,0.0
2025-04-14,supplier,2,po_delay_days,0.0
2025-04-14,supplier,2,receipt_fill_rate,1.0
2025-04-14,supplier,2,receipt_event_flag,0.0
2025-04-14,supplier,3,po_delay_days,0.0
2025-04-14,supplier,3,receipt_fill_rate,1.0
2025-04-14,supplier,3,receipt_event_flag,0.0
2025-04-14,supplier,4,po_delay_days,0.0
2025-04-14,supplier,4,receipt_fill_rate,1.0
2025-04-14,supplier,4,receipt_event_flag,0.0
2025-04-14,supplier,5,po_delay_days,0.0
2025-04-14,supplier,5,receipt_fill_rate,1.0
2025-04-14,supplier,5,receipt_event_flag,0.0
2025-04-14,material,101,stock,281.0
2025-04-14,material,101,days_of_cover,9.93
2025-04-14,material,101,open_po_flag,0.0
2025-04-14,material,101,reorder_triggered,0.0
2025-04-14,material,102,stock,245.0
2025-04-14,material,102,days_of_cover,28.58
2025-04-14,material,102,open_po_flag,0.0
2025-04-14,material,102,reorder_triggered,0.0
2025-04-14,material,103,stock,194.0
2025-04-14,material,103,days_of_cover,35.74
2025-04-14,material,103,open_po_flag,0.0
2025-04-14,material,103,reorder_triggered,0.0
2025-04-14,product,201,fg_stock,220.0
2025-04-14,product,201,planned_production,0.0
2025-04-14,product,201,actual_production,0.0
2025-04-14,product,201,production_shortfall,0.0
2025-04-14,product,201,demand_units,0.0
2025-04-14,product,201,due_backlog_units,0.0
2025-04-14,product,201,newly_backordered_units,0.0
2025-04-14,product,201,backorder_flag,0.0
2025-04-14,product,202,fg_stock,207.0
2025-04-14,product,202,planned_production,0.0
2025-04-14,product,202,actual_production,0.0
2025-04-14,product,202,production_shortfall,0.0
2025-04-14,product,202,demand_units,0.0
2025-04-14,product,202,due_backlog_units,0.0
2025-04-14,product,202,newly_backordered_units,0.0
2025-04-14,product,202,backorder_flag,0.0
2025-04-15,calendar,global,weekday,1.0
2025-04-15,calendar,global,month,4.0
2025-04-15,calendar,global,is_weekend,0.0
2025-04-15,supplier,1,po_delay_days,0.0
2025-04-15,supplier,1,receipt_fill_rate,1.0
2025-04-15,supplier,1,receipt_event_flag,0.0
2025-04-15,supplier,2,po_delay_days,0.0
2025-04-15,supplier,2,receipt_fill_rate,1.0
2025-04-15,supplier,2,receipt_event_flag,0.0
2025-04-15,supplier,3,po_delay_days,0.0
2025-04-15,supplier,3,receipt_fill_rate,1.0
2025-04-15,supplier,3,receipt_event_flag,0.0
2025-04-15,supplier,4,po_delay_days,0.0
2025-04-15,supplier,4,receipt_fill_rate,1.0
2025-04-15,supplier,4,receipt_event_flag,0.0
2025-04-15,supplier,5,po_delay_days,0.0
2025-04-15,supplier,5,receipt_fill_rate,1.0
2025-04-15,supplier,5,receipt_event_flag,0.0
2025-04-15,material,101,stock,281.0
2025-04-15,material,101,days_of_cover,11.35
2025-04-15,material,101,open_po_flag,0.0
2025-04-15,material,101,reorder_triggered,0.0
2025-04-15,material,102,stock,245.0
2025-04-15,material,102,days_of_cover,32.67
2025-04-15,material,102,open_po_flag,0.0
2025-04-15,material,102,reorder_triggered,0.0
2025-04-15,material,103,stock,194.0
2025-04-15,material,103,days_of_cover,40.84
2025-04-15,material,103,open_po_flag,0.0
2025-04-15,material,103,reorder_triggered,0.0
2025-04-15,product,201,fg_stock,220.0
2025-04-15,product,201,planned_production,0.0
2025-04-15,product,201,actual_production,0.0
2025-04-15,product,201,production_shortfall,0.0
2025-04-15,product,201,demand_units,16.0
2025-04-15,product,201,due_backlog_units,0.0
2025-04-15,product,201,newly_backordered_units,0.0
2025-04-15,product,201,backorder_flag,0.0
2025-04-15,product,202,fg_stock,207.0
2025-04-15,product,202,planned_production,0.0
2025-04-15,product,202,actual_production,0.0
2025-04-15,product,202,production_shortfall,0.0
2025-04-15,product,202,demand_units,6.0
2025-04-15,product,202,due_backlog_units,0.0
2025-04-15,product,202,newly_backordered_units,0.0
2025-04-15,product,202,backorder_flag,0.0
2025-04-16,calendar,global,weekday,2.0
2025-04-16,calendar,global,month,4.0
2025-04-16,calendar,global,is_weekend,0.0
2025-04-16,supplier,1,po_delay_days,0.0
2025-04-16,supplier,1,receipt_fill_rate,1.0
2025-04-16,supplier,1,receipt_event_flag,0.0
2025-04-16,supplier,2,po_delay_days,0.0
2025-04-16,supplier,2,receipt_fill_rate,1.0
2025-04-16,supplier,2,receipt_event_flag,0.0
2025-04-16,supplier,3,po_delay_days,0.0
2025-04-16,supplier,3,receipt_fill_rate,1.0
2025-04-16,supplier,3,receipt_event_flag,0.0
2025-04-16,supplier,4,po_delay_days,0.0
2025-04-16,supplier,4,receipt_fill_rate,1.0
2025-04-16,supplier,4,receipt_event_flag,0.0
2025-04-16,supplier,5,po_delay_days,0.0
2025-04-16,supplier,5,receipt_fill_rate,1.0
2025-04-16,supplier,5,receipt_event_flag,0.0
2025-04-16,material,101,stock,281.0
2025-04-16,material,101,days_of_cover,11.35
2025-04-16,material,101,open_po_flag,0.0
2025-04-16,material,101,reorder_triggered,0.0
2025-04-16,material,102,stock,245.0
2025-04-16,material,102,days_of_cover,32.67
2025-04-16,material,102,open_po_flag,0.0
2025-04-16,material,102,reorder_triggered,0.0
2025-04-16,material,103,stock,194.0
2025-04-16,material,103,days_of_cover,40.84
2025-04-16,material,103,open_po_flag,0.0
2025-04-16,material,103,reorder_triggered,0.0
2025-04-16,product,201,fg_stock,212.0
2025-04-16,product,201,planned_production,0.0
2025-04-16,product,201,actual_production,0.0
2025-04-16,product,201,production_shortfall,0.0
2025-04-16,product,201,demand_units,0.0
2025-04-16,product,201,due_backlog_units,0.0
2025-04-16,product,201,newly_backordered_units,0.0
2025-04-16,product,201,backorder_flag,0.0
2025-04-16,product,202,fg_stock,207.0
2025-04-16,product,202,planned_production,0.0
2025-04-16,product,202,actual_production,0.0
2025-04-16,product,202,production_shortfall,0.0
2025-04-16,product,202,demand_units,0.0
2025-04-16,product,202,due_backlog_units,0.0
2025-04-16,product,202,newly_backordered_units,0.0
2025-04-16,product,202,backorder_flag,0.0
2025-04-17,calendar,global,weekday,3.0
2025-04-17,calendar,global,month,4.0
2025-04-17,calendar,global,is_weekend,0.0
2025-04-17,supplier,1,po_delay_days,0.0
2025-04-17,supplier,1,receipt_fill_rate,1.0
2025-04-17,supplier,1,receipt_event_flag,0.0
2025-04-17,supplier,2,po_delay_days,0.0
2025-04-17,supplier,2,receipt_fill_rate,1.0
2025-04-17,supplier,2,receipt_event_flag,0.0
2025-04-17,supplier,3,po_delay_days,0.0
2025-04-17,supplier,3,receipt_fill_rate,1.0
2025-04-17,supplier,3,receipt_event_flag,0.0
2025-04-17,supplier,4,po_delay_days,0.0
2025-04-17,supplier,4,receipt_fill_rate,1.0
2025-04-17,supplier,4,receipt_event_flag,0.0
2025-04-17,supplier,5,po_delay_days,0.0
2025-04-17,supplier,5,receipt_fill_rate,1.0
2025-04-17,supplier,5,receipt_event_flag,0.0
2025-04-17,material,101,stock,281.0
2025-04-17,material,101,days_of_cover,13.25
2025-04-17,material,101,open_po_flag,0.0
2025-04-17,material,101,reorder_triggered,0.0
2025-04-17,material,102,stock,245.0
2025-04-17,material,102,days_of_cover,38.11
2025-04-17,material,102,open_po_flag,0.0
2025-04-17,material,102,reorder_triggered,0.0
2025-04-17,material,103,stock,194.0
2025-04-17,material,103,days_of_cover,47.65
2025-04-17,material,103,open_po_flag,0.0
2025-04-17,material,103,reorder_triggered,0.0
2025-04-17,product,201,fg_stock,212.0
2025-04-17,product,201,planned_production,0.0
2025-04-17,product,201,actual_production,0.0
2025-04-17,product,201,production_shortfall,0.0
2025-04-17,product,201,demand_units,0.0
2025-04-17,product,201,due_backlog_units,0.0
2025-04-17,product,201,newly_backordered_units,0.0
2025-04-17,product,201,backorder_flag,0.0
2025-04-17,product,202,fg_stock,207.0
2025-04-17,product,202,planned_production,0.0
2025-04-17,product,202,actual_production,0.0
2025-04-17,product,202,production_shortfall,0.0
2025-04-17,product,202,demand_units,0.0
2025-04-17,product,202,due_backlog_units,0.0
2025-04-17,product,202,newly_backordered_units,0.0
2025-04-17,product,202,backorder_flag,0.0
2025-04-18,calendar,global,weekday,4.0
2025-04-18,calendar,global,month,4.0
2025-04-18,calendar,global,is_weekend,0.0
2025-04-18,supplier,1,po_delay_days,0.0
2025-04-18,supplier,1,receipt_fill_rate,1.0
2025-04-18,supplier,1,receipt_event_flag,0.0
2025-04-18,supplier,2,po_delay_days,0.0
2025-04-18,supplier,2,receipt_fill_rate,1.0
2025-04-18,supplier,2,receipt_event_flag,0.0
2025-04-18,supplier,3,po_delay_days,0.0
2025-04-18,supplier,3,receipt_fill_rate,1.0
2025-04-18,supplier,3,receipt_event_flag,0.0
2025-04-18,supplier,4,po_delay_days,0.0
2025-04-18,supplier,4,receipt_fill_rate,1.0
2025-04-18,supplier,4,receipt_event_flag,0.0
2025-04-18,supplier,5,po_delay_days,0.0
2025-04-18,supplier,5,receipt_fill_rate,1.0
2025-04-18,supplier,5,receipt_event_flag,0.0
2025-04-18,material,101,stock,281.0
2025-04-18,material,101,days_of_cover,13.25
2025-04-18,material,101,open_po_flag,0.0
2025-04-18,material,101,reorder_triggered,0.0
2025-04-18,material,102,stock,245.0
2025-04-18,material,102,days_of_cover,38.11
2025-04-18,material,102,open_po_flag,0.0
2025-04-18,material,102,reorder_triggered,0.0
2025-04-18,material,103,stock,194.0
2025-04-18,material,103,days_of_cover,47.65
2025-04-18,material,103,open_po_flag,0.0
2025-04-18,material,103,reorder_triggered,0.0
2025-04-18,product,201,fg_stock,181.0
2025-04-18,product,201,planned_production,0.0
2025-04-18,product,201,actual_production,0.0
2025-04-18,product,201,production_shortfall,0.0
2025-04-18,product,201,demand_units,0.0
2025-04-18,product,201,due_backlog_units,0.0
2025-04-18,product,201,newly_backordered_units,0.0
2025-04-18,product,201,backorder_flag,0.0
2025-04-18,product,202,fg_stock,207.0
2025-04-18,product,202,planned_production,0.0
2025-04-18,product,202,actual_production,0.0
2025-04-18,product,202,production_shortfall,0.0
2025-04-18,product,202,demand_units,0.0
2025-04-18,product,202,due_backlog_units,0.0
2025-04-18,product,202,newly_backordered_units,0.0
2025-04-18,product,202,backorder_flag,0.0
2025-04-19,calendar,global,weekday,5.0
2025-04-19,calendar,global,month,4.0
2025-04-19,calendar,global,is_weekend,1.0
2025-04-19,supplier,1,po_delay_days,0.0
2025-04-19,supplier,1,receipt_fill_rate,1.0
2025-04-19,supplier,1,receipt_event_flag,0.0
2025-04-19,supplier,2,po_delay_days,0.0
2025-04-19,supplier,2,receipt_fill_rate,1.0
2025-04-19,supplier,2,receipt_event_flag,0.0
2025-04-19,supplier,3,po_delay_days,0.0
2025-04-19,supplier,3,receipt_fill_rate,1.0
2025-04-19,supplier,3,receipt_event_flag,0.0
2025-04-19,supplier,4,po_delay_days,0.0
2025-04-19,supplier,4,receipt_fill_rate,1.0
2025-04-19,supplier,4,receipt_event_flag,0.0
2025-04-19,supplier,5,po_delay_days,0.0
2025-04-19,supplier,5,receipt_fill_rate,1.0
2025-04-19,supplier,5,receipt_event_flag,0.0
2025-04-19,material,101,stock,281.0
2025-04-19,material,101,days_of_cover,13.25
2025-04-19,material,101,open_po_flag,0.0
2025-04-19,material,101,reorder_triggered,0.0
2025-04-19,material,102,stock,245.0
2025-04-19,material,102,days_of_cover,38.11
2025-04-19,material,102,open_po_flag,0.0
2025-04-19,material,102,reorder_triggered,0.0
2025-04-19,material,103,stock,194.0
2025-04-19,material,103,days_of_cover,47.65
2025-04-19,material,103,open_po_flag,0.0
2025-04-19,material,103,reorder_triggered,0.0
2025-04-19,product,201,fg_stock,181.0
2025-04-19,product,201,planned_production,0.0
2025-04-19,product,201,actual_production,0.0
2025-04-19,product,201,production_shortfall,0.0
2025-04-19,product,201,demand_units,0.0
2025-04-19,product,201,due_backlog_units,0.0
2025-04-19,product,201,newly_backordered_units,0.0
2025-04-19,product,201,backorder_flag,0.0
2025-04-19,product,202,fg_stock,207.0
2025-04-19,product,202,planned_production,0.0
2025-04-19,product,202,actual_production,0.0
2025-04-19,product,202,production_shortfall,0.0
2025-04-19,product,202,demand_units,0.0
2025-04-19,product,202,due_backlog_units,0.0
2025-04-19,product,202,newly_backordered_units,0.0
2025-04-19,product,202,backorder_flag,0.0
2025-04-20,calendar,global,weekday,6.0
2025-04-20,calendar,global,month,4.0
2025-04-20,calendar,global,is_weekend,1.0
2025-04-20,supplier,1,po_delay_days,0.0
2025-04-20,supplier,1,receipt_fill_rate,1.0
2025-04-20,supplier,1,receipt_event_flag,0.0
2025-04-20,supplier,2,po_delay_days,0.0
2025-04-20,supplier,2,receipt_fill_rate,1.0
2025-04-20,supplier,2,receipt_event_flag,0.0
2025-04-20,supplier,3,po_delay_days,0.0
2025-04-20,supplier,3,receipt_fill_rate,1.0
2025-04-20,supplier,3,receipt_event_flag,0.0
2025-04-20,supplier,4,po_delay_days,0.0
2025-04-20,supplier,4,receipt_fill_rate,1.0
2025-04-20,supplier,4,receipt_event_flag,0.0
2025-04-20,supplier,5,po_delay_days,0.0
2025-04-20,supplier,5,receipt_fill_rate,1.0
2025-04-20,supplier,5,receipt_event_flag,0.0
2025-04-20,material,101,stock,281.0
2025-04-20,material,101,days_of_cover,13.25
2025-04-20,material,101,open_po_flag,0.0
2025-04-20,material,101,reorder_triggered,0.0
2025-04-20,material,102,stock,245.0
2025-04-20,material,102,days_of_cover,38.11
2025-04-20,material,102,open_po_flag,0.0
2025-04-20,material,102,reorder_triggered,0.0
2025-04-20,material,103,stock,194.0
2025-04-20,material,103,days_of_cover,47.65
2025-04-20,material,103,open_po_flag,0.0
2025-04-20,material,103,reorder_triggered,0.0
2025-04-20,product,201,fg_stock,181.0
2025-04-20,product,201,planned_production,0.0
2025-04-20,product,201,actual_production,0.0
2025-04-20,product,201,production_shortfall,0.0
2025-04-20,product,201,demand_units,0.0
2025-04-20,product,201,due_backlog_units,0.0
2025-04-20,product,201,newly_backordered_units,0.0
2025-04-20,product,201,backorder_flag,0.0
2025-04-20,product,202,fg_stock,207.0
2025-04-20,product,202,planned_production,0.0
2025-04-20,product,202,actual_production,0.0
2025-04-20,product,202,production_shortfall,0.0
2025-04-20,product,202,demand_units,0.0
2025-04-20,product,202,due_backlog_units,0.0
2025-04-20,product,202,newly_backordered_units,0.0
2025-04-20,product,202,backorder_flag,0.0
2025-04-21,calendar,global,weekday,0.0
2025-04-21,calendar,global,month,4.0
2025-04-21,calendar,global,is_weekend,0.0
2025-04-21,supplier,1,po_delay_days,0.0
2025-04-21,supplier,1,receipt_fill_rate,1.0
2025-04-21,supplier,1,receipt_event_flag,0.0
2025-04-21,supplier,2,po_delay_days,0.0
2025-04-21,supplier,2,receipt_fill_rate,1.0
2025-04-21,supplier,2,receipt_event_flag,0.0
2025-04-21,supplier,3,po_delay_days,0.0
2025-04-21,supplier,3,receipt_fill_rate,1.0
2025-04-21,supplier,3,receipt_event_flag,0.0
2025-04-21,supplier,4,po_delay_days,0.0
2025-04-21,supplier,4,receipt_fill_rate,1.0
2025-04-21,supplier,4,receipt_event_flag,0.0
2025-04-21,supplier,5,po_delay_days,0.0
2025-04-21,supplier,5,receipt_fill_rate,1.0
2025-04-21,supplier,5,receipt_event_flag,0.0
2025-04-21,material,101,stock,281.0
2025-04-21,material,101,days_of_cover,13.25
2025-04-21,material,101,open_po_flag,0.0
2025-04-21,material,101,reorder_triggered,0.0
2025-04-21,material,102,stock,245.0
2025-04-21,material,102,days_of_cover,38.11
2025-04-21,material,102,open_po_flag,0.0
2025-04-21,material,102,reorder_triggered,0.0
2025-04-21,material,103,stock,194.0
2025-04-21,material,103,days_of_cover,47.65
2025-04-21,material,103,open_po_flag,0.0
2025-04-21,material,103,reorder_triggered,0.0
2025-04-21,product,201,fg_stock,181.0
2025-04-21,product,201,planned_production,0.0
2025-04-21,product,201,actual_production,0.0
2025-04-21,product,201,production_shortfall,0.0
2025-04-21,product,201,demand_units,0.0
2025-04-21,product,201,due_backlog_units,0.0
2025-04-21,product,201,newly_backordered_units,0.0
2025-04-21,product,201,backorder_flag,0.0
2025-04-21,product,202,fg_stock,207.0
2025-04-21,product,202,planned_production,0.0
2025-04-21,product,202,actual_production,0.0
2025-04-21,product,202,production_shortfall,0.0
2025-04-21,product,202,demand_units,0.0
2025-04-21,product,202,due_backlog_units,0.0
2025-04-21,product,202,newly_backordered_units,0.0
2025-04-21,product,202,backorder_flag,0.0
2025-04-22,calendar,global,weekday,1.0
2025-04-22,calendar,global,month,4.0
2025-04-22,calendar,global,is_weekend,0.0
2025-04-22,supplier,1,po_delay_days,0.0
2025-04-22,supplier,1,receipt_fill_rate,1.0
2025-04-22,supplier,1,receipt_event_flag,0.0
2025-04-22,supplier,2,po_delay_days,0.0
2025-04-22,supplier,2,receipt_fill_rate,1.0
2025-04-22,supplier,2,receipt_event_flag,0.0
2025-04-22,supplier,3,po_delay_days,0.0
2025-04-22,supplier,3,receipt_fill_rate,1.0
2025-04-22,supplier,3,receipt_event_flag,0.0
2025-04-22,supplier,4,po_delay_days,0.0
2025-04-22,supplier,4,receipt_fill_rate,1.0
2025-04-22,supplier,4,receipt_event_flag,0.0
2025-04-22,supplier,5,po_delay_days,0.0
2025-04-22,supplier,5,receipt_fill_rate,1.0
2025-04-22,supplier,5,receipt_event_flag,0.0
2025-04-22,material,101,stock,281.0
2025-04-22,material,101,days_of_cover,15.89
2025-04-22,material,101,open_po_flag,0.0
2025-04-22,material,101,reorder_triggered,0.0
2025-04-22,material,102,stock,245.0
2025-04-22,material,102,days_of_cover,45.73
2025-04-22,material,102,open_po_flag,0.0
2025-04-22,material,102,reorder_triggered,0.0
2025-04-22,material,103,stock,194.0
2025-04-22,material,103,days_of_cover,57.18
2025-04-22,material,103,open_po_flag,0.0
2025-04-22,material,103,reorder_triggered,0.0
2025-04-22,product,201,fg_stock,181.0
2025-04-22,product,201,planned_production,0.0
2025-04-22,product,201,actual_production,0.0
2025-04-22,product,201,production_shortfall,0.0
2025-04-22,product,201,demand_units,0.0
2025-04-22,product,201,due_backlog_units,0.0
2025-04-22,product,201,newly_backordered_units,0.0
2025-04-22,product,201,backorder_flag,0.0
2025-04-22,product,202,fg_stock,207.0
2025-04-22,product,202,planned_production,0.0
2025-04-22,product,202,actual_production,0.0
2025-04-22,product,202,production_shortfall,0.0
2025-04-22,product,202,demand_units,0.0
2025-04-22,product,202,due_backlog_units,0.0
2025-04-22,product,202,newly_backordered_units,0.0
2025-04-22,product,202,backorder_flag,0.0
2025-04-23,calendar,global,weekday,2.0
2025-04-23,calendar,global,month,4.0
2025-04-23,calendar,global,is_weekend,0.0
2025-04-23,supplier,1,po_delay_days,0.0
2025-04-23,supplier,1,receipt_fill_rate,1.0
2025-04-23,supplier,1,receipt_event_flag,0.0
2025-04-23,supplier,2,po_delay_days,0.0
2025-04-23,supplier,2,receipt_fill_rate,1.0
2025-04-23,supplier,2,receipt_event_flag,0.0
2025-04-23,supplier,3,po_delay_days,0.0
2025-04-23,supplier,3,receipt_fill_rate,1.0
2025-04-23,supplier,3,receipt_event_flag,0.0
2025-04-23,supplier,4,po_delay_days,0.0
2025-04-23,supplier,4,receipt_fill_rate,1.0
2025-04-23,supplier,4,receipt_event_flag,0.0
2025-04-23,supplier,5,po_delay_days,0.0
2025-04-23,supplier,5,receipt_fill_rate,1.0
2025-04-23,supplier,5,receipt_event_flag,0.0
2025-04-23,material,101,stock,182.0
2025-04-23,material,101,days_of_cover,8.58
2025-04-23,material,101,open_po_flag,1.0
2025-04-23,material,101,reorder_triggered,1.0
2025-04-23,material,102,stock,215.0
2025-04-23,material,102,days_of_cover,33.44
2025-04-23,material,102,open_po_flag,0.0
2025-04-23,material,102,reorder_triggered,0.0
2025-04-23,material,103,stock,175.0
2025-04-23,material,103,days_of_cover,42.98
2025-04-23,material,103,open_po_flag,0.0
2025-04-23,material,103,reorder_triggered,0.0
2025-04-23,product,201,fg_stock,211.0
2025-04-23,product,201,planned_production,30.0
2025-04-23,product,201,actual_production,30.0
2025-04-23,product,201,production_shortfall,0.0
2025-04-23,product,201,demand_units,0.0
2025-04-23,product,201,due_backlog_units,0.0
2025-04-23,product,201,newly_backordered_units,0.0
2025-04-23,product,201,backorder_flag,0.0
2025-04-23,product,202,fg_stock,227.0
2025-04-23,product,202,planned_production,20.0
2025-04-23,product,202,actual_production,20.0
2025-04-23,product,202,production_shortfall,0.0
2025-04-23,product,202,demand_units,0.0
2025-04-23,product,202,due_backlog_units,0.0
2025-04-23,product,202,newly_backordered_units,0.0
2025-04-23,product,202,backorder_flag,0.0
2025-04-24,calendar,global,weekday,3.0
2025-04-24,calendar,global,month,4.0
2025-04-24,calendar,global,is_weekend,0.0
2025-04-24,supplier,1,po_delay_days,0.0
2025-04-24,supplier,1,receipt_fill_rate,1.0
2025-04-24,supplier,1,receipt_event_flag,0.0
2025-04-24,supplier,2,po_delay_days,0.0
2025-04-24,supplier,2,receipt_fill_rate,1.0
2025-04-24,supplier,2,receipt_event_flag,0.0
2025-04-24,supplier,3,po_delay_days,0.0
2025-04-24,supplier,3,receipt_fill_rate,1.0
2025-04-24,supplier,3,receipt_event_flag,0.0
2025-04-24,supplier,4,po_delay_days,0.0
2025-04-24,supplier,4,receipt_fill_rate,1.0
2025-04-24,supplier,4,receipt_event_flag,0.0
2025-04-24,supplier,5,po_delay_days,0.0
2025-04-24,supplier,5,receipt_fill_rate,1.0
2025-04-24,supplier,5,receipt_event_flag,0.0
2025-04-24,material,101,stock,182.0
2025-04-24,material,101,days_of_cover,8.58
2025-04-24,material,101,open_po_flag,1.0
2025-04-24,material,101,reorder_triggered,0.0
2025-04-24,material,102,stock,215.0
2025-04-24,material,102,days_of_cover,33.44
2025-04-24,material,102,open_po_flag,0.0
2025-04-24,material,102,reorder_triggered,0.0
2025-04-24,material,103,stock,175.0
2025-04-24,material,103,days_of_cover,42.98
2025-04-24,material,103,open_po_flag,0.0
2025-04-24,material,103,reorder_triggered,0.0
2025-04-24,product,201,fg_stock,211.0
2025-04-24,product,201,planned_production,0.0
2025-04-24,product,201,actual_production,0.0
2025-04-24,product,201,production_shortfall,0.0
2025-04-24,product,201,demand_units,0.0
2025-04-24,product,201,due_backlog_units,0.0
2025-04-24,product,201,newly_backordered_units,0.0
2025-04-24,product,201,backorder_flag,0.0
2025-04-24,product,202,fg_stock,227.0
2025-04-24,product,202,planned_production,0.0
2025-04-24,product,202,actual_production,0.0
2025-04-24,product,202,production_shortfall,0.0
2025-04-24,product,202,demand_units,11.0
2025-04-24,product,202,due_backlog_units,0.0
2025-04-24,product,202,newly_backordered_units,0.0
2025-04-24,product,202,backorder_flag,0.0
2025-04-25,calendar,global,weekday,4.0
2025-04-25,calendar,global,month,4.0
2025-04-25,calendar,global,is_weekend,0.0
2025-04-25,supplier,1,po_delay_days,0.0
2025-04-25,supplier,1,receipt_fill_rate,1.0
2025-04-25,supplier,1,receipt_event_flag,0.0
2025-04-25,supplier,2,po_delay_days,0.0
2025-04-25,supplier,2,receipt_fill_rate,1.0
2025-04-25,supplier,2,receipt_event_flag,0.0
2025-04-25,supplier,3,po_delay_days,0.0
2025-04-25,supplier,3,receipt_fill_rate,1.0
2025-04-25,supplier,3,receipt_event_flag,0.0
2025-04-25,supplier,4,po_delay_days,0.0
2025-04-25,supplier,4,receipt_fill_rate,1.0
2025-04-25,supplier,4,receipt_event_flag,0.0
2025-04-25,supplier,5,po_delay_days,0.0
2025-04-25,supplier,5,receipt_fill_rate,1.0
2025-04-25,supplier,5,receipt_event_flag,0.0
2025-04-25,material,101,stock,182.0
2025-04-25,material,101,days_of_cover,8.58
2025-04-25,material,101,open_po_flag,1.0
2025-04-25,material,101,reorder_triggered,0.0
2025-04-25,material,102,stock,215.0
2025-04-25,material,102,days_of_cover,33.44
2025-04-25,material,102,open_po_flag,0.0
2025-04-25,material,102,reorder_triggered,0.0
2025-04-25,material,103,stock,175.0
2025-04-25,material,103,days_of_cover,42.98
2025-04-25,material,103,open_po_flag,0.0
2025-04-25,material,103,reorder_triggered,0.0
2025-04-25,product,201,fg_stock,211.0
2025-04-25,product,201,planned_production,0.0
2025-04-25,product,201,actual_production,0.0
2025-04-25,product,201,production_shortfall,0.0
2025-04-25,product,201,demand_units,0.0
2025-04-25,product,201,due_backlog_units,0.0
2025-04-25,product,201,newly_backordered_units,0.0
2025-04-25,product,201,backorder_flag,0.0
2025-04-25,product,202,fg_stock,221.0
2025-04-25,product,202,planned_production,0.0
2025-04-25,product,202,actual_production,0.0
2025-04-25,product,202,production_shortfall,0.0
2025-04-25,product,202,demand_units,8.0
2025-04-25,product,202,due_backlog_units,0.0
2025-04-25,product,202,newly_backordered_units,0.0
2025-04-25,product,202,backorder_flag,0.0
2025-04-26,calendar,global,weekday,5.0
2025-04-26,calendar,global,month,4.0
2025-04-26,calendar,global,is_weekend,1.0
2025-04-26,supplier,1,po_delay_days,0.0
2025-04-26,supplier,1,receipt_fill_rate,1.0
2025-04-26,supplier,1,receipt_event_flag,0.0
2025-04-26,supplier,2,po_delay_days,0.0
2025-04-26,supplier,2,receipt_fill_rate,1.0
2025-04-26,supplier,2,receipt_event_flag,0.0
2025-04-26,supplier,3,po_delay_days,0.0
2025-04-26,supplier,3,receipt_fill_rate,1.0
2025-04-26,supplier,3,receipt_event_flag,0.0
2025-04-26,supplier,4,po_delay_days,0.0
2025-04-26,supplier,4,receipt_fill_rate,1.0
2025-04-26,supplier,4,receipt_event_flag,0.0
2025-04-26,supplier,5,po_delay_days,0.0
2025-04-26,supplier,5,receipt_fill_rate,1.0
2025-04-26,supplier,5,receipt_event_flag,0.0
2025-04-26,material,101,stock,182.0
2025-04-26,material,101,days_of_cover,8.58
2025-04-26,material,101,open_po_flag,1.0
2025-04-26,material,101,reorder_triggered,0.0
2025-04-26,material,102,stock,215.0
2025-04-26,material,102,days_of_cover,33.44
2025-04-26,material,102,open_po_flag,0.0
2025-04-26,material,102,reorder_triggered,0.0
2025-04-26,material,103,stock,175.0
2025-04-26,material,103,days_of_cover,42.98
2025-04-26,material,103,open_po_flag,0.0
2025-04-26,material,103,reorder_triggered,0.0
2025-04-26,product,201,fg_stock,211.0
2025-04-26,product,201,planned_production,0.0
2025-04-26,product,201,actual_production,0.0
2025-04-26,product,201,production_shortfall,0.0
2025-04-26,product,201,demand_units,0.0
2025-04-26,product,201,due_backlog_units,0.0
2025-04-26,product,201,newly_backordered_units,0.0
2025-04-26,product,201,backorder_flag,0.0
2025-04-26,product,202,fg_stock,221.0
2025-04-26,product,202,planned_production,0.0
2025-04-26,product,202,actual_production,0.0
2025-04-26,product,202,production_shortfall,0.0
2025-04-26,product,202,demand_units,0.0
2025-04-26,product,202,due_backlog_units,0.0
2025-04-26,product,202,newly_backordered_units,0.0
2025-04-26,product,202,backorder_flag,0.0
2025-04-27,calendar,global,weekday,6.0
2025-04-27,calendar,global,month,4.0
2025-04-27,calendar,global,is_weekend,1.0
2025-04-27,supplier,1,po_delay_days,0.0
2025-04-27,supplier,1,receipt_fill_rate,1.0
2025-04-27,supplier,1,receipt_event_flag,0.0
2025-04-27,supplier,2,po_delay_days,0.0
2025-04-27,supplier,2,receipt_fill_rate,1.0
2025-04-27,supplier,2,receipt_event_flag,0.0
2025-04-27,supplier,3,po_delay_days,0.0
2025-04-27,supplier,3,receipt_fill_rate,1.0
2025-04-27,supplier,3,receipt_event_flag,0.0
2025-04-27,supplier,4,po_delay_days,0.0
2025-04-27,supplier,4,receipt_fill_rate,1.0
2025-04-27,supplier,4,receipt_event_flag,0.0
2025-04-27,supplier,5,po_delay_days,0.0
2025-04-27,supplier,5,receipt_fill_rate,1.0
2025-04-27,supplier,5,receipt_event_flag,0.0
2025-04-27,material,101,stock,182.0
2025-04-27,material,101,days_of_cover,8.58
2025-04-27,material,101,open_po_flag,1.0
2025-04-27,material,101,reorder_triggered,0.0
2025-04-27,material,102,stock,215.0
2025-04-27,material,102,days_of_cover,33.44
2025-04-27,material,102,open_po_flag,0.0
2025-04-27,material,102,reorder_triggered,0.0
2025-04-27,material,103,stock,175.0
2025-04-27,material,103,days_of_cover,42.98
2025-04-27,material,103,open_po_flag,0.0
2025-04-27,material,103,reorder_triggered,0.0
2025-04-27,product,201,fg_stock,211.0
2025-04-27,product,201,planned_production,0.0
2025-04-27,product,201,actual_production,0.0
2025-04-27,product,201,production_shortfall,0.0
2025-04-27,product,201,demand_units,0.0
2025-04-27,product,201,due_backlog_units,0.0
2025-04-27,product,201,newly_backordered_units,0.0
2025-04-27,product,201,backorder_flag,0.0
2025-04-27,product,202,fg_stock,221.0
2025-04-27,product,202,planned_production,0.0
2025-04-27,product,202,actual_production,0.0
2025-04-27,product,202,production_shortfall,0.0
2025-04-27,product,202,demand_units,0.0
2025-04-27,product,202,due_backlog_units,0.0
2025-04-27,product,202,newly_backordered_units,0.0
2025-04-27,product,202,backorder_flag,0.0
2025-04-28,calendar,global,weekday,0.0
2025-04-28,calendar,global,month,4.0
2025-04-28,calendar,global,is_weekend,0.0
2025-04-28,supplier,1,po_delay_days,0.0
2025-04-28,supplier,1,receipt_fill_rate,1.0
2025-04-28,supplier,1,receipt_event_flag,0.0
2025-04-28,supplier,2,po_delay_days,0.0
2025-04-28,supplier,2,receipt_fill_rate,1.0
2025-04-28,supplier,2,receipt_event_flag,0.0
2025-04-28,supplier,3,po_delay_days,0.0
2025-04-28,supplier,3,receipt_fill_rate,1.0
2025-04-28,supplier,3,receipt_event_flag,0.0
2025-04-28,supplier,4,po_delay_days,0.0
2025-04-28,supplier,4,receipt_fill_rate,1.0
2025-04-28,supplier,4,receipt_event_flag,0.0
2025-04-28,supplier,5,po_delay_days,0.0
2025-04-28,supplier,5,receipt_fill_rate,1.0
2025-04-28,supplier,5,receipt_event_flag,0.0
2025-04-28,material,101,stock,182.0
2025-04-28,material,101,days_of_cover,10.29
2025-04-28,material,101,open_po_flag,1.0
2025-04-28,material,101,reorder_triggered,0.0
2025-04-28,material,102,stock,215.0
2025-04-28,material,102,days_of_cover,40.13
2025-04-28,material,102,open_po_flag,0.0
2025-04-28,material,102,reorder_triggered,0.0
2025-04-28,material,103,stock,175.0
2025-04-28,material,103,days_of_cover,51.58
2025-04-28,material,103,open_po_flag,0.0
2025-04-28,material,103,reorder_triggered,0.0
2025-04-28,product,201,fg_stock,211.0
2025-04-28,product,201,planned_production,0.0
2025-04-28,product,201,actual_production,0.0
2025-04-28,product,201,production_shortfall,0.0
2025-04-28,product,201,demand_units,10.0
2025-04-28,product,201,due_backlog_units,0.0
2025-04-28,product,201,newly_backordered_units,0.0
2025-04-28,product,201,backorder_flag,0.0
2025-04-28,product,202,fg_stock,221.0
2025-04-28,product,202,planned_production,0.0
2025-04-28,product,202,actual_production,0.0
2025-04-28,product,202,production_shortfall,0.0
2025-04-28,product,202,demand_units,0.0
2025-04-28,product,202,due_backlog_units,0.0
2025-04-28,product,202,newly_backordered_units,0.0
2025-04-28,product,202,backorder_flag,0.0
2025-04-29,calendar,global,weekday,1.0
2025-04-29,calendar,global,month,4.0
2025-04-29,calendar,global,is_weekend,0.0
2025-04-29,supplier,1,po_delay_days,0.0
2025-04-29,supplier,1,receipt_fill_rate,1.0
2025-04-29,supplier,1,receipt_event_flag,0.0
2025-04-29,supplier,2,po_delay_days,0.0
2025-04-29,supplier,2,receipt_fill_rate,1.0
2025-04-29,supplier,2,receipt_event_flag,0.0
2025-04-29,supplier,3,po_delay_days,0.0
2025-04-29,supplier,3,receipt_fill_rate,1.0
2025-04-29,supplier,3,receipt_event_flag,0.0
2025-04-29,supplier,4,po_delay_days,0.0
2025-04-29,supplier,4,receipt_fill_rate,1.0
2025-04-29,supplier,4,receipt_event_flag,0.0
2025-04-29,supplier,5,po_delay_days,0.0
2025-04-29,supplier,5,receipt_fill_rate,1.0
2025-04-29,supplier,5,receipt_event_flag,0.0
2025-04-29,material,101,stock,83.0
2025-04-29,material,101,days_of_cover,3.91
2025-04-29,material,101,open_po_flag,1.0
2025-04-29,material,101,reorder_triggered,0.0
2025-04-29,material,102,stock,185.0
2025-04-29,material,102,days_of_cover,28.78
2025-04-29,material,102,open_po_flag,0.0
2025-04-29,material,102,reorder_triggered,0.0
2025-04-29,material,103,stock,156.0
2025-04-29,material,103,days_of_cover,38.32
2025-04-29,material,103,open_po_flag,0.0
2025-04-29,material,103,reorder_triggered,0.0
2025-04-29,product,201,fg_stock,241.0
2025-04-29,product,201,planned_production,30.0
2025-04-29,product,201,actual_production,30.0
2025-04-29,product,201,production_shortfall,0.0
2025-04-29,product,201,demand_units,0.0
2025-04-29,product,201,due_backlog_units,0.0
2025-04-29,product,201,newly_backordered_units,0.0
2025-04-29,product,201,backorder_flag,0.0
2025-04-29,product,202,fg_stock,241.0
2025-04-29,product,202,planned_production,20.0
2025-04-29,product,202,actual_production,20.0
2025-04-29,product,202,production_shortfall,0.0
2025-04-29,product,202,demand_units,0.0
2025-04-29,product,202,due_backlog_units,0.0
2025-04-29,product,202,newly_backordered_units,0.0
2025-04-29,product,202,backorder_flag,0.0
2025-04-30,calendar,global,weekday,2.0
2025-04-30,calendar,global,month,4.0
2025-04-30,calendar,global,is_weekend,0.0
2025-04-30,supplier,1,po_delay_days,0.0
2025-04-30,supplier,1,receipt_fill_rate,1.0
2025-04-30,supplier,1,receipt_event_flag,0.0
2025-04-30,supplier,2,po_delay_days,0.0
2025-04-30,supplier,2,receipt_fill_rate,1.0
2025-04-30,supplier,2,receipt_event_flag,0.0
2025-04-30,supplier,3,po_delay_days,0.0
2025-04-30,supplier,3,receipt_fill_rate,1.0
2025-04-30,supplier,3,receipt_event_flag,0.0
2025-04-30,supplier,4,po_delay_days,0.0
2025-04-30,supplier,4,receipt_fill_rate,1.0
2025-04-30,supplier,4,receipt_event_flag,0.0
2025-04-30,supplier,5,po_delay_days,0.0
2025-04-30,supplier,5,receipt_fill_rate,1.0
2025-04-30,supplier,5,receipt_event_flag,0.0
2025-04-30,material,101,stock,83.0
2025-04-30,material,101,days_of_cover,4.69
2025-04-30,material,101,open_po_flag,1.0
2025-04-30,material,101,reorder_triggered,0.0
2025-04-30,material,102,stock,185.0
2025-04-30,material,102,days_of_cover,34.53
2025-04-30,material,102,open_po_flag,0.0
2025-04-30,material,102,reorder_triggered,0.0
2025-04-30,material,103,stock,156.0
2025-04-30,material,103,days_of_cover,45.98
2025-04-30,material,103,open_po_flag,0.0
2025-04-30,material,103,reorder_triggered,0.0
2025-04-30,product,201,fg_stock,241.0
2025-04-30,product,201,planned_production,0.0
2025-04-30,product,201,actual_production,0.0
2025-04-30,product,201,production_shortfall,0.0
2025-04-30,product,201,demand_units,0.0
2025-04-30,product,201,due_backlog_units,0.0
2025-04-30,product,201,newly_backordered_units,0.0
2025-04-30,product,201,backorder_flag,0.0
2025-04-30,product,202,fg_stock,241.0
2025-04-30,product,202,planned_production,0.0
2025-04-30,product,202,actual_production,0.0
2025-04-30,product,202,production_shortfall,0.0
2025-04-30,product,202,demand_units,0.0
2025-04-30,product,202,due_backlog_units,0.0
2025-04-30,product,202,newly_backordered_units,0.0
2025-04-30,product,202,backorder_flag,0.0
2025-05-01,calendar,global,weekday,3.0
2025-05-01,calendar,global,month,5.0
2025-05-01,calendar,global,is_weekend,0.0
2025-05-01,supplier,1,po_delay_days,0.0
2025-05-01,supplier,1,receipt_fill_rate,1.0
2025-05-01,supplier,1,receipt_event_flag,0.0
2025-05-01,supplier,2,po_delay_days,0.0
2025-05-01,supplier,2,receipt_fill_rate,1.0
2025-05-01,supplier,2,receipt_event_flag,0.0
2025-05-01,supplier,3,po_delay_days,0.0
2025-05-01,supplier,3,receipt_fill_rate,1.0
2025-05-01,supplier,3,receipt_event_flag,0.0
2025-05-01,supplier,4,po_delay_days,0.0
2025-05-01,supplier,4,receipt_fill_rate,1.0
2025-05-01,supplier,4,receipt_event_flag,0.0
2025-05-01,supplier,5,po_delay_days,0.0
2025-05-01,supplier,5,receipt_fill_rate,1.0
2025-05-01,supplier,5,receipt_event_flag,0.0
2025-05-01,material,101,stock,83.0
2025-05-01,material,101,days_of_cover,4.69
2025-05-01,material,101,open_po_flag,1.0
2025-05-01,material,101,reorder_triggered,0.0
2025-05-01,material,102,stock,185.0
2025-05-01,material,102,days_of_cover,34.53
2025-05-01,material,102,open_po_flag,0.0
2025-05-01,material,102,reorder_triggered,0.0
2025-05-01,material,103,stock,156.0
2025-05-01,material,103,days_of_cover,45.98
2025-05-01,material,103,open_po_flag,0.0
2025-05-01,material,103,reorder_triggered,0.0
2025-05-01,product,201,fg_stock,241.0
2025-05-01,product,201,planned_production,0.0
2025-05-01,product,201,actual_production,0.0
2025-05-01,product,201,production_shortfall,0.0
2025-05-01,product,201,demand_units,25.0
2025-05-01,product,201,due_backlog_units,0.0
2025-05-01,product,201,newly_backordered_units,0.0
2025-05-01,product,201,backorder_flag,0.0
2025-05-01,product,202,fg_stock,241.0
2025-05-01,product,202,planned_production,0.0
2025-05-01,product,202,actual_production,0.0
2025-05-01,product,202,production_shortfall,0.0
2025-05-01,product,202,demand_units,0.0
2025-05-01,product,202,due_backlog_units,0.0
2025-05-01,product,202,newly_backordered_units,0.0
2025-05-01,product,202,backorder_flag,0.0
2025-05-02,calendar,global,weekday,4.0
2025-05-02,calendar,global,month,5.0
2025-05-02,calendar,global,is_weekend,0.0
2025-05-02,supplier,1,po_delay_days,0.0
2025-05-02,supplier,1,receipt_fill_rate,1.0
2025-05-02,supplier,1,receipt_event_flag,0.0
2025-05-02,supplier,2,po_delay_days,0.0
2025-05-02,supplier,2,receipt_fill_rate,1.0
2025-05-02,supplier,2,receipt_event_flag,0.0
2025-05-02,supplier,3,po_delay_days,0.0
2025-05-02,supplier,3,receipt_fill_rate,1.0
2025-05-02,supplier,3,receipt_event_flag,0.0
2025-05-02,supplier,4,po_delay_days,0.0
2025-05-02,supplier,4,receipt_fill_rate,1.0
2025-05-02,supplier,4,receipt_event_flag,0.0
2025-05-02,supplier,5,po_delay_days,0.0
2025-05-02,supplier,5,receipt_fill_rate,1.0
2025-05-02,supplier,5,receipt_event_flag,0.0
2025-05-02,material,101,stock,8.0
2025-05-02,material,101,days_of_cover,0.38
2025-05-02,material,101,open_po_flag,1.0
2025-05-02,material,101,reorder_triggered,0.0
2025-05-02,material,102,stock,155.0
2025-05-02,material,102,days_of_cover,24.11
2025-05-02,material,102,open_po_flag,0.0
2025-05-02,material,102,reorder_triggered,0.0
2025-05-02,material,103,stock,147.0
2025-05-02,material,103,days_of_cover,36.11
2025-05-02,material,103,open_po_flag,0.0
2025-05-02,material,103,reorder_triggered,0.0
2025-05-02,product,201,fg_stock,271.0
2025-05-02,product,201,planned_production,30.0
2025-05-02,product,201,actual_production,30.0
2025-05-02,product,201,production_shortfall,0.0
2025-05-02,product,201,demand_units,13.0
2025-05-02,product,201,due_backlog_units,0.0
2025-05-02,product,201,newly_backordered_units,0.0
2025-05-02,product,201,backorder_flag,0.0
2025-05-02,product,202,fg_stock,230.0
2025-05-02,product,202,planned_production,20.0
2025-05-02,product,202,actual_production,0.0
2025-05-02,product,202,production_shortfall,20.0
2025-05-02,product,202,demand_units,8.0
2025-05-02,product,202,due_backlog_units,0.0
2025-05-02,product,202,newly_backordered_units,0.0
2025-05-02,product,202,backorder_flag,0.0
2025-05-03,calendar,global,weekday,5.0
2025-05-03,calendar,global,month,5.0
2025-05-03,calendar,global,is_weekend,1.0
2025-05-03,supplier,1,po_delay_days,0.0
2025-05-03,supplier,1,receipt_fill_rate,1.0
2025-05-03,supplier,1,receipt_event_flag,0.0
2025-05-03,supplier,2,po_delay_days,0.0
2025-05-03,supplier,2,receipt_fill_rate,1.0
2025-05-03,supplier,2,receipt_event_flag,0.0
2025-05-03,supplier,3,po_delay_days,0.0
2025-05-03,supplier,3,receipt_fill_rate,1.0
2025-05-03,supplier,3,receipt_event_flag,0.0
2025-05-03,supplier,4,po_delay_days,1.0
2025-05-03,supplier,4,receipt_fill_rate,1.0
2025-05-03,supplier,4,receipt_event_flag,0.0
2025-05-03,supplier,5,po_delay_days,0.0
2025-05-03,supplier,5,receipt_fill_rate,1.0
2025-05-03,supplier,5,receipt_event_flag,0.0
2025-05-03,material,101,stock,8.0
2025-05-03,material,101,days_of_cover,0.38
2025-05-03,material,101,open_po_flag,1.0
2025-05-03,material,101,reorder_triggered,0.0
2025-05-03,material,102,stock,155.0
2025-05-03,material,102,days_of_cover,24.11
2025-05-03,material,102,open_po_flag,0.0
2025-05-03,material,102,reorder_triggered,0.0
2025-05-03,material,103,stock,147.0
2025-05-03,material,103,days_of_cover,36.11
2025-05-03,material,103,open_po_flag,0.0
2025-05-03,material,103,reorder_triggered,0.0
2025-05-03,product,201,fg_stock,271.0
2025-05-03,product,201,planned_production,0.0
2025-05-03,product,201,actual_production,0.0
2025-05-03,product,201,production_shortfall,0.0
2025-05-03,product,201,demand_units,0.0
2025-05-03,product,201,due_backlog_units,0.0
2025-05-03,product,201,newly_backordered_units,0.0
2025-05-03,product,201,backorder_flag,0.0
2025-05-03,product,202,fg_stock,230.0
2025-05-03,product,202,planned_production,0.0
2025-05-03,product,202,actual_production,0.0
2025-05-03,product,202,production_shortfall,0.0
2025-05-03,product,202,demand_units,0.0
2025-05-03,product,202,due_backlog_units,0.0
2025-05-03,product,202,newly_backordered_units,0.0
2025-05-03,product,202,backorder_flag,0.0
2025-05-04,calendar,global,weekday,6.0
2025-05-04,calendar,global,month,5.0
2025-05-04,calendar,global,is_weekend,1.0
2025-05-04,supplier,1,po_delay_days,0.0
2025-05-04,supplier,1,receipt_fill_rate,1.0
2025-05-04,supplier,1,receipt_event_flag,0.0
2025-05-04,supplier,2,po_delay_days,0.0
2025-05-04,supplier,2,receipt_fill_rate,1.0
2025-05-04,supplier,2,receipt_event_flag,0.0
2025-05-04,supplier,3,po_delay_days,0.0
2025-05-04,supplier,3,receipt_fill_rate,1.0
2025-05-04,supplier,3,receipt_event_flag,0.0
2025-05-04,supplier,4,po_delay_days,2.0
2025-05-04,supplier,4,receipt_fill_rate,1.0
2025-05-04,supplier,4,receipt_event_flag,0.0
2025-05-04,supplier,5,po_delay_days,0.0
2025-05-04,supplier,5,receipt_fill_rate,1.0
2025-05-04,supplier,5,receipt_event_flag,0.0
2025-05-04,material,101,stock,8.0
2025-05-04,material,101,days_of_cover,0.38
2025-05-04,material,101,open_po_flag,1.0
2025-05-04,material,101,reorder_triggered,0.0
2025-05-04,material,102,stock,155.0
2025-05-04,material,102,days_of_cover,24.11
2025-05-04,material,102,open_po_flag,0.0
2025-05-04,material,102,reorder_triggered,0.0
2025-05-04,material,103,stock,147.0
2025-05-04,material,103,days_of_cover,36.11
2025-05-04,material,103,open_po_flag,0.0
2025-05-04,material,103,reorder_triggered,0.0
2025-05-04,product,201,fg_stock,271.0
2025-05-04,product,201,planned_production,0.0
2025-05-04,product,201,actual_production,0.0
2025-05-04,product,201,production_shortfall,0.0
2025-05-04,product,201,demand_units,0.0
2025-05-04,product,201,due_backlog_units,0.0
2025-05-04,product,201,newly_backordered_units,0.0
2025-05-04,product,201,backorder_flag,0.0
2025-05-04,product,202,fg_stock,222.0
2025-05-04,product,202,planned_production,0.0
2025-05-04,product,202,actual_production,0.0
2025-05-04,product,202,production_shortfall,0.0
2025-05-04,product,202,demand_units,0.0
2025-05-04,product,202,due_backlog_units,0.0
2025-05-04,product,202,newly_backordered_units,0.0
2025-05-04,product,202,backorder_flag,0.0
2025-05-05,calendar,global,weekday,0.0
2025-05-05,calendar,global,month,5.0
2025-05-05,calendar,global,is_weekend,0.0
2025-05-05,supplier,1,po_delay_days,0.0
2025-05-05,supplier,1,receipt_fill_rate,1.0
2025-05-05,supplier,1,receipt_event_flag,0.0
2025-05-05,supplier,2,po_delay_days,0.0
2025-05-05,supplier,2,receipt_fill_rate,1.0
2025-05-05,supplier,2,receipt_event_flag,0.0
2025-05-05,supplier,3,po_delay_days,0.0
2025-05-05,supplier,3,receipt_fill_rate,1.0
2025-05-05,supplier,3,receipt_event_flag,0.0
2025-05-05,supplier,4,po_delay_days,3.0
2025-05-05,supplier,4,receipt_fill_rate,1.0
2025-05-05,supplier,4,receipt_event_flag,0.0
2025-05-05,supplier,5,po_delay_days,0.0
2025-05-05,supplier,5,receipt_fill_rate,1.0
2025-05-05,supplier,5,receipt_event_flag,0.0
2025-05-05,material,101,stock,8.0
2025-05-05,material,101,days_of_cover,0.45
2025-05-05,material,101,open_po_flag,1.0
2025-05-05,material,101,reorder_triggered,0.0
2025-05-05,material,102,stock,155.0
2025-05-05,material,102,days_of_cover,28.93
2025-05-05,material,102,open_po_flag,0.0
2025-05-05,material,102,reorder_triggered,0.0
2025-05-05,material,103,stock,147.0
2025-05-05,material,103,days_of_cover,43.33
2025-05-05,material,103,open_po_flag,0.0
2025-05-05,material,103,reorder_triggered,0.0
2025-05-05,product,201,fg_stock,261.0
2025-05-05,product,201,planned_production,0.0
2025-05-05,product,201,actual_production,0.0
2025-05-05,product,201,production_shortfall,0.0
2025-05-05,product,201,demand_units,0.0
2025-05-05,product,201,due_backlog_units,0.0
2025-05-05,product,201,newly_backordered_units,0.0
2025-05-05,product,201,backorder_flag,0.0
2025-05-05,product,202,fg_stock,214.0
2025-05-05,product,202,planned_production,0.0
2025-05-05,product,202,actual_production,0.0
2025-05-05,product,202,production_shortfall,0.0
2025-05-05,product,202,demand_units,0.0
2025-05-05,product,202,due_backlog_units,0.0
2025-05-05,product,202,newly_backordered_units,0.0
2025-05-05,product,202,backorder_flag,0.0
2025-05-06,calendar,global,weekday,1.0
2025-05-06,calendar,global,month,5.0
2025-05-06,calendar,global,is_weekend,0.0
2025-05-06,supplier,1,po_delay_days,0.0
2025-05-06,supplier,1,receipt_fill_rate,1.0
2025-05-06,supplier,1,receipt_event_flag,0.0
2025-05-06,supplier,2,po_delay_days,0.0
2025-05-06,supplier,2,receipt_fill_rate,1.0
2025-05-06,supplier,2,receipt_event_flag,0.0
2025-05-06,supplier,3,po_delay_days,0.0
2025-05-06,supplier,3,receipt_fill_rate,1.0
2025-05-06,supplier,3,receipt_event_flag,0.0
2025-05-06,supplier,4,po_delay_days,4.0
2025-05-06,supplier,4,receipt_fill_rate,1.0
2025-05-06,supplier,4,receipt_event_flag,0.0
2025-05-06,supplier,5,po_delay_days,0.0
2025-05-06,supplier,5,receipt_fill_rate,1.0
2025-05-06,supplier,5,receipt_event_flag,0.0
2025-05-06,material,101,stock,8.0
2025-05-06,material,101,days_of_cover,0.45
2025-05-06,material,101,open_po_flag,1.0
2025-05-06,material,101,reorder_triggered,0.0
2025-05-06,material,102,stock,155.0
2025-05-06,material,102,days_of_cover,28.93
2025-05-06,material,102,open_po_flag,0.0
2025-05-06,material,102,reorder_triggered,0.0
2025-05-06,material,103,stock,147.0
2025-05-06,material,103,days_of_cover,43.33
2025-05-06,material,103,open_po_flag,0.0
2025-05-06,material,103,reorder_triggered,0.0
2025-05-06,product,201,fg_stock,248.0
2025-05-06,product,201,planned_production,0.0
2025-05-06,product,201,actual_production,0.0
2025-05-06,product,201,production_shortfall,0.0
2025-05-06,product,201,demand_units,16.0
2025-05-06,product,201,due_backlog_units,0.0
2025-05-06,product,201,newly_backordered_units,0.0
2025-05-06,product,201,backorder_flag,0.0
2025-05-06,product,202,fg_stock,214.0
2025-05-06,product,202,planned_production,0.0
2025-05-06,product,202,actual_production,0.0
2025-05-06,product,202,production_shortfall,0.0
2025-05-06,product,202,demand_units,12.0
2025-05-06,product,202,due_backlog_units,0.0
2025-05-06,product,202,newly_backordered_units,0.0
2025-05-06,product,202,backorder_flag,0.0
2025-05-07,calendar,global,weekday,2.0
2025-05-07,calendar,global,month,5.0
2025-05-07,calendar,global,is_weekend,0.0
2025-05-07,supplier,1,po_delay_days,0.0
2025-05-07,supplier,1,receipt_fill_rate,1.0
2025-05-07,supplier,1,receipt_event_flag,0.0
2025-05-07,supplier,2,po_delay_days,0.0
2025-05-07,supplier,2,receipt_fill_rate,1.0
2025-05-07,supplier,2,receipt_event_flag,0.0
2025-05-07,supplier,3,po_delay_days,0.0
2025-05-07,supplier,3,receipt_fill_rate,1.0
2025-05-07,supplier,3,receipt_event_flag,0.0
2025-05-07,supplier,4,po_delay_days,5.0
2025-05-07,supplier,4,receipt_fill_rate,1.0
2025-05-07,supplier,4,receipt_event_flag,0.0
2025-05-07,supplier,5,po_delay_days,0.0
2025-05-07,supplier,5,receipt_fill_rate,1.0
2025-05-07,supplier,5,receipt_event_flag,0.0
2025-05-07,material,101,stock,8.0
2025-05-07,material,101,days_of_cover,0.57
2025-05-07,material,101,open_po_flag,1.0
2025-05-07,material,101,reorder_triggered,0.0
2025-05-07,material,102,stock,155.0
2025-05-07,material,102,days_of_cover,36.17
2025-05-07,material,102,open_po_flag,0.0
2025-05-07,material,102,reorder_triggered,0.0
2025-05-07,material,103,stock,147.0
2025-05-07,material,103,days_of_cover,54.16
2025-05-07,material,103,open_po_flag,0.0
2025-05-07,material,103,reorder_triggered,0.0
2025-05-07,product,201,fg_stock,248.0
2025-05-07,product,201,planned_production,0.0
2025-05-07,product,201,actual_production,0.0
2025-05-07,product,201,production_shortfall,0.0
2025-05-07,product,201,demand_units,0.0
2025-05-07,product,201,due_backlog_units,0.0
2025-05-07,product,201,newly_backordered_units,0.0
2025-05-07,product,201,backorder_flag,0.0
2025-05-07,product,202,fg_stock,214.0
2025-05-07,product,202,planned_production,0.0
2025-05-07,product,202,actual_production,0.0
2025-05-07,product,202,production_shortfall,0.0
2025-05-07,product,202,demand_units,0.0
2025-05-07,product,202,due_backlog_units,0.0
2025-05-07,product,202,newly_backordered_units,0.0
2025-05-07,product,202,backorder_flag,0.0
2025-05-08,calendar,global,weekday,3.0
2025-05-08,calendar,global,month,5.0
2025-05-08,calendar,global,is_weekend,0.0
2025-05-08,supplier,1,po_delay_days,0.0
2025-05-08,supplier,1,receipt_fill_rate,1.0
2025-05-08,supplier,1,receipt_event_flag,0.0
2025-05-08,supplier,2,po_delay_days,0.0
2025-05-08,supplier,2,receipt_fill_rate,1.0
2025-05-08,supplier,2,receipt_event_flag,0.0
2025-05-08,supplier,3,po_delay_days,0.0
2025-05-08,supplier,3,receipt_fill_rate,1.0
2025-05-08,supplier,3,receipt_event_flag,0.0
2025-05-08,supplier,4,po_delay_days,6.0
2025-05-08,supplier,4,receipt_fill_rate,0.6825
2025-05-08,supplier,4,receipt_event_flag,1.0
2025-05-08,supplier,5,po_delay_days,0.0
2025-05-08,supplier,5,receipt_fill_rate,1.0
2025-05-08,supplier,5,receipt_event_flag,0.0
2025-05-08,material,101,stock,253.0
2025-05-08,material,101,days_of_cover,23.85
2025-05-08,material,101,open_po_flag,1.0
2025-05-08,material,101,reorder_triggered,0.0
2025-05-08,material,102,stock,155.0
2025-05-08,material,102,days_of_cover,48.22
2025-05-08,material,102,open_po_flag,0.0
2025-05-08,material,102,reorder_triggered,0.0
2025-05-08,material,103,stock,147.0
2025-05-08,material,103,days_of_cover,72.21
2025-05-08,material,103,open_po_flag,0.0
2025-05-08,material,103,reorder_triggered,0.0
2025-05-08,product,201,fg_stock,248.0
2025-05-08,product,201,planned_production,0.0
2025-05-08,product,201,actual_production,0.0
2025-05-08,product,201,production_shortfall,0.0
2025-05-08,product,201,demand_units,0.0
2025-05-08,product,201,due_backlog_units,0.0
2025-05-08,product,201,newly_backordered_units,0.0
2025-05-08,product,201,backorder_flag,0.0
2025-05-08,product,202,fg_stock,214.0
2025-05-08,product,202,planned_production,0.0
2025-05-08,product,202,actual_production,0.0
2025-05-08,product,202,production_shortfall,0.0
2025-05-08,product,202,demand_units,0.0
2025-05-08,product,202,due_backlog_units,0.0
2025-05-08,product,202,newly_backordered_units,0.0
2025-05-08,product,202,backorder_flag,0.0
2025-05-09,calendar,global,weekday,4.0
2025-05-09,calendar,global,month,5.0
2025-05-09,calendar,global,is_weekend,0.0
2025-05-09,supplier,1,po_delay_days,0.0
2025-05-09,supplier,1,receipt_fill_rate,1.0
2025-05-09,supplier,1,receipt_event_flag,0.0
2025-05-09,supplier,2,po_delay_days,0.0
2025-05-09,supplier,2,receipt_fill_rate,1.0
2025-05-09,supplier,2,receipt_event_flag,0.0
2025-05-09,supplier,3,po_delay_days,0.0
2025-05-09,supplier,3,receipt_fill_rate,1.0
2025-05-09,supplier,3,receipt_event_flag,0.0
2025-05-09,supplier,4,po_delay_days,7.0
2025-05-09,supplier,4,receipt_fill_rate,1.0
2025-05-09,supplier,4,receipt_event_flag,0.0
2025-05-09,supplier,5,po_delay_days,0.0
2025-05-09,supplier,5,receipt_fill_rate,1.0
2025-05-09,supplier,5,receipt_event_flag,0.0
2025-05-09,material,101,stock,166.0
2025-05-09,material,101,days_of_cover,11.74
2025-05-09,material,101,open_po_flag,1.0
2025-05-09,material,101,reorder_triggered,0.0
2025-05-09,material,102,stock,125.0
2025-05-09,material,102,days_of_cover,29.17
2025-05-09,material,102,open_po_flag,0.0
2025-05-09,material,102,reorder_triggered,0.0
2025-05-09,material,103,stock,133.0
2025-05-09,material,103,days_of_cover,49.0
2025-05-09,material,103,open_po_flag,0.0
2025-05-09,material,103,reorder_triggered,0.0
2025-05-09,product,201,fg_stock,278.0
2025-05-09,product,201,planned_production,30.0
2025-05-09,product,201,actual_production,30.0
2025-05-09,product,201,production_shortfall,0.0
2025-05-09,product,201,demand_units,0.0
2025-05-09,product,201,due_backlog_units,0.0
2025-05-09,product,201,newly_backordered_units,0.0
2025-05-09,product,201,backorder_flag,0.0
2025-05-09,product,202,fg_stock,224.0
2025-05-09,product,202,planned_production,20.0
2025-05-09,product,202,actual_production,10.0
2025-05-09,product,202,production_shortfall,10.0
2025-05-09,product,202,demand_units,0.0
2025-05-09,product,202,due_backlog_units,0.0
2025-05-09,product,202,newly_backordered_units,0.0
2025-05-09,product,202,backorder_flag,0.0
2025-05-10,calendar,global,weekday,5.0
2025-05-10,calendar,global,month,5.0
2025-05-10,calendar,global,is_weekend,1.0
2025-05-10,supplier,1,po_delay_days,0.0
2025-05-10,supplier,1,receipt_fill_rate,1.0
2025-05-10,supplier,1,receipt_event_flag,0.0
2025-05-10,supplier,2,po_delay_days,0.0
2025-05-10,supplier,2,receipt_fill_rate,1.0
2025-05-10,supplier,2,receipt_event_flag,0.0
2025-05-10,supplier,3,po_delay_days,0.0
2025-05-10,supplier,3,receipt_fill_rate,1.0
2025-05-10,supplier,3,receipt_event_flag,0.0
2025-05-10,supplier,4,po_delay_days,8.0
2025-05-10,supplier,4,receipt_fill_rate,1.0
2025-05-10,supplier,4,receipt_event_flag,1.0
2025-05-10,supplier,5,po_delay_days,0.0
2025-05-10,supplier,5,receipt_fill_rate,1.0
2025-05-10,supplier,5,receipt_event_flag,0.0
2025-05-10,material,101,stock,280.0
2025-05-10,material,101,days_of_cover,19.8
2025-05-10,material,101,open_po_flag,0.0
2025-05-10,material,101,reorder_triggered,0.0
2025-05-10,material,102,stock,125.0
2025-05-10,material,102,days_of_cover,29.17
2025-05-10,material,102,open_po_flag,0.0
2025-05-10,material,102,reorder_triggered,0.0
2025-05-10,material,103,stock,133.0
2025-05-10,material,103,days_of_cover,49.0
2025-05-10,material,103,open_po_flag,0.0
2025-05-10,material,103,reorder_triggered,0.0
2025-05-10,product,201,fg_stock,278.0
2025-05-10,product,201,planned_production,0.0
2025-05-10,product,201,actual_production,0.0
2025-05-10,product,201,production_shortfall,0.0
2025-05-10,product,201,demand_units,0.0
2025-05-10,product,201,due_backlog_units,0.0
2025-05-10,product,201,newly_backordered_units,0.0
2025-05-10,product,201,backorder_flag,0.0
2025-05-10,product,202,fg_stock,224.0
2025-05-10,product,202,planned_production,0.0
2025-05-10,product,202,actual_production,0.0
2025-05-10,product,202,production_shortfall,0.0
2025-05-10,product,202,demand_units,0.0
2025-05-10,product,202,due_backlog_units,0.0
2025-05-10,product,202,newly_backordered_units,0.0
2025-05-10,product,202,backorder_flag,0.0
2025-05-11,calendar,global,weekday,6.0
2025-05-11,calendar,global,month,5.0
2025-05-11,calendar,global,is_weekend,1.0
2025-05-11,supplier,1,po_delay_days,0.0
2025-05-11,supplier,1,receipt_fill_rate,1.0
2025-05-11,supplier,1,receipt_event_flag,0.0
2025-05-11,supplier,2,po_delay_days,0.0
2025-05-11,supplier,2,receipt_fill_rate,1.0
2025-05-11,supplier,2,receipt_event_flag,0.0
2025-05-11,supplier,3,po_delay_days,0.0
2025-05-11,supplier,3,receipt_fill_rate,1.0
2025-05-11,supplier,3,receipt_event_flag,0.0
2025-05-11,supplier,4,po_delay_days,0.0
2025-05-11,supplier,4,receipt_fill_rate,1.0
2025-05-11,supplier,4,receipt_event_flag,0.0
2025-05-11,supplier,5,po_delay_days,0.0
2025-05-11,supplier,5,receipt_fill_rate,1.0
2025-05-11,supplier,5,receipt_event_flag,0.0
2025-05-11,material,101,stock,280.0
2025-05-11,material,101,days_of_cover,19.8
2025-05-11,material,101,open_po_flag,0.0
2025-05-11,material,101,reorder_triggered,0.0
2025-05-11,material,102,stock,125.0
2025-05-11,material,102,days_of_cover,29.17
2025-05-11,material,102,open_po_flag,0.0
2025-05-11,material,102,reorder_triggered,0.0
2025-05-11,material,103,stock,133.0
2025-05-11,material,103,days_of_cover,49.0
2025-05-11,material,103,open_po_flag,0.0
2025-05-11,material,103,reorder_triggered,0.0
2025-05-11,product,201,fg_stock,253.0
2025-05-11,product,201,planned_production,0.0
2025-05-11,product,201,actual_production,0.0
2025-05-11,product,201,production_shortfall,0.0
2025-05-11,product,201,demand_units,0.0
2025-05-11,product,201,due_backlog_units,0.0
2025-05-11,product,201,newly_backordered_units,0.0
2025-05-11,product,201,backorder_flag,0.0
2025-05-11,product,202,fg_stock,224.0
2025-05-11,product,202,planned_production,0.0
2025-05-11,product,202,actual_production,0.0
2025-05-11,product,202,production_shortfall,0.0
2025-05-11,product,202,demand_units,0.0
2025-05-11,product,202,due_backlog_units,0.0
2025-05-11,product,202,newly_backordered_units,0.0
2025-05-11,product,202,backorder_flag,0.0
2025-05-12,calendar,global,weekday,0.0
2025-05-12,calendar,global,month,5.0
2025-05-12,calendar,global,is_weekend,0.0
2025-05-12,supplier,1,po_delay_days,0.0
2025-05-12,supplier,1,receipt_fill_rate,1.0
2025-05-12,supplier,1,receipt_event_flag,0.0
2025-05-12,supplier,2,po_delay_days,0.0
2025-05-12,supplier,2,receipt_fill_rate,1.0
2025-05-12,supplier,2,receipt_event_flag,0.0
2025-05-12,supplier,3,po_delay_days,0.0
2025-05-12,supplier,3,receipt_fill_rate,1.0
2025-05-12,supplier,3,receipt_event_flag,0.0
2025-05-12,supplier,4,po_delay_days,0.0
2025-05-12,supplier,4,receipt_fill_rate,1.0
2025-05-12,supplier,4,receipt_event_flag,0.0
2025-05-12,supplier,5,po_delay_days,0.0
2025-05-12,supplier,5,receipt_fill_rate,1.0
2025-05-12,supplier,5,receipt_event_flag,0.0
2025-05-12,material,101,stock,280.0
2025-05-12,material,101,days_of_cover,19.8
2025-05-12,material,101,open_po_flag,0.0
2025-05-12,material,101,reorder_triggered,0.0
2025-05-12,material,102,stock,125.0
2025-05-12,material,102,days_of_cover,29.17
2025-05-12,material,102,open_po_flag,0.0
2025-05-12,material,102,reorder_triggered,0.0
2025-05-12,material,103,stock,133.0
2025-05-12,material,103,days_of_cover,49.0
2025-05-12,material,103,open_po_flag,0.0
2025-05-12,material,103,reorder_triggered,0.0
2025-05-12,product,201,fg_stock,253.0
2025-05-12,product,201,planned_production,0.0
2025-05-12,product,201,actual_production,0.0
2025-05-12,product,201,production_shortfall,0.0
2025-05-12,product,201,demand_units,15.0
2025-05-12,product,201,due_backlog_units,0.0
2025-05-12,product,201,newly_backordered_units,0.0
2025-05-12,product,201,backorder_flag,0.0
2025-05-12,product,202,fg_stock,224.0
2025-05-12,product,202,planned_production,0.0
2025-05-12,product,202,actual_production,0.0
2025-05-12,product,202,production_shortfall,0.0
2025-05-12,product,202,demand_units,17.0
2025-05-12,product,202,due_backlog_units,0.0
2025-05-12,product,202,newly_backordered_units,0.0
2025-05-12,product,202,backorder_flag,0.0
2025-05-13,calendar,global,weekday,1.0
2025-05-13,calendar,global,month,5.0
2025-05-13,calendar,global,is_weekend,0.0
2025-05-13,supplier,1,po_delay_days,0.0
2025-05-13,supplier,1,receipt_fill_rate,1.0
2025-05-13,supplier,1,receipt_event_flag,0.0
2025-05-13,supplier,2,po_delay_days,0.0
2025-05-13,supplier,2,receipt_fill_rate,1.0
2025-05-13,supplier,2,receipt_event_flag,0.0
2025-05-13,supplier,3,po_delay_days,0.0
2025-05-13,supplier,3,receipt_fill_rate,1.0
2025-05-13,supplier,3,receipt_event_flag,0.0
2025-05-13,supplier,4,po_delay_days,0.0
2025-05-13,supplier,4,receipt_fill_rate,1.0
2025-05-13,supplier,4,receipt_event_flag,0.0
2025-05-13,supplier,5,po_delay_days,0.0
2025-05-13,supplier,5,receipt_fill_rate,1.0
2025-05-13,supplier,5,receipt_event_flag,0.0
2025-05-13,material,101,stock,193.0
2025-05-13,material,101,days_of_cover,10.92
2025-05-13,material,101,open_po_flag,1.0
2025-05-13,material,101,reorder_triggered,1.0
2025-05-13,material,102,stock,95.0
2025-05-13,material,102,days_of_cover,17.73
2025-05-13,material,102,open_po_flag,1.0
2025-05-13,material,102,reorder_triggered,1.0
2025-05-13,material,103,stock,119.0
2025-05-13,material,103,days_of_cover,35.07
2025-05-13,material,103,open_po_flag,0.0
2025-05-13,material,103,reorder_triggered,0.0
2025-05-13,product,201,fg_stock,267.0
2025-05-13,product,201,planned_production,30.0
2025-05-13,product,201,actual_production,30.0
2025-05-13,product,201,production_shortfall,0.0
2025-05-13,product,201,demand_units,25.0
2025-05-13,product,201,due_backlog_units,0.0
2025-05-13,product,201,newly_backordered_units,0.0
2025-05-13,product,201,backorder_flag,0.0
2025-05-13,product,202,fg_stock,222.0
2025-05-13,product,202,planned_production,20.0
2025-05-13,product,202,actual_production,10.0
2025-05-13,product,202,production_shortfall,10.0
2025-05-13,product,202,demand_units,9.0
2025-05-13,product,202,due_backlog_units,0.0
2025-05-13,product,202,newly_backordered_units,0.0
2025-05-13,product,202,backorder_flag,0.0
2025-05-14,calendar,global,weekday,2.0
2025-05-14,calendar,global,month,5.0
2025-05-14,calendar,global,is_weekend,0.0
2025-05-14,supplier,1,po_delay_days,0.0
2025-05-14,supplier,1,receipt_fill_rate,1.0
2025-05-14,supplier,1,receipt_event_flag,0.0
2025-05-14,supplier,2,po_delay_days,0.0
2025-05-14,supplier,2,receipt_fill_rate,1.0
2025-05-14,supplier,2,receipt_event_flag,0.0
2025-05-14,supplier,3,po_delay_days,0.0
2025-05-14,supplier,3,receipt_fill_rate,1.0
2025-05-14,supplier,3,receipt_event_flag,0.0
2025-05-14,supplier,4,po_delay_days,0.0
2025-05-14,supplier,4,receipt_fill_rate,1.0
2025-05-14,supplier,4,receipt_event_flag,0.0
2025-05-14,supplier,5,po_delay_days,0.0
2025-05-14,supplier,5,receipt_fill_rate,1.0
2025-05-14,supplier,5,receipt_event_flag,0.0
2025-05-14,material,101,stock,193.0
2025-05-14,material,101,days_of_cover,10.92
2025-05-14,material,101,open_po_flag,1.0
2025-05-14,material,101,reorder_triggered,0.0
2025-05-14,material,102,stock,95.0
2025-05-14,material,102,days_of_cover,17.73
2025-05-14,material,102,open_po_flag,1.0
2025-05-14,material,102,reorder_triggered,0.0
2025-05-14,material,103,stock,119.0
2025-05-14,material,103,days_of_cover,35.07
2025-05-14,material,103,open_po_flag,0.0
2025-05-14,material,103,reorder_triggered,0.0
2025-05-14,product,201,fg_stock,267.0
2025-05-14,product,201,planned_production,0.0
2025-05-14,product,201,actual_production,0.0
2025-05-14,product,201,production_shortfall,0.0
2025-05-14,product,201,demand_units,0.0
2025-05-14,product,201,due_backlog_units,0.0
2025-05-14,product,201,newly_backordered_units,0.0
2025-05-14,product,201,backorder_flag,0.0
2025-05-14,product,202,fg_stock,222.0
2025-05-14,product,202,planned_production,0.0
2025-05-14,product,202,actual_production,0.0
2025-05-14,product,202,production_shortfall,0.0
2025-05-14,product,202,demand_units,8.0
2025-05-14,product,202,due_backlog_units,0.0
2025-05-14,product,202,newly_backordered_units,0.0
2025-05-14,product,202,backorder_flag,0.0
2025-05-15,calendar,global,weekday,3.0
2025-05-15,calendar,global,month,5.0
2025-05-15,calendar,global,is_weekend,0.0
2025-05-15,supplier,1,po_delay_days,0.0
2025-05-15,supplier,1,receipt_fill_rate,1.0
2025-05-15,supplier,1,receipt_event_flag,0.0
2025-05-15,supplier,2,po_delay_days,0.0
2025-05-15,supplier,2,receipt_fill_rate,1.0
2025-05-15,supplier,2,receipt_event_flag,0.0
2025-05-15,supplier,3,po_delay_days,0.0
2025-05-15,supplier,3,receipt_fill_rate,1.0
2025-05-15,supplier,3,receipt_event_flag,0.0
2025-05-15,supplier,4,po_delay_days,0.0
2025-05-15,supplier,4,receipt_fill_rate,1.0
2025-05-15,supplier,4,receipt_event_flag,0.0
2025-05-15,supplier,5,po_delay_days,0.0
2025-05-15,supplier,5,receipt_fill_rate,1.0
2025-05-15,supplier,5,receipt_event_flag,0.0
2025-05-15,material,101,stock,193.0
2025-05-15,material,101,days_of_cover,10.92
2025-05-15,material,101,open_po_flag,1.0
2025-05-15,material,101,reorder_triggered,0.0
2025-05-15,material,102,stock,95.0
2025-05-15,material,102,days_of_cover,17.73
2025-05-15,material,102,open_po_flag,1.0
2025-05-15,material,102,reorder_triggered,0.0
2025-05-15,material,103,stock,119.0
2025-05-15,material,103,days_of_cover,35.07
2025-05-15,material,103,open_po_flag,0.0
2025-05-15,material,103,reorder_triggered,0.0
2025-05-15,product,201,fg_stock,267.0
2025-05-15,product,201,planned_production,0.0
2025-05-15,product,201,actual_production,0.0
2025-05-15,product,201,production_shortfall,0.0
2025-05-15,product,201,demand_units,0.0
2025-05-15,product,201,due_backlog_units,0.0
2025-05-15,product,201,newly_backordered_units,0.0
2025-05-15,product,201,backorder_flag,0.0
2025-05-15,product,202,fg_stock,222.0
2025-05-15,product,202,planned_production,0.0
2025-05-15,product,202,actual_production,0.0
2025-05-15,product,202,production_shortfall,0.0
2025-05-15,product,202,demand_units,6.0
2025-05-15,product,202,due_backlog_units,0.0
2025-05-15,product,202,newly_backordered_units,0.0
2025-05-15,product,202,backorder_flag,0.0
2025-05-16,calendar,global,weekday,4.0
2025-05-16,calendar,global,month,5.0
2025-05-16,calendar,global,is_weekend,0.0
2025-05-16,supplier,1,po_delay_days,0.0
2025-05-16,supplier,1,receipt_fill_rate,1.0
2025-05-16,supplier,1,receipt_event_flag,0.0
2025-05-16,supplier,2,po_delay_days,0.0
2025-05-16,supplier,2,receipt_fill_rate,1.0
2025-05-16,supplier,2,receipt_event_flag,0.0
2025-05-16,supplier,3,po_delay_days,0.0
2025-05-16,supplier,3,receipt_fill_rate,1.0
2025-05-16,supplier,3,receipt_event_flag,0.0
2025-05-16,supplier,4,po_delay_days,0.0
2025-05-16,supplier,4,receipt_fill_rate,1.0
2025-05-16,supplier,4,receipt_event_flag,0.0
2025-05-16,supplier,5,po_delay_days,0.0
2025-05-16,supplier,5,receipt_fill_rate,1.0
2025-05-16,supplier,5,receipt_event_flag,0.0
2025-05-16,material,101,stock,193.0
2025-05-16,material,101,days_of_cover,10.92
2025-05-16,material,101,open_po_flag,1.0
2025-05-16,material,101,reorder_triggered,0.0
2025-05-16,material,102,stock,95.0
2025-05-16,material,102,days_of_cover,17.73
2025-05-16,material,102,open_po_flag,1.0
2025-05-16,material,102,reorder_triggered,0.0
2025-05-16,material,103,stock,119.0
2025-05-16,material,103,days_of_cover,35.07
2025-05-16,material,103,open_po_flag,0.0
2025-05-16,material,103,reorder_triggered,0.0
2025-05-16,product,201,fg_stock,267.0
2025-05-16,product,201,planned_production,0.0
2025-05-16,product,201,actual_production,0.0
2025-05-16,product,201,production_shortfall,0.0
2025-05-16,product,201,demand_units,0.0
2025-05-16,product,201,due_backlog_units,0.0
2025-05-16,product,201,newly_backordered_units,0.0
2025-05-16,product,201,backorder_flag,0.0
2025-05-16,product,202,fg_stock,222.0
2025-05-16,product,202,planned_production,0.0
2025-05-16,product,202,actual_production,0.0
2025-05-16,product,202,production_shortfall,0.0
2025-05-16,product,202,demand_units,0.0
2025-05-16,product,202,due_backlog_units,0.0
2025-05-16,product,202,newly_backordered_units,0.0
2025-05-16,product,202,backorder_flag,0.0
2025-05-17,calendar,global,weekday,5.0
2025-05-17,calendar,global,month,5.0
2025-05-17,calendar,global,is_weekend,1.0
2025-05-17,supplier,1,po_delay_days,0.0
2025-05-17,supplier,1,receipt_fill_rate,1.0
2025-05-17,supplier,1,receipt_event_flag,0.0
2025-05-17,supplier,2,po_delay_days,0.0
2025-05-17,supplier,2,receipt_fill_rate,1.0
2025-05-17,supplier,2,receipt_event_flag,0.0
2025-05-17,supplier,3,po_delay_days,0.0
2025-05-17,supplier,3,receipt_fill_rate,1.0
2025-05-17,supplier,3,receipt_event_flag,0.0
2025-05-17,supplier,4,po_delay_days,0.0
2025-05-17,supplier,4,receipt_fill_rate,1.0
2025-05-17,supplier,4,receipt_event_flag,0.0
2025-05-17,supplier,5,po_delay_days,0.0
2025-05-17,supplier,5,receipt_fill_rate,1.0
2025-05-17,supplier,5,receipt_event_flag,0.0
2025-05-17,material,101,stock,193.0
2025-05-17,material,101,days_of_cover,10.92
2025-05-17,material,101,open_po_flag,1.0
2025-05-17,material,101,reorder_triggered,0.0
2025-05-17,material,102,stock,95.0
2025-05-17,material,102,days_of_cover,17.73
2025-05-17,material,102,open_po_flag,1.0
2025-05-17,material,102,reorder_triggered,0.0
2025-05-17,material,103,stock,119.0
2025-05-17,material,103,days_of_cover,35.07
2025-05-17,material,103,open_po_flag,0.0
2025-05-17,material,103,reorder_triggered,0.0
2025-05-17,product,201,fg_stock,267.0
2025-05-17,product,201,planned_production,0.0
2025-05-17,product,201,actual_production,0.0
2025-05-17,product,201,production_shortfall,0.0
2025-05-17,product,201,demand_units,0.0
2025-05-17,product,201,due_backlog_units,0.0
2025-05-17,product,201,newly_backordered_units,0.0
2025-05-17,product,201,backorder_flag,0.0
2025-05-17,product,202,fg_stock,222.0
2025-05-17,product,202,planned_production,0.0
2025-05-17,product,202,actual_production,0.0
2025-05-17,product,202,production_shortfall,0.0
2025-05-17,product,202,demand_units,0.0
2025-05-17,product,202,due_backlog_units,0.0
2025-05-17,product,202,newly_backordered_units,0.0
2025-05-17,product,202,backorder_flag,0.0
2025-05-18,calendar,global,weekday,6.0
2025-05-18,calendar,global,month,5.0
2025-05-18,calendar,global,is_weekend,1.0
2025-05-18,supplier,1,po_delay_days,0.0
2025-05-18,supplier,1,receipt_fill_rate,1.0
2025-05-18,supplier,1,receipt_event_flag,0.0
2025-05-18,supplier,2,po_delay_days,0.0
2025-05-18,supplier,2,receipt_fill_rate,1.0
2025-05-18,supplier,2,receipt_event_flag,0.0
2025-05-18,supplier,3,po_delay_days,0.0
2025-05-18,supplier,3,receipt_fill_rate,1.0
2025-05-18,supplier,3,receipt_event_flag,0.0
2025-05-18,supplier,4,po_delay_days,0.0
2025-05-18,supplier,4,receipt_fill_rate,1.0
2025-05-18,supplier,4,receipt_event_flag,0.0
2025-05-18,supplier,5,po_delay_days,0.0
2025-05-18,supplier,5,receipt_fill_rate,1.0
2025-05-18,supplier,5,receipt_event_flag,0.0
2025-05-18,material,101,stock,193.0
2025-05-18,material,101,days_of_cover,10.92
2025-05-18,material,101,open_po_flag,1.0
2025-05-18,material,101,reorder_triggered,0.0
2025-05-18,material,102,stock,95.0
2025-05-18,material,102,days_of_cover,17.73
2025-05-18,material,102,open_po_flag,1.0
2025-05-18,material,102,reorder_triggered,0.0
2025-05-18,material,103,stock,119.0
2025-05-18,material,103,days_of_cover,35.07
2025-05-18,material,103,open_po_flag,0.0
2025-05-18,material,103,reorder_triggered,0.0
2025-05-18,product,201,fg_stock,267.0
2025-05-18,product,201,planned_production,0.0
2025-05-18,product,201,actual_production,0.0
2025-05-18,product,201,production_shortfall,0.0
2025-05-18,product,201,demand_units,0.0
2025-05-18,product,201,due_backlog_units,0.0
2025-05-18,product,201,newly_backordered_units,0.0
2025-05-18,product,201,backorder_flag,0.0
2025-05-18,product,202,fg_stock,213.0
2025-05-18,product,202,planned_production,0.0
2025-05-18,product,202,actual_production,0.0
2025-05-18,product,202,production_shortfall,0.0
2025-05-18,product,202,demand_units,0.0
2025-05-18,product,202,due_backlog_units,0.0
2025-05-18,product,202,newly_backordered_units,0.0
2025-05-18,product,202,backorder_flag,0.0
2025-05-19,calendar,global,weekday,0.0
2025-05-19,calendar,global,month,5.0
2025-05-19,calendar,global,is_weekend,0.0
2025-05-19,supplier,1,po_delay_days,0.0
2025-05-19,supplier,1,receipt_fill_rate,1.0
2025-05-19,supplier,1,receipt_event_flag,0.0
2025-05-19,supplier,2,po_delay_days,0.0
2025-05-19,supplier,2,receipt_fill_rate,1.0
2025-05-19,supplier,2,receipt_event_flag,0.0
2025-05-19,supplier,3,po_delay_days,0.0
2025-05-19,supplier,3,receipt_fill_rate,1.0
2025-05-19,supplier,3,receipt_event_flag,0.0
2025-05-19,supplier,4,po_delay_days,0.0
2025-05-19,supplier,4,receipt_fill_rate,1.0
2025-05-19,supplier,4,receipt_event_flag,0.0
2025-05-19,supplier,5,po_delay_days,0.0
2025-05-19,supplier,5,receipt_fill_rate,1.0
2025-05-19,supplier,5,receipt_event_flag,0.0
2025-05-19,material,101,stock,193.0
2025-05-19,material,101,days_of_cover,10.92
2025-05-19,material,101,open_po_flag,1.0
2025-05-19,material,101,reorder_triggered,0.0
2025-05-19,material,102,stock,95.0
2025-05-19,material,102,days_of_cover,17.73
2025-05-19,material,102,open_po_flag,1.0
2025-05-19,material,102,reorder_triggered,0.0
2025-05-19,material,103,stock,119.0
2025-05-19,material,103,days_of_cover,35.07
2025-05-19,material,103,open_po_flag,0.0
2025-05-19,material,103,reorder_triggered,0.0
2025-05-19,product,201,fg_stock,267.0
2025-05-19,product,201,planned_production,0.0
2025-05-19,product,201,actual_production,0.0
2025-05-19,product,201,production_shortfall,0.0
2025-05-19,product,201,demand_units,0.0
2025-05-19,product,201,due_backlog_units,0.0
2025-05-19,product,201,newly_backordered_units,0.0
2025-05-19,product,201,backorder_flag,0.0
2025-05-19,product,202,fg_stock,213.0
2025-05-19,product,202,planned_production,0.0
2025-05-19,product,202,actual_production,0.0
2025-05-19,product,202,production_shortfall,0.0
2025-05-19,product,202,demand_units,0.0
2025-05-19,product,202,due_backlog_units,0.0
2025-05-19,product,202,newly_backordered_units,0.0
2025-05-19,product,202,backorder_flag,0.0
2025-05-20,calendar,global,weekday,1.0
2025-05-20,calendar,global,month,5.0
2025-05-20,calendar,global,is_weekend,0.0
2025-05-20,supplier,1,po_delay_days,0.0
2025-05-20,supplier,1,receipt_fill_rate,1.0
2025-05-20,supplier,1,receipt_event_flag,0.0
2025-05-20,supplier,2,po_delay_days,0.0
2025-05-20,supplier,2,receipt_fill_rate,1.0
2025-05-20,supplier,2,receipt_event_flag,0.0
2025-05-20,supplier,3,po_delay_days,0.0
2025-05-20,supplier,3,receipt_fill_rate,1.0
2025-05-20,supplier,3,receipt_event_flag,0.0
2025-05-20,supplier,4,po_delay_days,0.0
2025-05-20,supplier,4,receipt_fill_rate,1.0
2025-05-20,supplier,4,receipt_event_flag,0.0
2025-05-20,supplier,5,po_delay_days,0.0
2025-05-20,supplier,5,receipt_fill_rate,1.0
2025-05-20,supplier,5,receipt_event_flag,0.0
2025-05-20,material,101,stock,193.0
2025-05-20,material,101,days_of_cover,10.92
2025-05-20,material,101,open_po_flag,1.0
2025-05-20,material,101,reorder_triggered,0.0
2025-05-20,material,102,stock,95.0
2025-05-20,material,102,days_of_cover,17.73
2025-05-20,material,102,open_po_flag,1.0
2025-05-20,material,102,reorder_triggered,0.0
2025-05-20,material,103,stock,119.0
2025-05-20,material,103,days_of_cover,35.07
2025-05-20,material,103,open_po_flag,0.0
2025-05-20,material,103,reorder_triggered,0.0
2025-05-20,product,201,fg_stock,242.0
2025-05-20,product,201,planned_production,0.0
2025-05-20,product,201,actual_production,0.0
2025-05-20,product,201,production_shortfall,0.0
2025-05-20,product,201,demand_units,35.0
2025-05-20,product,201,due_backlog_units,0.0
2025-05-20,product,201,newly_backordered_units,0.0
2025-05-20,product,201,backorder_flag,0.0
2025-05-20,product,202,fg_stock,199.0
2025-05-20,product,202,planned_production,0.0
2025-05-20,product,202,actual_production,0.0
2025-05-20,product,202,production_shortfall,0.0
2025-05-20,product,202,demand_units,10.0
2025-05-20,product,202,due_backlog_units,0.0
2025-05-20,product,202,newly_backordered_units,0.0
2025-05-20,product,202,backorder_flag,0.0
2025-05-21,calendar,global,weekday,2.0
2025-05-21,calendar,global,month,5.0
2025-05-21,calendar,global,is_weekend,0.0
2025-05-21,supplier,1,po_delay_days,0.0
2025-05-21,supplier,1,receipt_fill_rate,1.0
2025-05-21,supplier,1,receipt_event_flag,0.0
2025-05-21,supplier,2,po_delay_days,0.0
2025-05-21,supplier,2,receipt_fill_rate,1.0
2025-05-21,supplier,2,receipt_event_flag,0.0
2025-05-21,supplier,3,po_delay_days,0.0
2025-05-21,supplier,3,receipt_fill_rate,1.0
2025-05-21,supplier,3,receipt_event_flag,0.0
2025-05-21,supplier,4,po_delay_days,0.0
2025-05-21,supplier,4,receipt_fill_rate,1.0
2025-05-21,supplier,4,receipt_event_flag,1.0
2025-05-21,supplier,5,po_delay_days,0.0
2025-05-21,supplier,5,receipt_fill_rate,1.0
2025-05-21,supplier,5,receipt_event_flag,0.0
2025-05-21,material,101,stock,590.0
2025-05-21,material,101,days_of_cover,41.72
2025-05-21,material,101,open_po_flag,0.0
2025-05-21,material,101,reorder_triggered,0.0
2025-05-21,material,102,stock,95.0
2025-05-21,material,102,days_of_cover,22.17
2025-05-21,material,102,open_po_flag,1.0
2025-05-21,material,102,reorder_triggered,0.0
2025-05-21,material,103,stock,119.0
2025-05-21,material,103,days_of_cover,43.84
2025-05-21,material,103,open_po_flag,0.0
2025-05-21,material,103,reorder_triggered,0.0
2025-05-21,product,201,fg_stock,242.0
2025-05-21,product,201,planned_production,0.0
2025-05-21,product,201,actual_production,0.0
2025-05-21,product,201,production_shortfall,0.0
2025-05-21,product,201,demand_units,0.0
2025-05-21,product,201,due_backlog_units,0.0
2025-05-21,product,201,newly_backordered_units,0.0
2025-05-21,product,201,backorder_flag,0.0
2025-05-21,product,202,fg_stock,191.0
2025-05-21,product,202,planned_production,0.0
2025-05-21,product,202,actual_production,0.0
2025-05-21,product,202,production_shortfall,0.0
2025-05-21,product,202,demand_units,0.0
2025-05-21,product,202,due_backlog_units,0.0
2025-05-21,product,202,newly_backordered_units,0.0
2025-05-21,product,202,backorder_flag,0.0
2025-05-22,calendar,global,weekday,3.0
2025-05-22,calendar,global,month,5.0
2025-05-22,calendar,global,is_weekend,0.0
2025-05-22,supplier,1,po_delay_days,0.0
2025-05-22,supplier,1,receipt_fill_rate,1.0
2025-05-22,supplier,1,receipt_event_flag,0.0
2025-05-22,supplier,2,po_delay_days,0.0
2025-05-22,supplier,2,receipt_fill_rate,1.0
2025-05-22,supplier,2,receipt_event_flag,0.0
2025-05-22,supplier,3,po_delay_days,0.0
2025-05-22,supplier,3,receipt_fill_rate,1.0
2025-05-22,supplier,3,receipt_event_flag,0.0
2025-05-22,supplier,4,po_delay_days,0.0
2025-05-22,supplier,4,receipt_fill_rate,1.0
2025-05-22,supplier,4,receipt_event_flag,0.0
2025-05-22,supplier,5,po_delay_days,0.0
2025-05-22,supplier,5,receipt_fill_rate,1.0
2025-05-22,supplier,5,receipt_event_flag,0.0
2025-05-22,material,101,stock,590.0
2025-05-22,material,101,days_of_cover,41.72
2025-05-22,material,101,open_po_flag,0.0
2025-05-22,material,101,reorder_triggered,0.0
2025-05-22,material,102,stock,95.0
2025-05-22,material,102,days_of_cover,22.17
2025-05-22,material,102,open_po_flag,1.0
2025-05-22,material,102,reorder_triggered,0.0
2025-05-22,material,103,stock,119.0
2025-05-22,material,103,days_of_cover,43.84
2025-05-22,material,103,open_po_flag,0.0
2025-05-22,material,103,reorder_triggered,0.0
2025-05-22,product,201,fg_stock,227.0
2025-05-22,product,201,planned_production,0.0
2025-05-22,product,201,actual_production,0.0
2025-05-22,product,201,production_shortfall,0.0
2025-05-22,product,201,demand_units,0.0
2025-05-22,product,201,due_backlog_units,0.0
2025-05-22,product,201,newly_backordered_units,0.0
2025-05-22,product,201,backorder_flag,0.0
2025-05-22,product,202,fg_stock,191.0
2025-05-22,product,202,planned_production,0.0
2025-05-22,product,202,actual_production,0.0
2025-05-22,product,202,production_shortfall,0.0
2025-05-22,product,202,demand_units,9.0
2025-05-22,product,202,due_backlog_units,0.0
2025-05-22,product,202,newly_backordered_units,0.0
2025-05-22,product,202,backorder_flag,0.0
2025-05-23,calendar,global,weekday,4.0
2025-05-23,calendar,global,month,5.0
2025-05-23,calendar,global,is_weekend,0.0
2025-05-23,supplier,1,po_delay_days,0.0
2025-05-23,supplier,1,receipt_fill_rate,1.0
2025-05-23,supplier,1,receipt_event_flag,0.0
2025-05-23,supplier,2,po_delay_days,0.0
2025-05-23,supplier,2,receipt_fill_rate,1.0
2025-05-23,supplier,2,receipt_event_flag,0.0
2025-05-23,supplier,3,po_delay_days,0.0
2025-05-23,supplier,3,receipt_fill_rate,1.0
2025-05-23,supplier,3,receipt_event_flag,0.0
2025-05-23,supplier,4,po_delay_days,0.0
2025-05-23,supplier,4,receipt_fill_rate,1.0
2025-05-23,supplier,4,receipt_event_flag,0.0
2025-05-23,supplier,5,po_delay_days,0.0
2025-05-23,supplier,5,receipt_fill_rate,1.0
2025-05-23,supplier,5,receipt_event_flag,0.0
2025-05-23,material,101,stock,590.0
2025-05-23,material,101,days_of_cover,41.72
2025-05-23,material,101,open_po_flag,0.0
2025-05-23,material,101,reorder_triggered,0.0
2025-05-23,material,102,stock,95.0
2025-05-23,material,102,days_of_cover,22.17
2025-05-23,material,102,open_po_flag,1.0
2025-05-23,material,102,reorder_triggered,0.0
2025-05-23,material,103,stock,119.0
2025-05-23,material,103,days_of_cover,43.84
2025-05-23,material,103,open_po_flag,0.0
2025-05-23,material,103,reorder_triggered,0.0
2025-05-23,product,201,fg_stock,227.0
2025-05-23,product,201,planned_production,0.0
2025-05-23,product,201,actual_production,0.0
2025-05-23,product,201,production_shortfall,0.0
2025-05-23,product,201,demand_units,0.0
2025-05-23,product,201,due_backlog_units,0.0
2025-05-23,product,201,newly_backordered_units,0.0
2025-05-23,product,201,backorder_flag,0.0
2025-05-23,product,202,fg_stock,182.0
2025-05-23,product,202,planned_production,0.0
2025-05-23,product,202,actual_production,0.0
2025-05-23,product,202,production_shortfall,0.0
2025-05-23,product,202,demand_units,0.0
2025-05-23,product,202,due_backlog_units,0.0
2025-05-23,product,202,newly_backordered_units,0.0
2025-05-23,product,202,backorder_flag,0.0
2025-05-24,calendar,global,weekday,5.0
2025-05-24,calendar,global,month,5.0
2025-05-24,calendar,global,is_weekend,1.0
2025-05-24,supplier,1,po_delay_days,0.0
2025-05-24,supplier,1,receipt_fill_rate,1.0
2025-05-24,supplier,1,receipt_event_flag,0.0
2025-05-24,supplier,2,po_delay_days,0.0
2025-05-24,supplier,2,receipt_fill_rate,1.0
2025-05-24,supplier,2,receipt_event_flag,0.0
2025-05-24,supplier,3,po_delay_days,0.0
2025-05-24,supplier,3,receipt_fill_rate,1.0
2025-05-24,supplier,3,receipt_event_flag,0.0
2025-05-24,supplier,4,po_delay_days,0.0
2025-05-24,supplier,4,receipt_fill_rate,1.0
2025-05-24,supplier,4,receipt_event_flag,0.0
2025-05-24,supplier,5,po_delay_days,0.0
2025-05-24,supplier,5,receipt_fill_rate,1.0
2025-05-24,supplier,5,receipt_event_flag,0.0
2025-05-24,material,101,stock,590.0
2025-05-24,material,101,days_of_cover,41.72
2025-05-24,material,101,open_po_flag,0.0
2025-05-24,material,101,reorder_triggered,0.0
2025-05-24,material,102,stock,95.0
2025-05-24,material,102,days_of_cover,22.17
2025-05-24,material,102,open_po_flag,1.0
2025-05-24,material,102,reorder_triggered,0.0
2025-05-24,material,103,stock,119.0
2025-05-24,material,103,days_of_cover,43.84
2025-05-24,material,103,open_po_flag,0.0
2025-05-24,material,103,reorder_triggered,0.0
2025-05-24,product,201,fg_stock,227.0
2025-05-24,product,201,planned_production,0.0
2025-05-24,product,201,actual_production,0.0
2025-05-24,product,201,production_shortfall,0.0
2025-05-24,product,201,demand_units,0.0
2025-05-24,product,201,due_backlog_units,0.0
2025-05-24,product,201,newly_backordered_units,0.0
2025-05-24,product,201,backorder_flag,0.0
2025-05-24,product,202,fg_stock,182.0
2025-05-24,product,202,planned_production,0.0
2025-05-24,product,202,actual_production,0.0
2025-05-24,product,202,production_shortfall,0.0
2025-05-24,product,202,demand_units,0.0
2025-05-24,product,202,due_backlog_units,0.0
2025-05-24,product,202,newly_backordered_units,0.0
2025-05-24,product,202,backorder_flag,0.0
2025-05-25,calendar,global,weekday,6.0
2025-05-25,calendar,global,month,5.0
2025-05-25,calendar,global,is_weekend,1.0
2025-05-25,supplier,1,po_delay_days,0.0
2025-05-25,supplier,1,receipt_fill_rate,1.0
2025-05-25,supplier,1,receipt_event_flag,0.0
2025-05-25,supplier,2,po_delay_days,0.0
2025-05-25,supplier,2,receipt_fill_rate,1.0
2025-05-25,supplier,2,receipt_event_flag,0.0
2025-05-25,supplier,3,po_delay_days,0.0
2025-05-25,supplier,3,receipt_fill_rate,1.0
2025-05-25,supplier,3,receipt_event_flag,0.0
2025-05-25,supplier,4,po_delay_days,0.0
2025-05-25,supplier,4,receipt_fill_rate,1.0
2025-05-25,supplier,4,receipt_event_flag,0.0
2025-05-25,supplier,5,po_delay_days,0.0
2025-05-25,supplier,5,receipt_fill_rate,1.0
2025-05-25,supplier,5,receipt_event_flag,0.0
2025-05-25,material,101,stock,590.0
2025-05-25,material,101,days_of_cover,41.72
2025-05-25,material,101,open_po_flag,0.0
2025-05-25,material,101,reorder_triggered,0.0
2025-05-25,material,102,stock,95.0
2025-05-25,material,102,days_of_cover,22.17
2025-05-25,material,102,open_po_flag,1.0
2025-05-25,material,102,reorder_triggered,0.0
2025-05-25,material,103,stock,119.0
2025-05-25,material,103,days_of_cover,43.84
2025-05-25,material,103,open_po_flag,0.0
2025-05-25,material,103,reorder_triggered,0.0
2025-05-25,product,201,fg_stock,227.0
2025-05-25,product,201,planned_production,0.0
2025-05-25,product,201,actual_production,0.0
2025-05-25,product,201,production_shortfall,0.0
2025-05-25,product,201,demand_units,0.0
2025-05-25,product,201,due_backlog_units,0.0
2025-05-25,product,201,newly_backordered_units,0.0
2025-05-25,product,201,backorder_flag,0.0
2025-05-25,product,202,fg_stock,182.0
2025-05-25,product,202,planned_production,0.0
2025-05-25,product,202,actual_production,0.0
2025-05-25,product,202,production_shortfall,0.0
2025-05-25,product,202,demand_units,0.0
2025-05-25,product,202,due_backlog_units,0.0
2025-05-25,product,202,newly_backordered_units,0.0
2025-05-25,product,202,backorder_flag,0.0
2025-05-26,calendar,global,weekday,0.0
2025-05-26,calendar,global,month,5.0
2025-05-26,calendar,global,is_weekend,0.0
2025-05-26,supplier,1,po_delay_days,0.0
2025-05-26,supplier,1,receipt_fill_rate,1.0
2025-05-26,supplier,1,receipt_event_flag,0.0
2025-05-26,supplier,2,po_delay_days,0.0
2025-05-26,supplier,2,receipt_fill_rate,1.0
2025-05-26,supplier,2,receipt_event_flag,0.0
2025-05-26,supplier,3,po_delay_days,0.0
2025-05-26,supplier,3,receipt_fill_rate,1.0
2025-05-26,supplier,3,receipt_event_flag,0.0
2025-05-26,supplier,4,po_delay_days,0.0
2025-05-26,supplier,4,receipt_fill_rate,1.0
2025-05-26,supplier,4,receipt_event_flag,0.0
2025-05-26,supplier,5,po_delay_days,0.0
2025-05-26,supplier,5,receipt_fill_rate,1.0
2025-05-26,supplier,5,receipt_event_flag,0.0
2025-05-26,material,101,stock,590.0
2025-05-26,material,101,days_of_cover,41.72
2025-05-26,material,101,open_po_flag,0.0
2025-05-26,material,101,reorder_triggered,0.0
2025-05-26,material,102,stock,95.0
2025-05-26,material,102,days_of_cover,22.17
2025-05-26,material,102,open_po_flag,1.0
2025-05-26,material,102,reorder_triggered,0.0
2025-05-26,material,103,stock,119.0
2025-05-26,material,103,days_of_cover,43.84
2025-05-26,material,103,open_po_flag,0.0
2025-05-26,material,103,reorder_triggered,0.0
2025-05-26,product,201,fg_stock,214.0
2025-05-26,product,201,planned_production,0.0
2025-05-26,product,201,actual_production,0.0
2025-05-26,product,201,production_shortfall,0.0
2025-05-26,product,201,demand_units,0.0
2025-05-26,product,201,due_backlog_units,0.0
2025-05-26,product,201,newly_backordered_units,0.0
2025-05-26,product,201,backorder_flag,0.0
2025-05-26,product,202,fg_stock,182.0
2025-05-26,product,202,planned_production,0.0
2025-05-26,product,202,actual_production,0.0
2025-05-26,product,202,production_shortfall,0.0
2025-05-26,product,202,demand_units,0.0
2025-05-26,product,202,due_backlog_units,0.0
2025-05-26,product,202,newly_backordered_units,0.0
2025-05-26,product,202,backorder_flag,0.0
2025-05-27,calendar,global,weekday,1.0
2025-05-27,calendar,global,month,5.0
2025-05-27,calendar,global,is_weekend,0.0
2025-05-27,supplier,1,po_delay_days,0.0
2025-05-27,supplier,1,receipt_fill_rate,1.0
2025-05-27,supplier,1,receipt_event_flag,0.0
2025-05-27,supplier,2,po_delay_days,0.0
2025-05-27,supplier,2,receipt_fill_rate,1.0
2025-05-27,supplier,2,receipt_event_flag,0.0
2025-05-27,supplier,3,po_delay_days,0.0
2025-05-27,supplier,3,receipt_fill_rate,1.0
2025-05-27,supplier,3,receipt_event_flag,0.0
2025-05-27,supplier,4,po_delay_days,0.0
2025-05-27,supplier,4,receipt_fill_rate,1.0
2025-05-27,supplier,4,receipt_event_flag,0.0
2025-05-27,supplier,5,po_delay_days,0.0
2025-05-27,supplier,5,receipt_fill_rate,1.0
2025-05-27,supplier,5,receipt_event_flag,0.0
2025-05-27,material,101,stock,590.0
2025-05-27,material,101,days_of_cover,55.62
2025-05-27,material,101,open_po_flag,0.0
2025-05-27,material,101,reorder_triggered,0.0
2025-05-27,material,102,stock,95.0
2025-05-27,material,102,days_of_cover,29.56
2025-05-27,material,102,open_po_flag,1.0
2025-05-27,material,102,reorder_triggered,0.0
2025-05-27,material,103,stock,119.0
2025-05-27,material,103,days_of_cover,58.46
2025-05-27,material,103,open_po_flag,0.0
2025-05-27,material,103,reorder_triggered,0.0
2025-05-27,product,201,fg_stock,214.0
2025-05-27,product,201,planned_production,0.0
2025-05-27,product,201,actual_production,0.0
2025-05-27,product,201,production_shortfall,0.0
2025-05-27,product,201,demand_units,0.0
2025-05-27,product,201,due_backlog_units,0.0
2025-05-27,product,201,newly_backordered_units,0.0
2025-05-27,product,201,backorder_flag,0.0
2025-05-27,product,202,fg_stock,173.0
2025-05-27,product,202,planned_production,0.0
2025-05-27,product,202,actual_production,0.0
2025-05-27,product,202,production_shortfall,0.0
2025-05-27,product,202,demand_units,0.0
2025-05-27,product,202,due_backlog_units,0.0
2025-05-27,product,202,newly_backordered_units,0.0
2025-05-27,product,202,backorder_flag,0.0
2025-05-28,calendar,global,weekday,2.0
2025-05-28,calendar,global,month,5.0
2025-05-28,calendar,global,is_weekend,0.0
2025-05-28,supplier,1,po_delay_days,0.0
2025-05-28,supplier,1,receipt_fill_rate,1.0
2025-05-28,supplier,1,receipt_event_flag,0.0
2025-05-28,supplier,2,po_delay_days,0.0
2025-05-28,supplier,2,receipt_fill_rate,1.0
2025-05-28,supplier,2,receipt_event_flag,0.0
2025-05-28,supplier,3,po_delay_days,1.0
2025-05-28,supplier,3,receipt_fill_rate,1.0
2025-05-28,supplier,3,receipt_event_flag,0.0
2025-05-28,supplier,4,po_delay_days,0.0
2025-05-28,supplier,4,receipt_fill_rate,1.0
2025-05-28,supplier,4,receipt_event_flag,0.0
2025-05-28,supplier,5,po_delay_days,0.0
2025-05-28,supplier,5,receipt_fill_rate,1.0
2025-05-28,supplier,5,receipt_event_flag,0.0
2025-05-28,material,101,stock,590.0
2025-05-28,material,101,days_of_cover,55.62
2025-05-28,material,101,open_po_flag,0.0
2025-05-28,material,101,reorder_triggered,0.0
2025-05-28,material,102,stock,95.0
2025-05-28,material,102,days_of_cover,29.56
2025-05-28,material,102,open_po_flag,1.0
2025-05-28,material,102,reorder_triggered,0.0
2025-05-28,material,103,stock,119.0
2025-05-28,material,103,days_of_cover,58.46
2025-05-28,material,103,open_po_flag,0.0
2025-05-28,material,103,reorder_triggered,0.0
2025-05-28,product,201,fg_stock,192.0
2025-05-28,product,201,planned_production,0.0
2025-05-28,product,201,actual_production,0.0
2025-05-28,product,201,production_shortfall,0.0
2025-05-28,product,201,demand_units,21.0
2025-05-28,product,201,due_backlog_units,0.0
2025-05-28,product,201,newly_backordered_units,0.0
2025-05-28,product,201,backorder_flag,0.0
2025-05-28,product,202,fg_stock,163.0
2025-05-28,product,202,planned_production,0.0
2025-05-28,product,202,actual_production,0.0
2025-05-28,product,202,production_shortfall,0.0
2025-05-28,product,202,demand_units,11.0
2025-05-28,product,202,due_backlog_units,0.0
2025-05-28,product,202,newly_backordered_units,0.0
2025-05-28,product,202,backorder_flag,0.0
2025-05-29,calendar,global,weekday,3.0
2025-05-29,calendar,global,month,5.0
2025-05-29,calendar,global,is_weekend,0.0
2025-05-29,supplier,1,po_delay_days,0.0
2025-05-29,supplier,1,receipt_fill_rate,1.0
2025-05-29,supplier,1,receipt_event_flag,0.0
2025-05-29,supplier,2,po_delay_days,0.0
2025-05-29,supplier,2,receipt_fill_rate,1.0
2025-05-29,supplier,2,receipt_event_flag,0.0
2025-05-29,supplier,3,po_delay_days,2.0
2025-05-29,supplier,3,receipt_fill_rate,1.0
2025-05-29,supplier,3,receipt_event_flag,0.0
2025-05-29,supplier,4,po_delay_days,0.0
2025-05-29,supplier,4,receipt_fill_rate,1.0
2025-05-29,supplier,4,receipt_event_flag,0.0
2025-05-29,supplier,5,po_delay_days,0.0
2025-05-29,supplier,5,receipt_fill_rate,1.0
2025-05-29,supplier,5,receipt_event_flag,0.0
2025-05-29,material,101,stock,590.0
2025-05-29,material,101,days_of_cover,55.62
2025-05-29,material,101,open_po_flag,0.0
2025-05-29,material,101,reorder_triggered,0.0
2025-05-29,material,102,stock,95.0
2025-05-29,material,102,days_of_cover,29.56
2025-05-29,material,102,open_po_flag,1.0
2025-05-29,material,102,reorder_triggered,0.0
2025-05-29,material,103,stock,119.0
2025-05-29,material,103,days_of_cover,58.46
2025-05-29,material,103,open_po_flag,0.0
2025-05-29,material,103,reorder_triggered,0.0
2025-05-29,product,201,fg_stock,192.0
2025-05-29,product,201,planned_production,0.0
2025-05-29,product,201,actual_production,0.0
2025-05-29,product,201,production_shortfall,0.0
2025-05-29,product,201,demand_units,7.0
2025-05-29,product,201,due_backlog_units,0.0
2025-05-29,product,201,newly_backordered_units,0.0
2025-05-29,product,201,backorder_flag,0.0
2025-05-29,product,202,fg_stock,163.0
2025-05-29,product,202,planned_production,0.0
2025-05-29,product,202,actual_production,0.0
2025-05-29,product,202,production_shortfall,0.0
2025-05-29,product,202,demand_units,8.0
2025-05-29,product,202,due_backlog_units,0.0
2025-05-29,product,202,newly_backordered_units,0.0
2025-05-29,product,202,backorder_flag,0.0
2025-05-30,calendar,global,weekday,4.0
2025-05-30,calendar,global,month,5.0
2025-05-30,calendar,global,is_weekend,0.0
2025-05-30,supplier,1,po_delay_days,0.0
2025-05-30,supplier,1,receipt_fill_rate,1.0
2025-05-30,supplier,1,receipt_event_flag,0.0
2025-05-30,supplier,2,po_delay_days,0.0
2025-05-30,supplier,2,receipt_fill_rate,1.0
2025-05-30,supplier,2,receipt_event_flag,0.0
2025-05-30,supplier,3,po_delay_days,3.0
2025-05-30,supplier,3,receipt_fill_rate,1.0
2025-05-30,supplier,3,receipt_event_flag,0.0
2025-05-30,supplier,4,po_delay_days,0.0
2025-05-30,supplier,4,receipt_fill_rate,1.0
2025-05-30,supplier,4,receipt_event_flag,0.0
2025-05-30,supplier,5,po_delay_days,0.0
2025-05-30,supplier,5,receipt_fill_rate,1.0
2025-05-30,supplier,5,receipt_event_flag,0.0
2025-05-30,material,101,stock,528.0
2025-05-30,material,101,days_of_cover,49.78
2025-05-30,material,101,open_po_flag,0.0
2025-05-30,material,101,reorder_triggered,0.0
2025-05-30,material,102,stock,75.0
2025-05-30,material,102,days_of_cover,23.33
2025-05-30,material,102,open_po_flag,1.0
2025-05-30,material,102,reorder_triggered,0.0
2025-05-30,material,103,stock,108.0
2025-05-30,material,103,days_of_cover,53.05
2025-05-30,material,103,open_po_flag,0.0
2025-05-30,material,103,reorder_triggered,0.0
2025-05-30,product,201,fg_stock,212.0
2025-05-30,product,201,planned_production,30.0
2025-05-30,product,201,actual_production,20.0
2025-05-30,product,201,production_shortfall,10.0
2025-05-30,product,201,demand_units,13.0
2025-05-30,product,201,due_backlog_units,0.0
2025-05-30,product,201,newly_backordered_units,0.0
2025-05-30,product,201,backorder_flag,0.0
2025-05-30,product,202,fg_stock,173.0
2025-05-30,product,202,planned_production,20.0
2025-05-30,product,202,actual_production,10.0
2025-05-30,product,202,production_shortfall,10.0
2025-05-30,product,202,demand_units,0.0
2025-05-30,product,202,due_backlog_units,0.0
2025-05-30,product,202,newly_backordered_units,0.0
2025-05-30,product,202,backorder_flag,0.0
2025-05-31,calendar,global,weekday,5.0
2025-05-31,calendar,global,month,5.0
2025-05-31,calendar,global,is_weekend,1.0
2025-05-31,supplier,1,po_delay_days,0.0
2025-05-31,supplier,1,receipt_fill_rate,1.0
2025-05-31,supplier,1,receipt_event_flag,0.0
2025-05-31,supplier,2,po_delay_days,0.0
2025-05-31,supplier,2,receipt_fill_rate,1.0
2025-05-31,supplier,2,receipt_event_flag,0.0
2025-05-31,supplier,3,po_delay_days,4.0
2025-05-31,supplier,3,receipt_fill_rate,1.0
2025-05-31,supplier,3,receipt_event_flag,0.0
2025-05-31,supplier,4,po_delay_days,0.0
2025-05-31,supplier,4,receipt_fill_rate,1.0
2025-05-31,supplier,4,receipt_event_flag,0.0
2025-05-31,supplier,5,po_delay_days,0.0
2025-05-31,supplier,5,receipt_fill_rate,1.0
2025-05-31,supplier,5,receipt_event_flag,0.0
2025-05-31,material,101,stock,528.0
2025-05-31,material,101,days_of_cover,49.78
2025-05-31,material,101,open_po_flag,0.0
2025-05-31,material,101,reorder_triggered,0.0
2025-05-31,material,102,stock,75.0
2025-05-31,material,102,days_of_cover,23.33
2025-05-31,material,102,open_po_flag,1.0
2025-05-31,material,102,reorder_triggered,0.0
2025-05-31,material,103,stock,108.0
2025-05-31,material,103,days_of_cover,53.05
2025-05-31,material,103,open_po_flag,0.0
2025-05-31,material,103,reorder_triggered,0.0
2025-05-31,product,201,fg_stock,212.0
2025-05-31,product,201,planned_production,0.0
2025-05-31,product,201,actual_production,0.0
2025-05-31,product,201,production_shortfall,0.0
2025-05-31,product,201,demand_units,0.0
2025-05-31,product,201,due_backlog_units,0.0
2025-05-31,product,201,newly_backordered_units,0.0
2025-05-31,product,201,backorder_flag,0.0
2025-05-31,product,202,fg_stock,173.0
2025-05-31,product,202,planned_production,0.0
2025-05-31,product,202,actual_production,0.0
2025-05-31,product,202,production_shortfall,0.0
2025-05-31,product,202,demand_units,0.0
2025-05-31,product,202,due_backlog_units,0.0
2025-05-31,product,202,newly_backordered_units,0.0
2025-05-31,product,202,backorder_flag,0.0
2025-06-01,calendar,global,weekday,6.0
2025-06-01,calendar,global,month,6.0
2025-06-01,calendar,global,is_weekend,1.0
2025-06-01,supplier,1,po_delay_days,0.0
2025-06-01,supplier,1,receipt_fill_rate,1.0
2025-06-01,supplier,1,receipt_event_flag,0.0
2025-06-01,supplier,2,po_delay_days,0.0
2025-06-01,supplier,2,receipt_fill_rate,1.0
2025-06-01,supplier,2,receipt_event_flag,0.0
2025-06-01,supplier,3,po_delay_days,5.0
2025-06-01,supplier,3,receipt_fill_rate,1.0
2025-06-01,supplier,3,receipt_event_flag,1.0
2025-06-01,supplier,4,po_delay_days,0.0
2025-06-01,supplier,4,receipt_fill_rate,1.0
2025-06-01,supplier,4,receipt_event_flag,0.0
2025-06-01,supplier,5,po_delay_days,0.0
2025-06-01,supplier,5,receipt_fill_rate,1.0
2025-06-01,supplier,5,receipt_event_flag,0.0
2025-06-01,material,101,stock,528.0
2025-06-01,material,101,days_of_cover,49.78
2025-06-01,material,101,open_po_flag,0.0
2025-06-01,material,101,reorder_triggered,0.0
2025-06-01,material,102,stock,326.0
2025-06-01,material,102,days_of_cover,101.42
2025-06-01,material,102,open_po_flag,0.0
2025-06-01,material,102,reorder_triggered,0.0
2025-06-01,material,103,stock,108.0
2025-06-01,material,103,days_of_cover,53.05
2025-06-01,material,103,open_po_flag,0.0
2025-06-01,material,103,reorder_triggered,0.0
2025-06-01,product,201,fg_stock,212.0
2025-06-01,product,201,planned_production,0.0
2025-06-01,product,201,actual_production,0.0
2025-06-01,product,201,production_shortfall,0.0
2025-06-01,product,201,demand_units,0.0
2025-06-01,product,201,due_backlog_units,0.0
2025-06-01,product,201,newly_backordered_units,0.0
2025-06-01,product,201,backorder_flag,0.0
2025-06-01,product,202,fg_stock,162.0
2025-06-01,product,202,planned_production,0.0
2025-06-01,product,202,actual_production,0.0
2025-06-01,product,202,production_shortfall,0.0
2025-06-01,product,202,demand_units,0.0
2025-06-01,product,202,due_backlog_units,0.0
2025-06-01,product,202,newly_backordered_units,0.0
2025-06-01,product,202,backorder_flag,0.0
2025-06-02,calendar,global,weekday,0.0
2025-06-02,calendar,global,month,6.0
2025-06-02,calendar,global,is_weekend,0.0
2025-06-02,supplier,1,po_delay_days,0.0
2025-06-02,supplier,1,receipt_fill_rate,1.0
2025-06-02,supplier,1,receipt_event_flag,0.0
2025-06-02,supplier,2,po_delay_days,0.0
2025-06-02,supplier,2,receipt_fill_rate,1.0
2025-06-02,supplier,2,receipt_event_flag,0.0
2025-06-02,supplier,3,po_delay_days,0.0
2025-06-02,supplier,3,receipt_fill_rate,1.0
2025-06-02,supplier,3,receipt_event_flag,0.0
2025-06-02,supplier,4,po_delay_days,0.0
2025-06-02,supplier,4,receipt_fill_rate,1.0
2025-06-02,supplier,4,receipt_event_flag,0.0
2025-06-02,supplier,5,po_delay_days,0.0
2025-06-02,supplier,5,receipt_fill_rate,1.0
2025-06-02,supplier,5,receipt_event_flag,0.0
2025-06-02,material,101,stock,429.0
2025-06-02,material,101,days_of_cover,30.33
2025-06-02,material,101,open_po_flag,0.0
2025-06-02,material,101,reorder_triggered,0.0
2025-06-02,material,102,stock,296.0
2025-06-02,material,102,days_of_cover,69.07
2025-06-02,material,102,open_po_flag,0.0
2025-06-02,material,102,reorder_triggered,0.0
2025-06-02,material,103,stock,89.0
2025-06-02,material,103,days_of_cover,32.79
2025-06-02,material,103,open_po_flag,1.0
2025-06-02,material,103,reorder_triggered,1.0
2025-06-02,product,201,fg_stock,208.0
2025-06-02,product,201,planned_production,30.0
2025-06-02,product,201,actual_production,30.0
2025-06-02,product,201,production_shortfall,0.0
2025-06-02,product,201,demand_units,8.0
2025-06-02,product,201,due_backlog_units,0.0
2025-06-02,product,201,newly_backordered_units,0.0
2025-06-02,product,201,backorder_flag,0.0
2025-06-02,product,202,fg_stock,182.0
2025-06-02,product,202,planned_production,20.0
2025-06-02,product,202,actual_production,20.0
2025-06-02,product,202,production_shortfall,0.0
2025-06-02,product,202,demand_units,20.0
2025-06-02,product,202,due_backlog_units,0.0
2025-06-02,product,202,newly_backordered_units,0.0
2025-06-02,product,202,backorder_flag,0.0
2025-06-03,calendar,global,weekday,1.0
2025-06-03,calendar,global,month,6.0
2025-06-03,calendar,global,is_weekend,0.0
2025-06-03,supplier,1,po_delay_days,0.0
2025-06-03,supplier,1,receipt_fill_rate,1.0
2025-06-03,supplier,1,receipt_event_flag,0.0
2025-06-03,supplier,2,po_delay_days,0.0
2025-06-03,supplier,2,receipt_fill_rate,1.0
2025-06-03,supplier,2,receipt_event_flag,0.0
2025-06-03,supplier,3,po_delay_days,0.0
2025-06-03,supplier,3,receipt_fill_rate,1.0
2025-06-03,supplier,3,receipt_event_flag,0.0
2025-06-03,supplier,4,po_delay_days,0.0
2025-06-03,supplier,4,receipt_fill_rate,1.0
2025-06-03,supplier,4,receipt_event_flag,0.0
2025-06-03,supplier,5,po_delay_days,0.0
2025-06-03,supplier,5,receipt_fill_rate,1.0
2025-06-03,supplier,5,receipt_event_flag,0.0
2025-06-03,material,101,stock,429.0
2025-06-03,material,101,days_of_cover,30.33
2025-06-03,material,101,open_po_flag,0.0
2025-06-03,material,101,reorder_triggered,0.0
2025-06-03,material,102,stock,296.0
2025-06-03,material,102,days_of_cover,69.07
2025-06-03,material,102,open_po_flag,0.0
2025-06-03,material,102,reorder_triggered,0.0
2025-06-03,material,103,stock,89.0
2025-06-03,material,103,days_of_cover,32.79
2025-06-03,material,103,open_po_flag,1.0
2025-06-03,material,103,reorder_triggered,0.0
2025-06-03,product,201,fg_stock,208.0
2025-06-03,product,201,planned_production,0.0
2025-06-03,product,201,actual_production,0.0
2025-06-03,product,201,production_shortfall,0.0
2025-06-03,product,201,demand_units,0.0
2025-06-03,product,201,due_backlog_units,0.0
2025-06-03,product,201,newly_backordered_units,0.0
2025-06-03,product,201,backorder_flag,0.0
2025-06-03,product,202,fg_stock,182.0
2025-06-03,product,202,planned_production,0.0
2025-06-03,product,202,actual_production,0.0
2025-06-03,product,202,production_shortfall,0.0
2025-06-03,product,202,demand_units,0.0
2025-06-03,product,202,due_backlog_units,0.0
2025-06-03,product,202,newly_backordered_units,0.0
2025-06-03,product,202,backorder_flag,0.0
2025-06-04,calendar,global,weekday,2.0
2025-06-04,calendar,global,month,6.0
2025-06-04,calendar,global,is_weekend,0.0
2025-06-04,supplier,1,po_delay_days,0.0
2025-06-04,supplier,1,receipt_fill_rate,1.0
2025-06-04,supplier,1,receipt_event_flag,0.0
2025-06-04,supplier,2,po_delay_days,0.0
2025-06-04,supplier,2,receipt_fill_rate,1.0
2025-06-04,supplier,2,receipt_event_flag,0.0
2025-06-04,supplier,3,po_delay_days,0.0
2025-06-04,supplier,3,receipt_fill_rate,1.0
2025-06-04,supplier,3,receipt_event_flag,0.0
2025-06-04,supplier,4,po_delay_days,0.0
2025-06-04,supplier,4,receipt_fill_rate,1.0
2025-06-04,supplier,4,receipt_event_flag,0.0
2025-06-04,supplier,5,po_delay_days,0.0
2025-06-04,supplier,5,receipt_fill_rate,1.0
2025-06-04,supplier,5,receipt_event_flag,0.0
2025-06-04,material,101,stock,429.0
2025-06-04,material,101,days_of_cover,30.33
2025-06-04,material,101,open_po_flag,0.0
2025-06-04,material,101,reorder_triggered,0.0
2025-06-04,material,102,stock,296.0
2025-06-04,material,102,days_of_cover,69.07
2025-06-04,material,102,open_po_flag,0.0
2025-06-04,material,102,reorder_triggered,0.0
2025-06-04,material,103,stock,89.0
2025-06-04,material,103,days_of_cover,32.79
2025-06-04,material,103,open_po_flag,1.0
2025-06-04,material,103,reorder_triggered,0.0
2025-06-04,product,201,fg_stock,208.0
2025-06-04,product,201,planned_production,0.0
2025-06-04,product,201,actual_production,0.0
2025-06-04,product,201,production_shortfall,0.0
2025-06-04,product,201,demand_units,0.0
2025-06-04,product,201,due_backlog_units,0.0
2025-06-04,product,201,newly_backordered_units,0.0
2025-06-04,product,201,backorder_flag,0.0
2025-06-04,product,202,fg_stock,182.0
2025-06-04,product,202,planned_production,0.0
2025-06-04,product,202,actual_production,0.0
2025-06-04,product,202,production_shortfall,0.0
2025-06-04,product,202,demand_units,0.0
2025-06-04,product,202,due_backlog_units,0.0
2025-06-04,product,202,newly_backordered_units,0.0
2025-06-04,product,202,backorder_flag,0.0
2025-06-05,calendar,global,weekday,3.0
2025-06-05,calendar,global,month,6.0
2025-06-05,calendar,global,is_weekend,0.0
2025-06-05,supplier,1,po_delay_days,0.0
2025-06-05,supplier,1,receipt_fill_rate,1.0
2025-06-05,supplier,1,receipt_event_flag,0.0
2025-06-05,supplier,2,po_delay_days,0.0
2025-06-05,supplier,2,receipt_fill_rate,1.0
2025-06-05,supplier,2,receipt_event_flag,0.0
2025-06-05,supplier,3,po_delay_days,0.0
2025-06-05,supplier,3,receipt_fill_rate,1.0
2025-06-05,supplier,3,receipt_event_flag,0.0
2025-06-05,supplier,4,po_delay_days,0.0
2025-06-05,supplier,4,receipt_fill_rate,1.0
2025-06-05,supplier,4,receipt_event_flag,0.0
2025-06-05,supplier,5,po_delay_days,0.0
2025-06-05,supplier,5,receipt_fill_rate,1.0
2025-06-05,supplier,5,receipt_event_flag,0.0
2025-06-05,material,101,stock,429.0
2025-06-05,material,101,days_of_cover,30.33
2025-06-05,material,101,open_po_flag,0.0
2025-06-05,material,101,reorder_triggered,0.0
2025-06-05,material,102,stock,296.0
2025-06-05,material,102,days_of_cover,69.07
2025-06-05,material,102,open_po_flag,0.0
2025-06-05,material,102,reorder_triggered,0.0
2025-06-05,material,103,stock,89.0
2025-06-05,material,103,days_of_cover,32.79
2025-06-05,material,103,open_po_flag,1.0
2025-06-05,material,103,reorder_triggered,0.0
2025-06-05,product,201,fg_stock,208.0
2025-06-05,product,201,planned_production,0.0
2025-06-05,product,201,actual_production,0.0
2025-06-05,product,201,production_shortfall,0.0
2025-06-05,product,201,demand_units,0.0
2025-06-05,product,201,due_backlog_units,0.0
2025-06-05,product,201,newly_backordered_units,0.0
2025-06-05,product,201,backorder_flag,0.0
2025-06-05,product,202,fg_stock,182.0
2025-06-05,product,202,planned_production,0.0
2025-06-05,product,202,actual_production,0.0
2025-06-05,product,202,production_shortfall,0.0
2025-06-05,product,202,demand_units,0.0
2025-06-05,product,202,due_backlog_units,0.0
2025-06-05,product,202,newly_backordered_units,0.0
2025-06-05,product,202,backorder_flag,0.0
2025-06-06,calendar,global,weekday,4.0
2025-06-06,calendar,global,month,6.0
2025-06-06,calendar,global,is_weekend,0.0
2025-06-06,supplier,1,po_delay_days,0.0
2025-06-06,supplier,1,receipt_fill_rate,1.0
2025-06-06,supplier,1,receipt_event_flag,0.0
2025-06-06,supplier,2,po_delay_days,0.0
2025-06-06,supplier,2,receipt_fill_rate,1.0
2025-06-06,supplier,2,receipt_event_flag,0.0
2025-06-06,supplier,3,po_delay_days,0.0
2025-06-06,supplier,3,receipt_fill_rate,1.0
2025-06-06,supplier,3,receipt_event_flag,0.0
2025-06-06,supplier,4,po_delay_days,0.0
2025-06-06,supplier,4,receipt_fill_rate,1.0
2025-06-06,supplier,4,receipt_event_flag,0.0
2025-06-06,supplier,5,po_delay_days,0.0
2025-06-06,supplier,5,receipt_fill_rate,1.0
2025-06-06,supplier,5,receipt_event_flag,0.0
2025-06-06,material,101,stock,355.0
2025-06-06,material,101,days_of_cover,25.1
2025-06-06,material,101,open_po_flag,0.0
2025-06-06,material,101,reorder_triggered,0.0
2025-06-06,material,102,stock,276.0
2025-06-06,material,102,days_of_cover,64.4
2025-06-06,material,102,open_po_flag,0.0
2025-06-06,material,102,reorder_triggered,0.0
2025-06-06,material,103,stock,73.0
2025-06-06,material,103,days_of_cover,26.89
2025-06-06,material,103,open_po_flag,1.0
2025-06-06,material,103,reorder_triggered,0.0
2025-06-06,product,201,fg_stock,221.0
2025-06-06,product,201,planned_production,30.0
2025-06-06,product,201,actual_production,20.0
2025-06-06,product,201,production_shortfall,10.0
2025-06-06,product,201,demand_units,20.0
2025-06-06,product,201,due_backlog_units,0.0
2025-06-06,product,201,newly_backordered_units,0.0
2025-06-06,product,201,backorder_flag,0.0
2025-06-06,product,202,fg_stock,186.0
2025-06-06,product,202,planned_production,20.0
2025-06-06,product,202,actual_production,20.0
2025-06-06,product,202,production_shortfall,0.0
2025-06-06,product,202,demand_units,14.0
2025-06-06,product,202,due_backlog_units,0.0
2025-06-06,product,202,newly_backordered_units,0.0
2025-06-06,product,202,backorder_flag,0.0
2025-06-07,calendar,global,weekday,5.0
2025-06-07,calendar,global,month,6.0
2025-06-07,calendar,global,is_weekend,1.0
2025-06-07,supplier,1,po_delay_days,0.0
2025-06-07,supplier,1,receipt_fill_rate,1.0
2025-06-07,supplier,1,receipt_event_flag,0.0
2025-06-07,supplier,2,po_delay_days,0.0
2025-06-07,supplier,2,receipt_fill_rate,1.0
2025-06-07,supplier,2,receipt_event_flag,0.0
2025-06-07,supplier,3,po_delay_days,0.0
2025-06-07,supplier,3,receipt_fill_rate,1.0
2025-06-07,supplier,3,receipt_event_flag,0.0
2025-06-07,supplier,4,po_delay_days,0.0
2025-06-07,supplier,4,receipt_fill_rate,1.0
2025-06-07,supplier,4,receipt_event_flag,0.0
2025-06-07,supplier,5,po_delay_days,0.0
2025-06-07,supplier,5,receipt_fill_rate,1.0
2025-06-07,supplier,5,receipt_event_flag,0.0
2025-06-07,material,101,stock,355.0
2025-06-07,material,101,days_of_cover,25.1
2025-06-07,material,101,open_po_flag,0.0
2025-06-07,material,101,reorder_triggered,0.0
2025-06-07,material,102,stock,276.0
2025-06-07,material,102,days_of_cover,64.4
2025-06-07,material,102,open_po_flag,0.0
2025-06-07,material,102,reorder_triggered,0.0
2025-06-07,material,103,stock,73.0
2025-06-07,material,103,days_of_cover,26.89
2025-06-07,material,103,open_po_flag,1.0
2025-06-07,material,103,reorder_triggered,0.0
2025-06-07,product,201,fg_stock,221.0
2025-06-07,product,201,planned_production,0.0
2025-06-07,product,201,actual_production,0.0
2025-06-07,product,201,production_shortfall,0.0
2025-06-07,product,201,demand_units,0.0
2025-06-07,product,201,due_backlog_units,0.0
2025-06-07,product,201,newly_backordered_units,0.0
2025-06-07,product,201,backorder_flag,0.0
2025-06-07,product,202,fg_stock,186.0
2025-06-07,product,202,planned_production,0.0
2025-06-07,product,202,actual_production,0.0
2025-06-07,product,202,production_shortfall,0.0
2025-06-07,product,202,demand_units,0.0
2025-06-07,product,202,due_backlog_units,0.0
2025-06-07,product,202,newly_backordered_units,0.0
2025-06-07,product,202,backorder_flag,0.0
2025-06-08,calendar,global,weekday,6.0
2025-06-08,calendar,global,month,6.0
2025-06-08,calendar,global,is_weekend,1.0
2025-06-08,supplier,1,po_delay_days,0.0
2025-06-08,supplier,1,receipt_fill_rate,1.0
2025-06-08,supplier,1,receipt_event_flag,0.0
2025-06-08,supplier,2,po_delay_days,0.0
2025-06-08,supplier,2,receipt_fill_rate,1.0
2025-06-08,supplier,2,receipt_event_flag,0.0
2025-06-08,supplier,3,po_delay_days,0.0
2025-06-08,supplier,3,receipt_fill_rate,1.0
2025-06-08,supplier,3,receipt_event_flag,0.0
2025-06-08,supplier,4,po_delay_days,0.0
2025-06-08,supplier,4,receipt_fill_rate,1.0
2025-06-08,supplier,4,receipt_event_flag,0.0
2025-06-08,supplier,5,po_delay_days,0.0
2025-06-08,supplier,5,receipt_fill_rate,1.0
2025-06-08,supplier,5,receipt_event_flag,0.0
2025-06-08,material,101,stock,355.0
2025-06-08,material,101,days_of_cover,25.1
2025-06-08,material,101,open_po_flag,0.0
2025-06-08,material,101,reorder_triggered,0.0
2025-06-08,material,102,stock,276.0
2025-06-08,material,102,days_of_cover,64.4
2025-06-08,material,102,open_po_flag,0.0
2025-06-08,material,102,reorder_triggered,0.0
2025-06-08,material,103,stock,73.0
2025-06-08,material,103,days_of_cover,26.89
2025-06-08,material,103,open_po_flag,1.0
2025-06-08,material,103,reorder_triggered,0.0
2025-06-08,product,201,fg_stock,213.0
2025-06-08,product,201,planned_production,0.0
2025-06-08,product,201,actual_production,0.0
2025-06-08,product,201,production_shortfall,0.0
2025-06-08,product,201,demand_units,0.0
2025-06-08,product,201,due_backlog_units,0.0
2025-06-08,product,201,newly_backordered_units,0.0
2025-06-08,product,201,backorder_flag,0.0
2025-06-08,product,202,fg_stock,186.0
2025-06-08,product,202,planned_production,0.0
2025-06-08,product,202,actual_production,0.0
2025-06-08,product,202,production_shortfall,0.0
2025-06-08,product,202,demand_units,0.0
2025-06-08,product,202,due_backlog_units,0.0
2025-06-08,product,202,newly_backordered_units,0.0
2025-06-08,product,202,backorder_flag,0.0
2025-06-09,calendar,global,weekday,0.0
2025-06-09,calendar,global,month,6.0
2025-06-09,calendar,global,is_weekend,0.0
2025-06-09,supplier,1,po_delay_days,0.0
2025-06-09,supplier,1,receipt_fill_rate,1.0
2025-06-09,supplier,1,receipt_event_flag,0.0
2025-06-09,supplier,2,po_delay_days,0.0
2025-06-09,supplier,2,receipt_fill_rate,1.0
2025-06-09,supplier,2,receipt_event_flag,0.0
2025-06-09,supplier,3,po_delay_days,0.0
2025-06-09,supplier,3,receipt_fill_rate,1.0
2025-06-09,supplier,3,receipt_event_flag,0.0
2025-06-09,supplier,4,po_delay_days,0.0
2025-06-09,supplier,4,receipt_fill_rate,1.0
2025-06-09,supplier,4,receipt_event_flag,0.0
2025-06-09,supplier,5,po_delay_days,0.0
2025-06-09,supplier,5,receipt_fill_rate,1.0
2025-06-09,supplier,5,receipt_event_flag,0.0
2025-06-09,material,101,stock,355.0
2025-06-09,material,101,days_of_cover,25.1
2025-06-09,material,101,open_po_flag,0.0
2025-06-09,material,101,reorder_triggered,0.0
2025-06-09,material,102,stock,276.0
2025-06-09,material,102,days_of_cover,64.4
2025-06-09,material,102,open_po_flag,0.0
2025-06-09,material,102,reorder_triggered,0.0
2025-06-09,material,103,stock,73.0
2025-06-09,material,103,days_of_cover,26.89
2025-06-09,material,103,open_po_flag,1.0
2025-06-09,material,103,reorder_triggered,0.0
2025-06-09,product,201,fg_stock,213.0
2025-06-09,product,201,planned_production,0.0
2025-06-09,product,201,actual_production,0.0
2025-06-09,product,201,production_shortfall,0.0
2025-06-09,product,201,demand_units,21.0
2025-06-09,product,201,due_backlog_units,0.0
2025-06-09,product,201,newly_backordered_units,0.0
2025-06-09,product,201,backorder_flag,0.0
2025-06-09,product,202,fg_stock,180.0
2025-06-09,product,202,planned_production,0.0
2025-06-09,product,202,actual_production,0.0
2025-06-09,product,202,production_shortfall,0.0
2025-06-09,product,202,demand_units,8.0
2025-06-09,product,202,due_backlog_units,0.0
2025-06-09,product,202,newly_backordered_units,0.0
2025-06-09,product,202,backorder_flag,0.0
2025-06-10,calendar,global,weekday,1.0
2025-06-10,calendar,global,month,6.0
2025-06-10,calendar,global,is_weekend,0.0
2025-06-10,supplier,1,po_delay_days,0.0
2025-06-10,supplier,1,receipt_fill_rate,1.0
2025-06-10,supplier,1,receipt_event_flag,0.0
2025-06-10,supplier,2,po_delay_days,0.0
2025-06-10,supplier,2,receipt_fill_rate,1.0
2025-06-10,supplier,2,receipt_event_flag,0.0
2025-06-10,supplier,3,po_delay_days,0.0
2025-06-10,supplier,3,receipt_fill_rate,1.0
2025-06-10,supplier,3,receipt_event_flag,0.0
2025-06-10,supplier,4,po_delay_days,0.0
2025-06-10,supplier,4,receipt_fill_rate,1.0
2025-06-10,supplier,4,receipt_event_flag,0.0
2025-06-10,supplier,5,po_delay_days,0.0
2025-06-10,supplier,5,receipt_fill_rate,1.0
2025-06-10,supplier,5,receipt_event_flag,0.0
2025-06-10,material,101,stock,355.0
2025-06-10,material,101,days_of_cover,33.47
2025-06-10,material,101,open_po_flag,0.0
2025-06-10,material,101,reorder_triggered,0.0
2025-06-10,material,102,stock,276.0
2025-06-10,material,102,days_of_cover,85.87
2025-06-10,material,102,open_po_flag,0.0
2025-06-10,material,102,reorder_triggered,0.0
2025-06-10,material,103,stock,73.0
2025-06-10,material,103,days_of_cover,35.86
2025-06-10,material,103,open_po_flag,1.0
2025-06-10,material,103,reorder_triggered,0.0
2025-06-10,product,201,fg_stock,213.0
2025-06-10,product,201,planned_production,0.0
2025-06-10,product,201,actual_production,0.0
2025-06-10,product,201,production_shortfall,0.0
2025-06-10,product,201,demand_units,0.0
2025-06-10,product,201,due_backlog_units,0.0
2025-06-10,product,201,newly_backordered_units,0.0
2025-06-10,product,201,backorder_flag,0.0
2025-06-10,product,202,fg_stock,180.0
2025-06-10,product,202,planned_production,0.0
2025-06-10,product,202,actual_production,0.0
2025-06-10,product,202,production_shortfall,0.0
2025-06-10,product,202,demand_units,0.0
2025-06-10,product,202,due_backlog_units,0.0
2025-06-10,product,202,newly_backordered_units,0.0
2025-06-10,product,202,backorder_flag,0.0
2025-06-11,calendar,global,weekday,2.0
2025-06-11,calendar,global,month,6.0
2025-06-11,calendar,global,is_weekend,0.0
2025-06-11,supplier,1,po_delay_days,0.0
2025-06-11,supplier,1,receipt_fill_rate,1.0
2025-06-11,supplier,1,receipt_event_flag,0.0
2025-06-11,supplier,2,po_delay_days,0.0
2025-06-11,supplier,2,receipt_fill_rate,1.0
2025-06-11,supplier,2,receipt_event_flag,0.0
2025-06-11,supplier,3,po_delay_days,0.0
2025-06-11,supplier,3,receipt_fill_rate,1.0
2025-06-11,supplier,3,receipt_event_flag,0.0
2025-06-11,supplier,4,po_delay_days,0.0
2025-06-11,supplier,4,receipt_fill_rate,1.0
2025-06-11,supplier,4,receipt_event_flag,0.0
2025-06-11,supplier,5,po_delay_days,0.0
2025-06-11,supplier,5,receipt_fill_rate,1.0
2025-06-11,supplier,5,receipt_event_flag,0.0
2025-06-11,material,101,stock,355.0
2025-06-11,material,101,days_of_cover,33.47
2025-06-11,material,101,open_po_flag,0.0
2025-06-11,material,101,reorder_triggered,0.0
2025-06-11,material,102,stock,276.0
2025-06-11,material,102,days_of_cover,85.87
2025-06-11,material,102,open_po_flag,0.0
2025-06-11,material,102,reorder_triggered,0.0
2025-06-11,material,103,stock,73.0
2025-06-11,material,103,days_of_cover,35.86
2025-06-11,material,103,open_po_flag,1.0
2025-06-11,material,103,reorder_triggered,0.0
2025-06-11,product,201,fg_stock,193.0
2025-06-11,product,201,planned_production,0.0
2025-06-11,product,201,actual_production,0.0
2025-06-11,product,201,production_shortfall,0.0
2025-06-11,product,201,demand_units,0.0
2025-06-11,product,201,due_backlog_units,0.0
2025-06-11,product,201,newly_backordered_units,0.0
2025-06-11,product,201,backorder_flag,0.0
2025-06-11,product,202,fg_stock,168.0
2025-06-11,product,202,planned_production,0.0
2025-06-11,product,202,actual_production,0.0
2025-06-11,product,202,production_shortfall,0.0
2025-06-11,product,202,demand_units,0.0
2025-06-11,product,202,due_backlog_units,0.0
2025-06-11,product,202,newly_backordered_units,0.0
2025-06-11,product,202,backorder_flag,0.0
2025-06-12,calendar,global,weekday,3.0
2025-06-12,calendar,global,month,6.0
2025-06-12,calendar,global,is_weekend,0.0
2025-06-12,supplier,1,po_delay_days,0.0
2025-06-12,supplier,1,receipt_fill_rate,1.0
2025-06-12,supplier,1,receipt_event_flag,0.0
2025-06-12,supplier,2,po_delay_days,0.0
2025-06-12,supplier,2,receipt_fill_rate,1.0
2025-06-12,supplier,2,receipt_event_flag,0.0
2025-06-12,supplier,3,po_delay_days,0.0
2025-06-12,supplier,3,receipt_fill_rate,1.0
2025-06-12,supplier,3,receipt_event_flag,0.0
2025-06-12,supplier,4,po_delay_days,0.0
2025-06-12,supplier,4,receipt_fill_rate,1.0
2025-06-12,supplier,4,receipt_event_flag,0.0
2025-06-12,supplier,5,po_delay_days,0.0
2025-06-12,supplier,5,receipt_fill_rate,1.0
2025-06-12,supplier,5,receipt_event_flag,0.0
2025-06-12,material,101,stock,256.0
2025-06-12,material,101,days_of_cover,18.1
2025-06-12,material,101,open_po_flag,0.0
2025-06-12,material,101,reorder_triggered,0.0
2025-06-12,material,102,stock,246.0
2025-06-12,material,102,days_of_cover,57.4
2025-06-12,material,102,open_po_flag,0.0
2025-06-12,material,102,reorder_triggered,0.0
2025-06-12,material,103,stock,54.0
2025-06-12,material,103,days_of_cover,19.89
2025-06-12,material,103,open_po_flag,1.0
2025-06-12,material,103,reorder_triggered,0.0
2025-06-12,product,201,fg_stock,223.0
2025-06-12,product,201,planned_production,30.0
2025-06-12,product,201,actual_production,30.0
2025-06-12,product,201,production_shortfall,0.0
2025-06-12,product,201,demand_units,0.0
2025-06-12,product,201,due_backlog_units,0.0
2025-06-12,product,201,newly_backordered_units,0.0
2025-06-12,product,201,backorder_flag,0.0
2025-06-12,product,202,fg_stock,188.0
2025-06-12,product,202,planned_production,20.0
2025-06-12,product,202,actual_production,20.0
2025-06-12,product,202,production_shortfall,0.0
2025-06-12,product,202,demand_units,0.0
2025-06-12,product,202,due_backlog_units,0.0
2025-06-12,product,202,newly_backordered_units,0.0
2025-06-12,product,202,backorder_flag,0.0
2025-06-13,calendar,global,weekday,4.0
2025-06-13,calendar,global,month,6.0
2025-06-13,calendar,global,is_weekend,0.0
2025-06-13,supplier,1,po_delay_days,0.0
2025-06-13,supplier,1,receipt_fill_rate,1.0
2025-06-13,supplier,1,receipt_event_flag,0.0
2025-06-13,supplier,2,po_delay_days,0.0
2025-06-13,supplier,2,receipt_fill_rate,1.0
2025-06-13,supplier,2,receipt_event_flag,0.0
2025-06-13,supplier,3,po_delay_days,0.0
2025-06-13,supplier,3,receipt_fill_rate,1.0
2025-06-13,supplier,3,receipt_event_flag,0.0
2025-06-13,supplier,4,po_delay_days,0.0
2025-06-13,supplier,4,receipt_fill_rate,1.0
2025-06-13,supplier,4,receipt_event_flag,0.0
2025-06-13,supplier,5,po_delay_days,0.0
2025-06-13,supplier,5,receipt_fill_rate,1.0
2025-06-13,supplier,5,receipt_event_flag,0.0
2025-06-13,material,101,stock,256.0
2025-06-13,material,101,days_of_cover,18.1
2025-06-13,material,101,open_po_flag,0.0
2025-06-13,material,101,reorder_triggered,0.0
2025-06-13,material,102,stock,246.0
2025-06-13,material,102,days_of_cover,57.4
2025-06-13,material,102,open_po_flag,0.0
2025-06-13,material,102,reorder_triggered,0.0
2025-06-13,material,103,stock,54.0
2025-06-13,material,103,days_of_cover,19.89
2025-06-13,material,103,open_po_flag,1.0
2025-06-13,material,103,reorder_triggered,0.0
2025-06-13,product,201,fg_stock,223.0
2025-06-13,product,201,planned_production,0.0
2025-06-13,product,201,actual_production,0.0
2025-06-13,product,201,production_shortfall,0.0
2025-06-13,product,201,demand_units,0.0
2025-06-13,product,201,due_backlog_units,0.0
2025-06-13,product,201,newly_backordered_units,0.0
2025-06-13,product,201,backorder_flag,0.0
2025-06-13,product,202,fg_stock,188.0
2025-06-13,product,202,planned_production,0.0
2025-06-13,product,202,actual_production,0.0
2025-06-13,product,202,production_shortfall,0.0
2025-06-13,product,202,demand_units,0.0
2025-06-13,product,202,due_backlog_units,0.0
2025-06-13,product,202,newly_backordered_units,0.0
2025-06-13,product,202,backorder_flag,0.0
2025-06-14,calendar,global,weekday,5.0
2025-06-14,calendar,global,month,6.0
2025-06-14,calendar,global,is_weekend,1.0
2025-06-14,supplier,1,po_delay_days,0.0
2025-06-14,supplier,1,receipt_fill_rate,1.0
2025-06-14,supplier,1,receipt_event_flag,0.0
2025-06-14,supplier,2,po_delay_days,0.0
2025-06-14,supplier,2,receipt_fill_rate,1.0
2025-06-14,supplier,2,receipt_event_flag,0.0
2025-06-14,supplier,3,po_delay_days,0.0
2025-06-14,supplier,3,receipt_fill_rate,1.0
2025-06-14,supplier,3,receipt_event_flag,0.0
2025-06-14,supplier,4,po_delay_days,0.0
2025-06-14,supplier,4,receipt_fill_rate,1.0
2025-06-14,supplier,4,receipt_event_flag,0.0
2025-06-14,supplier,5,po_delay_days,0.0
2025-06-14,supplier,5,receipt_fill_rate,1.0
2025-06-14,supplier,5,receipt_event_flag,0.0
2025-06-14,material,101,stock,256.0
2025-06-14,material,101,days_of_cover,18.1
2025-06-14,material,101,open_po_flag,0.0
2025-06-14,material,101,reorder_triggered,0.0
2025-06-14,material,102,stock,246.0
2025-06-14,material,102,days_of_cover,57.4
2025-06-14,material,102,open_po_flag,0.0
2025-06-14,material,102,reorder_triggered,0.0
2025-06-14,material,103,stock,54.0
2025-06-14,material,103,days_of_cover,19.89
2025-06-14,material,103,open_po_flag,1.0
2025-06-14,material,103,reorder_triggered,0.0
2025-06-14,product,201,fg_stock,223.0
2025-06-14,product,201,planned_production,0.0
2025-06-14,product,201,actual_production,0.0
2025-06-14,product,201,production_shortfall,0.0
2025-06-14,product,201,demand_units,0.0
2025-06-14,product,201,due_backlog_units,0.0
2025-06-14,product,201,newly_backordered_units,0.0
2025-06-14,product,201,backorder_flag,0.0
2025-06-14,product,202,fg_stock,188.0
2025-06-14,product,202,planned_production,0.0
2025-06-14,product,202,actual_production,0.0
2025-06-14,product,202,production_shortfall,0.0
2025-06-14,product,202,demand_units,0.0
2025-06-14,product,202,due_backlog_units,0.0
2025-06-14,product,202,newly_backordered_units,0.0
2025-06-14,product,202,backorder_flag,0.0
2025-06-15,calendar,global,weekday,6.0
2025-06-15,calendar,global,month,6.0
2025-06-15,calendar,global,is_weekend,1.0
2025-06-15,supplier,1,po_delay_days,0.0
2025-06-15,supplier,1,receipt_fill_rate,1.0
2025-06-15,supplier,1,receipt_event_flag,0.0
2025-06-15,supplier,2,po_delay_days,0.0
2025-06-15,supplier,2,receipt_fill_rate,1.0
2025-06-15,supplier,2,receipt_event_flag,0.0
2025-06-15,supplier,3,po_delay_days,0.0
2025-06-15,supplier,3,receipt_fill_rate,1.0
2025-06-15,supplier,3,receipt_event_flag,0.0
2025-06-15,supplier,4,po_delay_days,0.0
2025-06-15,supplier,4,receipt_fill_rate,1.0
2025-06-15,supplier,4,receipt_event_flag,0.0
2025-06-15,supplier,5,po_delay_days,1.0
2025-06-15,supplier,5,receipt_fill_rate,1.0
2025-06-15,supplier,5,receipt_event_flag,0.0
2025-06-15,material,101,stock,256.0
2025-06-15,material,101,days_of_cover,18.1
2025-06-15,material,101,open_po_flag,0.0
2025-06-15,material,101,reorder_triggered,0.0
2025-06-15,material,102,stock,246.0
2025-06-15,material,102,days_of_cover,57.4
2025-06-15,material,102,open_po_flag,0.0
2025-06-15,material,102,reorder_triggered,0.0
2025-06-15,material,103,stock,54.0
2025-06-15,material,103,days_of_cover,19.89
2025-06-15,material,103,open_po_flag,1.0
2025-06-15,material,103,reorder_triggered,0.0
2025-06-15,product,201,fg_stock,223.0
2025-06-15,product,201,planned_production,0.0
2025-06-15,product,201,actual_production,0.0
2025-06-15,product,201,production_shortfall,0.0
2025-06-15,product,201,demand_units,0.0
2025-06-15,product,201,due_backlog_units,0.0
2025-06-15,product,201,newly_backordered_units,0.0
2025-06-15,product,201,backorder_flag,0.0
2025-06-15,product,202,fg_stock,172.0
2025-06-15,product,202,planned_production,0.0
2025-06-15,product,202,actual_production,0.0
2025-06-15,product,202,production_shortfall,0.0
2025-06-15,product,202,demand_units,0.0
2025-06-15,product,202,due_backlog_units,0.0
2025-06-15,product,202,newly_backordered_units,0.0
2025-06-15,product,202,backorder_flag,0.0
2025-06-16,calendar,global,weekday,0.0
2025-06-16,calendar,global,month,6.0
2025-06-16,calendar,global,is_weekend,0.0
2025-06-16,supplier,1,po_delay_days,0.0
2025-06-16,supplier,1,receipt_fill_rate,1.0
2025-06-16,supplier,1,receipt_event_flag,0.0
2025-06-16,supplier,2,po_delay_days,0.0
2025-06-16,supplier,2,receipt_fill_rate,1.0
2025-06-16,supplier,2,receipt_event_flag,0.0
2025-06-16,supplier,3,po_delay_days,0.0
2025-06-16,supplier,3,receipt_fill_rate,1.0
2025-06-16,supplier,3,receipt_event_flag,0.0
2025-06-16,supplier,4,po_delay_days,0.0
2025-06-16,supplier,4,receipt_fill_rate,1.0
2025-06-16,supplier,4,receipt_event_flag,0.0
2025-06-16,supplier,5,po_delay_days,2.0
2025-06-16,supplier,5,receipt_fill_rate,1.0
2025-06-16,supplier,5,receipt_event_flag,1.0
2025-06-16,material,101,stock,256.0
2025-06-16,material,101,days_of_cover,18.1
2025-06-16,material,101,open_po_flag,0.0
2025-06-16,material,101,reorder_triggered,0.0
2025-06-16,material,102,stock,246.0
2025-06-16,material,102,days_of_cover,57.4
2025-06-16,material,102,open_po_flag,0.0
2025-06-16,material,102,reorder_triggered,0.0
2025-06-16,material,103,stock,226.0
2025-06-16,material,103,days_of_cover,83.26
2025-06-16,material,103,open_po_flag,0.0
2025-06-16,material,103,reorder_triggered,0.0
2025-06-16,product,201,fg_stock,213.0
2025-06-16,product,201,planned_production,0.0
2025-06-16,product,201,actual_production,0.0
2025-06-16,product,201,production_shortfall,0.0
2025-06-16,product,201,demand_units,0.0
2025-06-16,product,201,due_backlog_units,0.0
2025-06-16,product,201,newly_backordered_units,0.0
2025-06-16,product,201,backorder_flag,0.0
2025-06-16,product,202,fg_stock,172.0
2025-06-16,product,202,planned_production,0.0
2025-06-16,product,202,actual_production,0.0
2025-06-16,product,202,production_shortfall,0.0
2025-06-16,product,202,demand_units,6.0
2025-06-16,product,202,due_backlog_units,0.0
2025-06-16,product,202,newly_backordered_units,0.0
2025-06-16,product,202,backorder_flag,0.0
2025-06-17,calendar,global,weekday,1.0
2025-06-17,calendar,global,month,6.0
2025-06-17,calendar,global,is_weekend,0.0
2025-06-17,supplier,1,po_delay_days,0.0
2025-06-17,supplier,1,receipt_fill_rate,1.0
2025-06-17,supplier,1,receipt_event_flag,0.0
2025-06-17,supplier,2,po_delay_days,0.0
2025-06-17,supplier,2,receipt_fill_rate,1.0
2025-06-17,supplier,2,receipt_event_flag,0.0
2025-06-17,supplier,3,po_delay_days,0.0
2025-06-17,supplier,3,receipt_fill_rate,1.0
2025-06-17,supplier,3,receipt_event_flag,0.0
2025-06-17,supplier,4,po_delay_days,0.0
2025-06-17,supplier,4,receipt_fill_rate,1.0
2025-06-17,supplier,4,receipt_event_flag,0.0
2025-06-17,supplier,5,po_delay_days,0.0
2025-06-17,supplier,5,receipt_fill_rate,1.0
2025-06-17,supplier,5,receipt_event_flag,0.0
2025-06-17,material,101,stock,182.0
2025-06-17,material,101,days_of_cover,10.29
2025-06-17,material,101,open_po_flag,1.0
2025-06-17,material,101,reorder_triggered,1.0
2025-06-17,material,102,stock,226.0
2025-06-17,material,102,days_of_cover,42.19
2025-06-17,material,102,open_po_flag,0.0
2025-06-17,material,102,reorder_triggered,0.0
2025-06-17,material,103,stock,210.0
2025-06-17,material,103,days_of_cover,61.89
2025-06-17,material,103,open_po_flag,0.0
2025-06-17,material,103,reorder_triggered,0.0
2025-06-17,product,201,fg_stock,222.0
2025-06-17,product,201,planned_production,30.0
2025-06-17,product,201,actual_production,20.0
2025-06-17,product,201,production_shortfall,10.0
2025-06-17,product,201,demand_units,23.0
2025-06-17,product,201,due_backlog_units,0.0
2025-06-17,product,201,newly_backordered_units,0.0
2025-06-17,product,201,backorder_flag,0.0
2025-06-17,product,202,fg_stock,192.0
2025-06-17,product,202,planned_production,20.0
2025-06-17,product,202,actual_production,20.0
2025-06-17,product,202,production_shortfall,0.0
2025-06-17,product,202,demand_units,11.0
2025-06-17,product,202,due_backlog_units,0.0
2025-06-17,product,202,newly_backordered_units,0.0
2025-06-17,product,202,backorder_flag,0.0
2025-06-18,calendar,global,weekday,2.0
2025-06-18,calendar,global,month,6.0
2025-06-18,calendar,global,is_weekend,0.0
2025-06-18,supplier,1,po_delay_days,0.0
2025-06-18,supplier,1,receipt_fill_rate,1.0
2025-06-18,supplier,1,receipt_event_flag,0.0
2025-06-18,supplier,2,po_delay_days,0.0
2025-06-18,supplier,2,receipt_fill_rate,1.0
2025-06-18,supplier,2,receipt_event_flag,0.0
2025-06-18,supplier,3,po_delay_days,0.0
2025-06-18,supplier,3,receipt_fill_rate,1.0
2025-06-18,supplier,3,receipt_event_flag,0.0
2025-06-18,supplier,4,po_delay_days,0.0
2025-06-18,supplier,4,receipt_fill_rate,1.0
2025-06-18,supplier,4,receipt_event_flag,0.0
2025-06-18,supplier,5,po_delay_days,0.0
2025-06-18,supplier,5,receipt_fill_rate,1.0
2025-06-18,supplier,5,receipt_event_flag,0.0
2025-06-18,material,101,stock,182.0
2025-06-18,material,101,days_of_cover,10.29
2025-06-18,material,101,open_po_flag,1.0
2025-06-18,material,101,reorder_triggered,0.0
2025-06-18,material,102,stock,226.0
2025-06-18,material,102,days_of_cover,42.19
2025-06-18,material,102,open_po_flag,0.0
2025-06-18,material,102,reorder_triggered,0.0
2025-06-18,material,103,stock,210.0
2025-06-18,material,103,days_of_cover,61.89
2025-06-18,material,103,open_po_flag,0.0
2025-06-18,material,103,reorder_triggered,0.0
2025-06-18,product,201,fg_stock,222.0
2025-06-18,product,201,planned_production,0.0
2025-06-18,product,201,actual_production,0.0
2025-06-18,product,201,production_shortfall,0.0
2025-06-18,product,201,demand_units,0.0
2025-06-18,product,201,due_backlog_units,0.0
2025-06-18,product,201,newly_backordered_units,0.0
2025-06-18,product,201,backorder_flag,0.0
2025-06-18,product,202,fg_stock,192.0
2025-06-18,product,202,planned_production,0.0
2025-06-18,product,202,actual_production,0.0
2025-06-18,product,202,production_shortfall,0.0
2025-06-18,product,202,demand_units,0.0
2025-06-18,product,202,due_backlog_units,0.0
2025-06-18,product,202,newly_backordered_units,0.0
2025-06-18,product,202,backorder_flag,0.0
2025-06-19,calendar,global,weekday,3.0
2025-06-19,calendar,global,month,6.0
2025-06-19,calendar,global,is_weekend,0.0
2025-06-19,supplier,1,po_delay_days,0.0
2025-06-19,supplier,1,receipt_fill_rate,1.0
2025-06-19,supplier,1,receipt_event_flag,0.0
2025-06-19,supplier,2,po_delay_days,0.0
2025-06-19,supplier,2,receipt_fill_rate,1.0
2025-06-19,supplier,2,receipt_event_flag,0.0
2025-06-19,supplier,3,po_delay_days,0.0
2025-06-19,supplier,3,receipt_fill_rate,1.0
2025-06-19,supplier,3,receipt_event_flag,0.0
2025-06-19,supplier,4,po_delay_days,0.0
2025-06-19,supplier,4,receipt_fill_rate,1.0
2025-06-19,supplier,4,receipt_event_flag,0.0
2025-06-19,supplier,5,po_delay_days,0.0
2025-06-19,supplier,5,receipt_fill_rate,1.0
2025-06-19,supplier,5,receipt_event_flag,0.0
2025-06-19,material,101,stock,182.0
2025-06-19,material,101,days_of_cover,10.29
2025-06-19,material,101,open_po_flag,1.0
2025-06-19,material,101,reorder_triggered,0.0
2025-06-19,material,102,stock,226.0
2025-06-19,material,102,days_of_cover,42.19
2025-06-19,material,102,open_po_flag,0.0
2025-06-19,material,102,reorder_triggered,0.0
2025-06-19,material,103,stock,210.0
2025-06-19,material,103,days_of_cover,61.89
2025-06-19,material,103,open_po_flag,0.0
2025-06-19,material,103,reorder_triggered,0.0
2025-06-19,product,201,fg_stock,222.0
2025-06-19,product,201,planned_production,0.0
2025-06-19,product,201,actual_production,0.0
2025-06-19,product,201,production_shortfall,0.0
2025-06-19,product,201,demand_units,0.0
2025-06-19,product,201,due_backlog_units,0.0
2025-06-19,product,201,newly_backordered_units,0.0
2025-06-19,product,201,backorder_flag,0.0
2025-06-19,product,202,fg_stock,192.0
2025-06-19,product,202,planned_production,0.0
2025-06-19,product,202,actual_production,0.0
2025-06-19,product,202,production_shortfall,0.0
2025-06-19,product,202,demand_units,0.0
2025-06-19,product,202,due_backlog_units,0.0
2025-06-19,product,202,newly_backordered_units,0.0
2025-06-19,product,202,backorder_flag,0.0
2025-06-20,calendar,global,weekday,4.0
2025-06-20,calendar,global,month,6.0
2025-06-20,calendar,global,is_weekend,0.0
2025-06-20,supplier,1,po_delay_days,0.0
2025-06-20,supplier,1,receipt_fill_rate,1.0
2025-06-20,supplier,1,receipt_event_flag,0.0
2025-06-20,supplier,2,po_delay_days,0.0
2025-06-20,supplier,2,receipt_fill_rate,1.0
2025-06-20,supplier,2,receipt_event_flag,0.0
2025-06-20,supplier,3,po_delay_days,0.0
2025-06-20,supplier,3,receipt_fill_rate,1.0
2025-06-20,supplier,3,receipt_event_flag,0.0
2025-06-20,supplier,4,po_delay_days,0.0
2025-06-20,supplier,4,receipt_fill_rate,1.0
2025-06-20,supplier,4,receipt_event_flag,0.0
2025-06-20,supplier,5,po_delay_days,0.0
2025-06-20,supplier,5,receipt_fill_rate,1.0
2025-06-20,supplier,5,receipt_event_flag,0.0
2025-06-20,material,101,stock,108.0
2025-06-20,material,101,days_of_cover,5.09
2025-06-20,material,101,open_po_flag,1.0
2025-06-20,material,101,reorder_triggered,0.0
2025-06-20,material,102,stock,206.0
2025-06-20,material,102,days_of_cover,32.04
2025-06-20,material,102,open_po_flag,0.0
2025-06-20,material,102,reorder_triggered,0.0
2025-06-20,material,103,stock,194.0
2025-06-20,material,103,days_of_cover,47.65
2025-06-20,material,103,open_po_flag,0.0
2025-06-20,material,103,reorder_triggered,0.0
2025-06-20,product,201,fg_stock,229.0
2025-06-20,product,201,planned_production,30.0
2025-06-20,product,201,actual_production,20.0
2025-06-20,product,201,production_shortfall,10.0
2025-06-20,product,201,demand_units,28.0
2025-06-20,product,201,due_backlog_units,0.0
2025-06-20,product,201,newly_backordered_units,0.0
2025-06-20,product,201,backorder_flag,0.0
2025-06-20,product,202,fg_stock,195.0
2025-06-20,product,202,planned_production,20.0
2025-06-20,product,202,actual_production,20.0
2025-06-20,product,202,production_shortfall,0.0
2025-06-20,product,202,demand_units,7.0
2025-06-20,product,202,due_backlog_units,0.0
2025-06-20,product,202,newly_backordered_units,0.0
2025-06-20,product,202,backorder_flag,0.0
2025-06-21,calendar,global,weekday,5.0
2025-06-21,calendar,global,month,6.0
2025-06-21,calendar,global,is_weekend,1.0
2025-06-21,supplier,1,po_delay_days,0.0
2025-06-21,supplier,1,receipt_fill_rate,1.0
2025-06-21,supplier,1,receipt_event_flag,0.0
2025-06-21,supplier,2,po_delay_days,0.0
2025-06-21,supplier,2,receipt_fill_rate,1.0
2025-06-21,supplier,2,receipt_event_flag,0.0
2025-06-21,supplier,3,po_delay_days,0.0
2025-06-21,supplier,3,receipt_fill_rate,1.0
2025-06-21,supplier,3,receipt_event_flag,0.0
2025-06-21,supplier,4,po_delay_days,0.0
2025-06-21,supplier,4,receipt_fill_rate,1.0
2025-06-21,supplier,4,receipt_event_flag,0.0
2025-06-21,supplier,5,po_delay_days,0.0
2025-06-21,supplier,5,receipt_fill_rate,1.0
2025-06-21,supplier,5,receipt_event_flag,0.0
2025-06-21,material,101,stock,108.0
2025-06-21,material,101,days_of_cover,5.09
2025-06-21,material,101,open_po_flag,1.0
2025-06-21,material,101,reorder_triggered,0.0
2025-06-21,material,102,stock,206.0
2025-06-21,material,102,days_of_cover,32.04
2025-06-21,material,102,open_po_flag,0.0
2025-06-21,material,102,reorder_triggered,0.0
2025-06-21,material,103,stock,194.0
2025-06-21,material,103,days_of_cover,47.65
2025-06-21,material,103,open_po_flag,0.0
2025-06-21,material,103,reorder_triggered,0.0
2025-06-21,product,201,fg_stock,229.0
2025-06-21,product,201,planned_production,0.0
2025-06-21,product,201,actual_production,0.0
2025-06-21,product,201,production_shortfall,0.0
2025-06-21,product,201,demand_units,0.0
2025-06-21,product,201,due_backlog_units,0.0
2025-06-21,product,201,newly_backordered_units,0.0
2025-06-21,product,201,backorder_flag,0.0
2025-06-21,product,202,fg_stock,195.0
2025-06-21,product,202,planned_production,0.0
2025-06-21,product,202,actual_production,0.0
2025-06-21,product,202,production_shortfall,0.0
2025-06-21,product,202,demand_units,0.0
2025-06-21,product,202,due_backlog_units,0.0
2025-06-21,product,202,newly_backordered_units,0.0
2025-06-21,product,202,backorder_flag,0.0
2025-06-22,calendar,global,weekday,6.0
2025-06-22,calendar,global,month,6.0
2025-06-22,calendar,global,is_weekend,1.0
2025-06-22,supplier,1,po_delay_days,0.0
2025-06-22,supplier,1,receipt_fill_rate,1.0
2025-06-22,supplier,1,receipt_event_flag,0.0
2025-06-22,supplier,2,po_delay_days,0.0
2025-06-22,supplier,2,receipt_fill_rate,1.0
2025-06-22,supplier,2,receipt_event_flag,0.0
2025-06-22,supplier,3,po_delay_days,0.0
2025-06-22,supplier,3,receipt_fill_rate,1.0
2025-06-22,supplier,3,receipt_event_flag,0.0
2025-06-22,supplier,4,po_delay_days,0.0
2025-06-22,supplier,4,receipt_fill_rate,1.0
2025-06-22,supplier,4,receipt_event_flag,0.0
2025-06-22,supplier,5,po_delay_days,0.0
2025-06-22,supplier,5,receipt_fill_rate,1.0
2025-06-22,supplier,5,receipt_event_flag,0.0
2025-06-22,material,101,stock,108.0
2025-06-22,material,101,days_of_cover,5.09
2025-06-22,material,101,open_po_flag,1.0
2025-06-22,material,101,reorder_triggered,0.0
2025-06-22,material,102,stock,206.0
2025-06-22,material,102,days_of_cover,32.04
2025-06-22,material,102,open_po_flag,0.0
2025-06-22,material,102,reorder_triggered,0.0
2025-06-22,material,103,stock,194.0
2025-06-22,material,103,days_of_cover,47.65
2025-06-22,material,103,open_po_flag,0.0
2025-06-22,material,103,reorder_triggered,0.0
2025-06-22,product,201,fg_stock,229.0
2025-06-22,product,201,planned_production,0.0
2025-06-22,product,201,actual_production,0.0
2025-06-22,product,201,production_shortfall,0.0
2025-06-22,product,201,demand_units,0.0
2025-06-22,product,201,due_backlog_units,0.0
2025-06-22,product,201,newly_backordered_units,0.0
2025-06-22,product,201,backorder_flag,0.0
2025-06-22,product,202,fg_stock,195.0
2025-06-22,product,202,planned_production,0.0
2025-06-22,product,202,actual_production,0.0
2025-06-22,product,202,production_shortfall,0.0
2025-06-22,product,202,demand_units,0.0
2025-06-22,product,202,due_backlog_units,0.0
2025-06-22,product,202,newly_backordered_units,0.0
2025-06-22,product,202,backorder_flag,0.0
2025-06-23,calendar,global,weekday,0.0
2025-06-23,calendar,global,month,6.0
2025-06-23,calendar,global,is_weekend,0.0
2025-06-23,supplier,1,po_delay_days,0.0
2025-06-23,supplier,1,receipt_fill_rate,1.0
2025-06-23,supplier,1,receipt_event_flag,0.0
2025-06-23,supplier,2,po_delay_days,0.0
2025-06-23,supplier,2,receipt_fill_rate,1.0
2025-06-23,supplier,2,receipt_event_flag,0.0
2025-06-23,supplier,3,po_delay_days,0.0
2025-06-23,supplier,3,receipt_fill_rate,1.0
2025-06-23,supplier,3,receipt_event_flag,0.0
2025-06-23,supplier,4,po_delay_days,0.0
2025-06-23,supplier,4,receipt_fill_rate,1.0
2025-06-23,supplier,4,receipt_event_flag,0.0
2025-06-23,supplier,5,po_delay_days,0.0
2025-06-23,supplier,5,receipt_fill_rate,1.0
2025-06-23,supplier,5,receipt_event_flag,0.0
2025-06-23,material,101,stock,108.0
2025-06-23,material,101,days_of_cover,5.09
2025-06-23,material,101,open_po_flag,1.0
2025-06-23,material,101,reorder_triggered,0.0
2025-06-23,material,102,stock,206.0
2025-06-23,material,102,days_of_cover,32.04
2025-06-23,material,102,open_po_flag,0.0
2025-06-23,material,102,reorder_triggered,0.0
2025-06-23,material,103,stock,194.0
2025-06-23,material,103,days_of_cover,47.65
2025-06-23,material,103,open_po_flag,0.0
2025-06-23,material,103,reorder_triggered,0.0
2025-06-23,product,201,fg_stock,201.0
2025-06-23,product,201,planned_production,0.0
2025-06-23,product,201,actual_production,0.0
2025-06-23,product,201,production_shortfall,0.0
2025-06-23,product,201,demand_units,0.0
2025-06-23,product,201,due_backlog_units,0.0
2025-06-23,product,201,newly_backordered_units,0.0
2025-06-23,product,201,backorder_flag,0.0
2025-06-23,product,202,fg_stock,195.0
2025-06-23,product,202,planned_production,0.0
2025-06-23,product,202,actual_production,0.0
2025-06-23,product,202,production_shortfall,0.0
2025-06-23,product,202,demand_units,0.0
2025-06-23,product,202,due_backlog_units,0.0
2025-06-23,product,202,newly_backordered_units,0.0
2025-06-23,product,202,backorder_flag,0.0
2025-06-24,calendar,global,weekday,1.0
2025-06-24,calendar,global,month,6.0
2025-06-24,calendar,global,is_weekend,0.0
2025-06-24,supplier,1,po_delay_days,0.0
2025-06-24,supplier,1,receipt_fill_rate,1.0
2025-06-24,supplier,1,receipt_event_flag,0.0
2025-06-24,supplier,2,po_delay_days,0.0
2025-06-24,supplier,2,receipt_fill_rate,1.0
2025-06-24,supplier,2,receipt_event_flag,0.0
2025-06-24,supplier,3,po_delay_days,0.0
2025-06-24,supplier,3,receipt_fill_rate,1.0
2025-06-24,supplier,3,receipt_event_flag,0.0
2025-06-24,supplier,4,po_delay_days,0.0
2025-06-24,supplier,4,receipt_fill_rate,1.0
2025-06-24,supplier,4,receipt_event_flag,0.0
2025-06-24,supplier,5,po_delay_days,0.0
2025-06-24,supplier,5,receipt_fill_rate,1.0
2025-06-24,supplier,5,receipt_event_flag,0.0
2025-06-24,material,101,stock,108.0
2025-06-24,material,101,days_of_cover,5.09
2025-06-24,material,101,open_po_flag,1.0
2025-06-24,material,101,reorder_triggered,0.0
2025-06-24,material,102,stock,206.0
2025-06-24,material,102,days_of_cover,32.04
2025-06-24,material,102,open_po_flag,0.0
2025-06-24,material,102,reorder_triggered,0.0
2025-06-24,material,103,stock,194.0
2025-06-24,material,103,days_of_cover,47.65
2025-06-24,material,103,open_po_flag,0.0
2025-06-24,material,103,reorder_triggered,0.0
2025-06-24,product,201,fg_stock,201.0
2025-06-24,product,201,planned_production,0.0
2025-06-24,product,201,actual_production,0.0
2025-06-24,product,201,production_shortfall,0.0
2025-06-24,product,201,demand_units,0.0
2025-06-24,product,201,due_backlog_units,0.0
2025-06-24,product,201,newly_backordered_units,0.0
2025-06-24,product,201,backorder_flag,0.0
2025-06-24,product,202,fg_stock,195.0
2025-06-24,product,202,planned_production,0.0
2025-06-24,product,202,actual_production,0.0
2025-06-24,product,202,production_shortfall,0.0
2025-06-24,product,202,demand_units,11.0
2025-06-24,product,202,due_backlog_units,0.0
2025-06-24,product,202,newly_backordered_units,0.0
2025-06-24,product,202,backorder_flag,0.0
2025-06-25,calendar,global,weekday,2.0
2025-06-25,calendar,global,month,6.0
2025-06-25,calendar,global,is_weekend,0.0
2025-06-25,supplier,1,po_delay_days,0.0
2025-06-25,supplier,1,receipt_fill_rate,1.0
2025-06-25,supplier,1,receipt_event_flag,0.0
2025-06-25,supplier,2,po_delay_days,0.0
2025-06-25,supplier,2,receipt_fill_rate,1.0
2025-06-25,supplier,2,receipt_event_flag,0.0
2025-06-25,supplier,3,po_delay_days,0.0
2025-06-25,supplier,3,receipt_fill_rate,1.0
2025-06-25,supplier,3,receipt_event_flag,0.0
2025-06-25,supplier,4,po_delay_days,0.0
2025-06-25,supplier,4,receipt_fill_rate,1.0
2025-06-25,supplier,4,receipt_event_flag,0.0
2025-06-25,supplier,5,po_delay_days,0.0
2025-06-25,supplier,5,receipt_fill_rate,1.0
2025-06-25,supplier,5,receipt_event_flag,0.0
2025-06-25,material,101,stock,108.0
2025-06-25,material,101,days_of_cover,5.09
2025-06-25,material,101,open_po_flag,1.0
2025-06-25,material,101,reorder_triggered,0.0
2025-06-25,material,102,stock,206.0
2025-06-25,material,102,days_of_cover,32.04
2025-06-25,material,102,open_po_flag,0.0
2025-06-25,material,102,reorder_triggered,0.0
2025-06-25,material,103,stock,194.0
2025-06-25,material,103,days_of_cover,47.65
2025-06-25,material,103,open_po_flag,0.0
2025-06-25,material,103,reorder_triggered,0.0
2025-06-25,product,201,fg_stock,201.0
2025-06-25,product,201,planned_production,0.0
2025-06-25,product,201,actual_production,0.0
2025-06-25,product,201,production_shortfall,0.0
2025-06-25,product,201,demand_units,20.0
2025-06-25,product,201,due_backlog_units,0.0
2025-06-25,product,201,newly_backordered_units,0.0
2025-06-25,product,201,backorder_flag,0.0
2025-06-25,product,202,fg_stock,195.0
2025-06-25,product,202,planned_production,0.0
2025-06-25,product,202,actual_production,0.0
2025-06-25,product,202,production_shortfall,0.0
2025-06-25,product,202,demand_units,13.0
2025-06-25,product,202,due_backlog_units,0.0
2025-06-25,product,202,newly_backordered_units,0.0
2025-06-25,product,202,backorder_flag,0.0
2025-06-26,calendar,global,weekday,3.0
2025-06-26,calendar,global,month,6.0
2025-06-26,calendar,global,is_weekend,0.0
2025-06-26,supplier,1,po_delay_days,0.0
2025-06-26,supplier,1,receipt_fill_rate,1.0
2025-06-26,supplier,1,receipt_event_flag,0.0
2025-06-26,supplier,2,po_delay_days,0.0
2025-06-26,supplier,2,receipt_fill_rate,1.0
2025-06-26,supplier,2,receipt_event_flag,0.0
2025-06-26,supplier,3,po_delay_days,0.0
2025-06-26,supplier,3,receipt_fill_rate,1.0
2025-06-26,supplier,3,receipt_event_flag,0.0
2025-06-26,supplier,4,po_delay_days,0.0
2025-06-26,supplier,4,receipt_fill_rate,1.0
2025-06-26,supplier,4,receipt_event_flag,1.0
2025-06-26,supplier,5,po_delay_days,0.0
2025-06-26,supplier,5,receipt_fill_rate,1.0
2025-06-26,supplier,5,receipt_event_flag,0.0
2025-06-26,material,101,stock,495.0
2025-06-26,material,101,days_of_cover,23.33
2025-06-26,material,101,open_po_flag,0.0
2025-06-26,material,101,reorder_triggered,0.0
2025-06-26,material,102,stock,206.0
2025-06-26,material,102,days_of_cover,32.04
2025-06-26,material,102,open_po_flag,0.0
2025-06-26,material,102,reorder_triggered,0.0
2025-06-26,material,103,stock,194.0
2025-06-26,material,103,days_of_cover,47.65
2025-06-26,material,103,open_po_flag,0.0
2025-06-26,material,103,reorder_triggered,0.0
2025-06-26,product,201,fg_stock,201.0
2025-06-26,product,201,planned_production,0.0
2025-06-26,product,201,actual_production,0.0
2025-06-26,product,201,production_shortfall,0.0
2025-06-26,product,201,demand_units,0.0
2025-06-26,product,201,due_backlog_units,0.0
2025-06-26,product,201,newly_backordered_units,0.0
2025-06-26,product,201,backorder_flag,0.0
2025-06-26,product,202,fg_stock,195.0
2025-06-26,product,202,planned_production,0.0
2025-06-26,product,202,actual_production,0.0
2025-06-26,product,202,production_shortfall,0.0
2025-06-26,product,202,demand_units,10.0
2025-06-26,product,202,due_backlog_units,0.0
2025-06-26,product,202,newly_backordered_units,0.0
2025-06-26,product,202,backorder_flag,0.0
2025-06-27,calendar,global,weekday,4.0
2025-06-27,calendar,global,month,6.0
2025-06-27,calendar,global,is_weekend,0.0
2025-06-27,supplier,1,po_delay_days,0.0
2025-06-27,supplier,1,receipt_fill_rate,1.0
2025-06-27,supplier,1,receipt_event_flag,0.0
2025-06-27,supplier,2,po_delay_days,0.0
2025-06-27,supplier,2,receipt_fill_rate,1.0
2025-06-27,supplier,2,receipt_event_flag,0.0
2025-06-27,supplier,3,po_delay_days,0.0
2025-06-27,supplier,3,receipt_fill_rate,1.0
2025-06-27,supplier,3,receipt_event_flag,0.0
2025-06-27,supplier,4,po_delay_days,0.0
2025-06-27,supplier,4,receipt_fill_rate,1.0
2025-06-27,supplier,4,receipt_event_flag,0.0
2025-06-27,supplier,5,po_delay_days,0.0
2025-06-27,supplier,5,receipt_fill_rate,1.0
2025-06-27,supplier,5,receipt_event_flag,0.0
2025-06-27,material,101,stock,495.0
2025-06-27,material,101,days_of_cover,28.0
2025-06-27,material,101,open_po_flag,0.0
2025-06-27,material,101,reorder_triggered,0.0
2025-06-27,material,102,stock,206.0
2025-06-27,material,102,days_of_cover,38.45
2025-06-27,material,102,open_po_flag,0.0
2025-06-27,material,102,reorder_triggered,0.0
2025-06-27,material,103,stock,194.0
2025-06-27,material,103,days_of_cover,57.18
2025-06-27,material,103,open_po_flag,0.0
2025-06-27,material,103,reorder_triggered,0.0
2025-06-27,product,201,fg_stock,191.0
2025-06-27,product,201,planned_production,0.0
2025-06-27,product,201,actual_production,0.0
2025-06-27,product,201,production_shortfall,0.0
2025-06-27,product,201,demand_units,21.0
2025-06-27,product,201,due_backlog_units,0.0
2025-06-27,product,201,newly_backordered_units,0.0
2025-06-27,product,201,backorder_flag,0.0
2025-06-27,product,202,fg_stock,184.0
2025-06-27,product,202,planned_production,0.0
2025-06-27,product,202,actual_production,0.0
2025-06-27,product,202,production_shortfall,0.0
2025-06-27,product,202,demand_units,19.0
2025-06-27,product,202,due_backlog_units,0.0
2025-06-27,product,202,newly_backordered_units,0.0
2025-06-27,product,202,backorder_flag,0.0
2025-06-28,calendar,global,weekday,5.0
2025-06-28,calendar,global,month,6.0
2025-06-28,calendar,global,is_weekend,1.0
2025-06-28,supplier,1,po_delay_days,0.0
2025-06-28,supplier,1,receipt_fill_rate,1.0
2025-06-28,supplier,1,receipt_event_flag,0.0
2025-06-28,supplier,2,po_delay_days,0.0
2025-06-28,supplier,2,receipt_fill_rate,1.0
2025-06-28,supplier,2,receipt_event_flag,0.0
2025-06-28,supplier,3,po_delay_days,0.0
2025-06-28,supplier,3,receipt_fill_rate,1.0
2025-06-28,supplier,3,receipt_event_flag,0.0
2025-06-28,supplier,4,po_delay_days,0.0
2025-06-28,supplier,4,receipt_fill_rate,1.0
2025-06-28,supplier,4,receipt_event_flag,0.0
2025-06-28,supplier,5,po_delay_days,0.0
2025-06-28,supplier,5,receipt_fill_rate,1.0
2025-06-28,supplier,5,receipt_event_flag,0.0
2025-06-28,material,101,stock,495.0
2025-06-28,material,101,days_of_cover,28.0
2025-06-28,material,101,open_po_flag,0.0
2025-06-28,material,101,reorder_triggered,0.0
2025-06-28,material,102,stock,206.0
2025-06-28,material,102,days_of_cover,38.45
2025-06-28,material,102,open_po_flag,0.0
2025-06-28,material,102,reorder_triggered,0.0
2025-06-28,material,103,stock,194.0
2025-06-28,material,103,days_of_cover,57.18
2025-06-28,material,103,open_po_flag,0.0
2025-06-28,material,103,reorder_triggered,0.0
2025-06-28,product,201,fg_stock,191.0
2025-06-28,product,201,planned_production,0.0
2025-06-28,product,201,actual_production,0.0
2025-06-28,product,201,production_shortfall,0.0
2025-06-28,product,201,demand_units,0.0
2025-06-28,product,201,due_backlog_units,0.0
2025-06-28,product,201,newly_backordered_units,0.0
2025-06-28,product,201,backorder_flag,0.0
2025-06-28,product,202,fg_stock,184.0
2025-06-28,product,202,planned_production,0.0
2025-06-28,product,202,actual_production,0.0
2025-06-28,product,202,production_shortfall,0.0
2025-06-28,product,202,demand_units,0.0
2025-06-28,product,202,due_backlog_units,0.0
2025-06-28,product,202,newly_backordered_units,0.0
2025-06-28,product,202,backorder_flag,0.0
2025-06-29,calendar,global,weekday,6.0
2025-06-29,calendar,global,month,6.0
2025-06-29,calendar,global,is_weekend,1.0
2025-06-29,supplier,1,po_delay_days,0.0
2025-06-29,supplier,1,receipt_fill_rate,1.0
2025-06-29,supplier,1,receipt_event_flag,0.0
2025-06-29,supplier,2,po_delay_days,0.0
2025-06-29,supplier,2,receipt_fill_rate,1.0
2025-06-29,supplier,2,receipt_event_flag,0.0
2025-06-29,supplier,3,po_delay_days,0.0
2025-06-29,supplier,3,receipt_fill_rate,1.0
2025-06-29,supplier,3,receipt_event_flag,0.0
2025-06-29,supplier,4,po_delay_days,0.0
2025-06-29,supplier,4,receipt_fill_rate,1.0
2025-06-29,supplier,4,receipt_event_flag,0.0
2025-06-29,supplier,5,po_delay_days,0.0
2025-06-29,supplier,5,receipt_fill_rate,1.0
2025-06-29,supplier,5,receipt_event_flag,0.0
2025-06-29,material,101,stock,495.0
2025-06-29,material,101,days_of_cover,28.0
2025-06-29,material,101,open_po_flag,0.0
2025-06-29,material,101,reorder_triggered,0.0
2025-06-29,material,102,stock,206.0
2025-06-29,material,102,days_of_cover,38.45
2025-06-29,material,102,open_po_flag,0.0
2025-06-29,material,102,reorder_triggered,0.0
2025-06-29,material,103,stock,194.0
2025-06-29,material,103,days_of_cover,57.18
2025-06-29,material,103,open_po_flag,0.0
2025-06-29,material,103,reorder_triggered,0.0
2025-06-29,product,201,fg_stock,191.0
2025-06-29,product,201,planned_production,0.0
2025-06-29,product,201,actual_production,0.0
2025-06-29,product,201,production_shortfall,0.0
2025-06-29,product,201,demand_units,0.0
2025-06-29,product,201,due_backlog_units,0.0
2025-06-29,product,201,newly_backordered_units,0.0
2025-06-29,product,201,backorder_flag,0.0
2025-06-29,product,202,fg_stock,164.0
2025-06-29,product,202,planned_production,0.0
2025-06-29,product,202,actual_production,0.0
2025-06-29,product,202,production_shortfall,0.0
2025-06-29,product,202,demand_units,0.0
2025-06-29,product,202,due_backlog_units,0.0
2025-06-29,product,202,newly_backordered_units,0.0
2025-06-29,product,202,backorder_flag,0.0
2025-06-30,calendar,global,weekday,0.0
2025-06-30,calendar,global,month,6.0
2025-06-30,calendar,global,is_weekend,0.0
2025-06-30,supplier,1,po_delay_days,0.0
2025-06-30,supplier,1,receipt_fill_rate,1.0
2025-06-30,supplier,1,receipt_event_flag,0.0
2025-06-30,supplier,2,po_delay_days,0.0
2025-06-30,supplier,2,receipt_fill_rate,1.0
2025-06-30,supplier,2,receipt_event_flag,0.0
2025-06-30,supplier,3,po_delay_days,0.0
2025-06-30,supplier,3,receipt_fill_rate,1.0
2025-06-30,supplier,3,receipt_event_flag,0.0
2025-06-30,supplier,4,po_delay_days,0.0
2025-06-30,supplier,4,receipt_fill_rate,1.0
2025-06-30,supplier,4,receipt_event_flag,0.0
2025-06-30,supplier,5,po_delay_days,0.0
2025-06-30,supplier,5,receipt_fill_rate,1.0
2025-06-30,supplier,5,receipt_event_flag,0.0
2025-06-30,material,101,stock,408.0
2025-06-30,material,101,days_of_cover,23.08
2025-06-30,material,101,open_po_flag,0.0
2025-06-30,material,101,reorder_triggered,0.0
2025-06-30,material,102,stock,176.0
2025-06-30,material,102,days_of_cover,32.85
2025-06-30,material,102,open_po_flag,0.0
2025-06-30,material,102,reorder_triggered,0.0
2025-06-30,material,103,stock,180.0
2025-06-30,material,103,days_of_cover,53.05
2025-06-30,material,103,open_po_flag,0.0
2025-06-30,material,103,reorder_triggered,0.0
2025-06-30,product,201,fg_stock,208.0
2025-06-30,product,201,planned_production,30.0
2025-06-30,product,201,actual_production,30.0
2025-06-30,product,201,production_shortfall,0.0
2025-06-30,product,201,demand_units,0.0
2025-06-30,product,201,due_backlog_units,0.0
2025-06-30,product,201,newly_backordered_units,0.0
2025-06-30,product,201,backorder_flag,0.0
2025-06-30,product,202,fg_stock,174.0
2025-06-30,product,202,planned_production,20.0
2025-06-30,product,202,actual_production,10.0
2025-06-30,product,202,production_shortfall,10.0
2025-06-30,product,202,demand_units,0.0
2025-06-30,product,202,due_backlog_units,0.0
2025-06-30,product,202,newly_backordered_units,0.0
2025-06-30,product,202,backorder_flag,0.0
2025-07-01,calendar,global,weekday,1.0
2025-07-01,calendar,global,month,7.0
2025-07-01,calendar,global,is_weekend,0.0
2025-07-01,supplier,1,po_delay_days,0.0
2025-07-01,supplier,1,receipt_fill_rate,1.0
2025-07-01,supplier,1,receipt_event_flag,0.0
2025-07-01,supplier,2,po_delay_days,0.0
2025-07-01,supplier,2,receipt_fill_rate,1.0
2025-07-01,supplier,2,receipt_event_flag,0.0
2025-07-01,supplier,3,po_delay_days,0.0
2025-07-01,supplier,3,receipt_fill_rate,1.0
2025-07-01,supplier,3,receipt_event_flag,0.0
2025-07-01,supplier,4,po_delay_days,0.0
2025-07-01,supplier,4,receipt_fill_rate,1.0
2025-07-01,supplier,4,receipt_event_flag,0.0
2025-07-01,supplier,5,po_delay_days,0.0
2025-07-01,supplier,5,receipt_fill_rate,1.0
2025-07-01,supplier,5,receipt_event_flag,0.0
2025-07-01,material,101,stock,408.0
2025-07-01,material,101,days_of_cover,23.08
2025-07-01,material,101,open_po_flag,0.0
2025-07-01,material,101,reorder_triggered,0.0
2025-07-01,material,102,stock,176.0
2025-07-01,material,102,days_of_cover,32.85
2025-07-01,material,102,open_po_flag,0.0
2025-07-01,material,102,reorder_triggered,0.0
2025-07-01,material,103,stock,180.0
2025-07-01,material,103,days_of_cover,53.05
2025-07-01,material,103,open_po_flag,0.0
2025-07-01,material,103,reorder_triggered,0.0
2025-07-01,product,201,fg_stock,208.0
2025-07-01,product,201,planned_production,0.0
2025-07-01,product,201,actual_production,0.0
2025-07-01,product,201,production_shortfall,0.0
2025-07-01,product,201,demand_units,26.0
2025-07-01,product,201,due_backlog_units,0.0
2025-07-01,product,201,newly_backordered_units,0.0
2025-07-01,product,201,backorder_flag,0.0
2025-07-01,product,202,fg_stock,174.0
2025-07-01,product,202,planned_production,0.0
2025-07-01,product,202,actual_production,0.0
2025-07-01,product,202,production_shortfall,0.0
2025-07-01,product,202,demand_units,0.0
2025-07-01,product,202,due_backlog_units,0.0
2025-07-01,product,202,newly_backordered_units,0.0
2025-07-01,product,202,backorder_flag,0.0
2025-07-02,calendar,global,weekday,2.0
2025-07-02,calendar,global,month,7.0
2025-07-02,calendar,global,is_weekend,0.0
2025-07-02,supplier,1,po_delay_days,0.0
2025-07-02,supplier,1,receipt_fill_rate,1.0
2025-07-02,supplier,1,receipt_event_flag,0.0
2025-07-02,supplier,2,po_delay_days,0.0
2025-07-02,supplier,2,receipt_fill_rate,1.0
2025-07-02,supplier,2,receipt_event_flag,0.0
2025-07-02,supplier,3,po_delay_days,0.0
2025-07-02,supplier,3,receipt_fill_rate,1.0
2025-07-02,supplier,3,receipt_event_flag,0.0
2025-07-02,supplier,4,po_delay_days,0.0
2025-07-02,supplier,4,receipt_fill_rate,1.0
2025-07-02,supplier,4,receipt_event_flag,0.0
2025-07-02,supplier,5,po_delay_days,0.0
2025-07-02,supplier,5,receipt_fill_rate,1.0
2025-07-02,supplier,5,receipt_event_flag,0.0
2025-07-02,material,101,stock,408.0
2025-07-02,material,101,days_of_cover,23.08
2025-07-02,material,101,open_po_flag,0.0
2025-07-02,material,101,reorder_triggered,0.0
2025-07-02,material,102,stock,176.0
2025-07-02,material,102,days_of_cover,32.85
2025-07-02,material,102,open_po_flag,0.0
2025-07-02,material,102,reorder_triggered,0.0
2025-07-02,material,103,stock,180.0
2025-07-02,material,103,days_of_cover,53.05
2025-07-02,material,103,open_po_flag,0.0
2025-07-02,material,103,reorder_triggered,0.0
2025-07-02,product,201,fg_stock,208.0
2025-07-02,product,201,planned_production,0.0
2025-07-02,product,201,actual_production,0.0
2025-07-02,product,201,production_shortfall,0.0
2025-07-02,product,201,demand_units,0.0
2025-07-02,product,201,due_backlog_units,0.0
2025-07-02,product,201,newly_backordered_units,0.0
2025-07-02,product,201,backorder_flag,0.0
2025-07-02,product,202,fg_stock,164.0
2025-07-02,product,202,planned_production,0.0
2025-07-02,product,202,actual_production,0.0
2025-07-02,product,202,production_shortfall,0.0
2025-07-02,product,202,demand_units,0.0
2025-07-02,product,202,due_backlog_units,0.0
2025-07-02,product,202,newly_backordered_units,0.0
2025-07-02,product,202,backorder_flag,0.0
2025-07-03,calendar,global,weekday,3.0
2025-07-03,calendar,global,month,7.0
2025-07-03,calendar,global,is_weekend,0.0
2025-07-03,supplier,1,po_delay_days,0.0
2025-07-03,supplier,1,receipt_fill_rate,1.0
2025-07-03,supplier,1,receipt_event_flag,0.0
2025-07-03,supplier,2,po_delay_days,0.0
2025-07-03,supplier,2,receipt_fill_rate,1.0
2025-07-03,supplier,2,receipt_event_flag,0.0
2025-07-03,supplier,3,po_delay_days,0.0
2025-07-03,supplier,3,receipt_fill_rate,1.0
2025-07-03,supplier,3,receipt_event_flag,0.0
2025-07-03,supplier,4,po_delay_days,0.0
2025-07-03,supplier,4,receipt_fill_rate,1.0
2025-07-03,supplier,4,receipt_event_flag,0.0
2025-07-03,supplier,5,po_delay_days,0.0
2025-07-03,supplier,5,receipt_fill_rate,1.0
2025-07-03,supplier,5,receipt_event_flag,0.0
2025-07-03,material,101,stock,408.0
2025-07-03,material,101,days_of_cover,23.08
2025-07-03,material,101,open_po_flag,0.0
2025-07-03,material,101,reorder_triggered,0.0
2025-07-03,material,102,stock,176.0
2025-07-03,material,102,days_of_cover,32.85
2025-07-03,material,102,open_po_flag,0.0
2025-07-03,material,102,reorder_triggered,0.0
2025-07-03,material,103,stock,180.0
2025-07-03,material,103,days_of_cover,53.05
2025-07-03,material,103,open_po_flag,0.0
2025-07-03,material,103,reorder_triggered,0.0
2025-07-03,product,201,fg_stock,208.0
2025-07-03,product,201,planned_production,0.0
2025-07-03,product,201,actual_production,0.0
2025-07-03,product,201,production_shortfall,0.0
2025-07-03,product,201,demand_units,0.0
2025-07-03,product,201,due_backlog_units,0.0
2025-07-03,product,201,newly_backordered_units,0.0
2025-07-03,product,201,backorder_flag,0.0
2025-07-03,product,202,fg_stock,156.0
2025-07-03,product,202,planned_production,0.0
2025-07-03,product,202,actual_production,0.0
2025-07-03,product,202,production_shortfall,0.0
2025-07-03,product,202,demand_units,0.0
2025-07-03,product,202,due_backlog_units,0.0
2025-07-03,product,202,newly_backordered_units,0.0
2025-07-03,product,202,backorder_flag,0.0
2025-07-04,calendar,global,weekday,4.0
2025-07-04,calendar,global,month,7.0
2025-07-04,calendar,global,is_weekend,0.0
2025-07-04,supplier,1,po_delay_days,0.0
2025-07-04,supplier,1,receipt_fill_rate,1.0
2025-07-04,supplier,1,receipt_event_flag,0.0
2025-07-04,supplier,2,po_delay_days,0.0
2025-07-04,supplier,2,receipt_fill_rate,1.0
2025-07-04,supplier,2,receipt_event_flag,0.0
2025-07-04,supplier,3,po_delay_days,0.0
2025-07-04,supplier,3,receipt_fill_rate,1.0
2025-07-04,supplier,3,receipt_event_flag,0.0
2025-07-04,supplier,4,po_delay_days,0.0
2025-07-04,supplier,4,receipt_fill_rate,1.0
2025-07-04,supplier,4,receipt_event_flag,0.0
2025-07-04,supplier,5,po_delay_days,0.0
2025-07-04,supplier,5,receipt_fill_rate,1.0
2025-07-04,supplier,5,receipt_event_flag,0.0
2025-07-04,material,101,stock,408.0
2025-07-04,material,101,days_of_cover,28.85
2025-07-04,material,101,open_po_flag,0.0
2025-07-04,material,101,reorder_triggered,0.0
2025-07-04,material,102,stock,176.0
2025-07-04,material,102,days_of_cover,41.07
2025-07-04,material,102,open_po_flag,0.0
2025-07-04,material,102,reorder_triggered,0.0
2025-07-04,material,103,stock,180.0
2025-07-04,material,103,days_of_cover,66.32
2025-07-04,material,103,open_po_flag,0.0
2025-07-04,material,103,reorder_triggered,0.0
2025-07-04,product,201,fg_stock,201.0
2025-07-04,product,201,planned_production,0.0
2025-07-04,product,201,actual_production,0.0
2025-07-04,product,201,production_shortfall,0.0
2025-07-04,product,201,demand_units,0.0
2025-07-04,product,201,due_backlog_units,0.0
2025-07-04,product,201,newly_backordered_units,0.0
2025-07-04,product,201,backorder_flag,0.0
2025-07-04,product,202,fg_stock,145.0
2025-07-04,product,202,planned_production,0.0
2025-07-04,product,202,actual_production,0.0
2025-07-04,product,202,production_shortfall,0.0
2025-07-04,product,202,demand_units,0.0
2025-07-04,product,202,due_backlog_units,0.0
2025-07-04,product,202,newly_backordered_units,0.0
2025-07-04,product,202,backorder_flag,0.0
2025-07-05,calendar,global,weekday,5.0
2025-07-05,calendar,global,month,7.0
2025-07-05,calendar,global,is_weekend,1.0
2025-07-05,supplier,1,po_delay_days,0.0
2025-07-05,supplier,1,receipt_fill_rate,1.0
2025-07-05,supplier,1,receipt_event_flag,0.0
2025-07-05,supplier,2,po_delay_days,0.0
2025-07-05,supplier,2,receipt_fill_rate,1.0
2025-07-05,supplier,2,receipt_event_flag,0.0
2025-07-05,supplier,3,po_delay_days,0.0
2025-07-05,supplier,3,receipt_fill_rate,1.0
2025-07-05,supplier,3,receipt_event_flag,0.0
2025-07-05,supplier,4,po_delay_days,0.0
2025-07-05,supplier,4,receipt_fill_rate,1.0
2025-07-05,supplier,4,receipt_event_flag,0.0
2025-07-05,supplier,5,po_delay_days,0.0
2025-07-05,supplier,5,receipt_fill_rate,1.0
2025-07-05,supplier,5,receipt_event_flag,0.0
2025-07-05,material,101,stock,408.0
2025-07-05,material,101,days_of_cover,28.85
2025-07-05,material,101,open_po_flag,0.0
2025-07-05,material,101,reorder_triggered,0.0
2025-07-05,material,102,stock,176.0
2025-07-05,material,102,days_of_cover,41.07
2025-07-05,material,102,open_po_flag,0.0
2025-07-05,material,102,reorder_triggered,0.0
2025-07-05,material,103,stock,180.0
2025-07-05,material,103,days_of_cover,66.32
2025-07-05,material,103,open_po_flag,0.0
2025-07-05,material,103,reorder_triggered,0.0
2025-07-05,product,201,fg_stock,201.0
2025-07-05,product,201,planned_production,0.0
2025-07-05,product,201,actual_production,0.0
2025-07-05,product,201,production_shortfall,0.0
2025-07-05,product,201,demand_units,0.0
2025-07-05,product,201,due_backlog_units,0.0
2025-07-05,product,201,newly_backordered_units,0.0
2025-07-05,product,201,backorder_flag,0.0
2025-07-05,product,202,fg_stock,145.0
2025-07-05,product,202,planned_production,0.0
2025-07-05,product,202,actual_production,0.0
2025-07-05,product,202,production_shortfall,0.0
2025-07-05,product,202,demand_units,0.0
2025-07-05,product,202,due_backlog_units,0.0
2025-07-05,product,202,newly_backordered_units,0.0
2025-07-05,product,202,backorder_flag,0.0
2025-07-06,calendar,global,weekday,6.0
2025-07-06,calendar,global,month,7.0
2025-07-06,calendar,global,is_weekend,1.0
2025-07-06,supplier,1,po_delay_days,0.0
2025-07-06,supplier,1,receipt_fill_rate,1.0
2025-07-06,supplier,1,receipt_event_flag,0.0
2025-07-06,supplier,2,po_delay_days,0.0
2025-07-06,supplier,2,receipt_fill_rate,1.0
2025-07-06,supplier,2,receipt_event_flag,0.0
2025-07-06,supplier,3,po_delay_days,0.0
2025-07-06,supplier,3,receipt_fill_rate,1.0
2025-07-06,supplier,3,receipt_event_flag,0.0
2025-07-06,supplier,4,po_delay_days,0.0
2025-07-06,supplier,4,receipt_fill_rate,1.0
2025-07-06,supplier,4,receipt_event_flag,0.0
2025-07-06,supplier,5,po_delay_days,0.0
2025-07-06,supplier,5,receipt_fill_rate,1.0
2025-07-06,supplier,5,receipt_event_flag,0.0
2025-07-06,material,101,stock,408.0
2025-07-06,material,101,days_of_cover,28.85
2025-07-06,material,101,open_po_flag,0.0
2025-07-06,material,101,reorder_triggered,0.0
2025-07-06,material,102,stock,176.0
2025-07-06,material,102,days_of_cover,41.07
2025-07-06,material,102,open_po_flag,0.0
2025-07-06,material,102,reorder_triggered,0.0
2025-07-06,material,103,stock,180.0
2025-07-06,material,103,days_of_cover,66.32
2025-07-06,material,103,open_po_flag,0.0
2025-07-06,material,103,reorder_triggered,0.0
2025-07-06,product,201,fg_stock,186.0
2025-07-06,product,201,planned_production,0.0
2025-07-06,product,201,actual_production,0.0
2025-07-06,product,201,production_shortfall,0.0
2025-07-06,product,201,demand_units,0.0
2025-07-06,product,201,due_backlog_units,0.0
2025-07-06,product,201,newly_backordered_units,0.0
2025-07-06,product,201,backorder_flag,0.0
2025-07-06,product,202,fg_stock,145.0
2025-07-06,product,202,planned_production,0.0
2025-07-06,product,202,actual_production,0.0
2025-07-06,product,202,production_shortfall,0.0
2025-07-06,product,202,demand_units,0.0
2025-07-06,product,202,due_backlog_units,0.0
2025-07-06,product,202,newly_backordered_units,0.0
2025-07-06,product,202,backorder_flag,0.0
2025-07-07,calendar,global,weekday,0.0
2025-07-07,calendar,global,month,7.0
2025-07-07,calendar,global,is_weekend,0.0
2025-07-07,supplier,1,po_delay_days,0.0
2025-07-07,supplier,1,receipt_fill_rate,1.0
2025-07-07,supplier,1,receipt_event_flag,0.0
2025-07-07,supplier,2,po_delay_days,0.0
2025-07-07,supplier,2,receipt_fill_rate,1.0
2025-07-07,supplier,2,receipt_event_flag,0.0
2025-07-07,supplier,3,po_delay_days,0.0
2025-07-07,supplier,3,receipt_fill_rate,1.0
2025-07-07,supplier,3,receipt_event_flag,0.0
2025-07-07,supplier,4,po_delay_days,0.0
2025-07-07,supplier,4,receipt_fill_rate,1.0
2025-07-07,supplier,4,receipt_event_flag,0.0
2025-07-07,supplier,5,po_delay_days,0.0
2025-07-07,supplier,5,receipt_fill_rate,1.0
2025-07-07,supplier,5,receipt_event_flag,0.0
2025-07-07,material,101,stock,309.0
2025-07-07,material,101,days_of_cover,17.48
2025-07-07,material,101,open_po_flag,0.0
2025-07-07,material,101,reorder_triggered,0.0
2025-07-07,material,102,stock,146.0
2025-07-07,material,102,days_of_cover,27.25
2025-07-07,material,102,open_po_flag,0.0
2025-07-07,material,102,reorder_triggered,0.0
2025-07-07,material,103,stock,161.0
2025-07-07,material,103,days_of_cover,47.45
2025-07-07,material,103,open_po_flag,0.0
2025-07-07,material,103,reorder_triggered,0.0
2025-07-07,product,201,fg_stock,195.0
2025-07-07,product,201,planned_production,30.0
2025-07-07,product,201,actual_production,30.0
2025-07-07,product,201,production_shortfall,0.0
2025-07-07,product,201,demand_units,0.0
2025-07-07,product,201,due_backlog_units,0.0
2025-07-07,product,201,newly_backordered_units,0.0
2025-07-07,product,201,backorder_flag,0.0
2025-07-07,product,202,fg_stock,165.0
2025-07-07,product,202,planned_production,20.0
2025-07-07,product,202,actual_production,20.0
2025-07-07,product,202,production_shortfall,0.0
2025-07-07,product,202,demand_units,0.0
2025-07-07,product,202,due_backlog_units,0.0
2025-07-07,product,202,newly_backordered_units,0.0
2025-07-07,product,202,backorder_flag,0.0
2025-07-08,calendar,global,weekday,1.0
2025-07-08,calendar,global,month,7.0
2025-07-08,calendar,global,is_weekend,0.0
2025-07-08,supplier,1,po_delay_days,0.0
2025-07-08,supplier,1,receipt_fill_rate,1.0
2025-07-08,supplier,1,receipt_event_flag,0.0
2025-07-08,supplier,2,po_delay_days,0.0
2025-07-08,supplier,2,receipt_fill_rate,1.0
2025-07-08,supplier,2,receipt_event_flag,0.0
2025-07-08,supplier,3,po_delay_days,0.0
2025-07-08,supplier,3,receipt_fill_rate,1.0
2025-07-08,supplier,3,receipt_event_flag,0.0
2025-07-08,supplier,4,po_delay_days,0.0
2025-07-08,supplier,4,receipt_fill_rate,1.0
2025-07-08,supplier,4,receipt_event_flag,0.0
2025-07-08,supplier,5,po_delay_days,0.0
2025-07-08,supplier,5,receipt_fill_rate,1.0
2025-07-08,supplier,5,receipt_event_flag,0.0
2025-07-08,material,101,stock,309.0
2025-07-08,material,101,days_of_cover,17.48
2025-07-08,material,101,open_po_flag,0.0
2025-07-08,material,101,reorder_triggered,0.0
2025-07-08,material,102,stock,146.0
2025-07-08,material,102,days_of_cover,27.25
2025-07-08,material,102,open_po_flag,0.0
2025-07-08,material,102,reorder_triggered,0.0
2025-07-08,material,103,stock,161.0
2025-07-08,material,103,days_of_cover,47.45
2025-07-08,material,103,open_po_flag,0.0
2025-07-08,material,103,reorder_triggered,0.0
2025-07-08,product,201,fg_stock,195.0
2025-07-08,product,201,planned_production,0.0
2025-07-08,product,201,actual_production,0.0
2025-07-08,product,201,production_shortfall,0.0
2025-07-08,product,201,demand_units,0.0
2025-07-08,product,201,due_backlog_units,0.0
2025-07-08,product,201,newly_backordered_units,0.0
2025-07-08,product,201,backorder_flag,0.0
2025-07-08,product,202,fg_stock,165.0
2025-07-08,product,202,planned_production,0.0
2025-07-08,product,202,actual_production,0.0
2025-07-08,product,202,production_shortfall,0.0
2025-07-08,product,202,demand_units,21.0
2025-07-08,product,202,due_backlog_units,0.0
2025-07-08,product,202,newly_backordered_units,0.0
2025-07-08,product,202,backorder_flag,0.0
2025-07-09,calendar,global,weekday,2.0
2025-07-09,calendar,global,month,7.0
2025-07-09,calendar,global,is_weekend,0.0
2025-07-09,supplier,1,po_delay_days,0.0
2025-07-09,supplier,1,receipt_fill_rate,1.0
2025-07-09,supplier,1,receipt_event_flag,0.0
2025-07-09,supplier,2,po_delay_days,0.0
2025-07-09,supplier,2,receipt_fill_rate,1.0
2025-07-09,supplier,2,receipt_event_flag,0.0
2025-07-09,supplier,3,po_delay_days,0.0
2025-07-09,supplier,3,receipt_fill_rate,1.0
2025-07-09,supplier,3,receipt_event_flag,0.0
2025-07-09,supplier,4,po_delay_days,0.0
2025-07-09,supplier,4,receipt_fill_rate,1.0
2025-07-09,supplier,4,receipt_event_flag,0.0
2025-07-09,supplier,5,po_delay_days,0.0
2025-07-09,supplier,5,receipt_fill_rate,1.0
2025-07-09,supplier,5,receipt_event_flag,0.0
2025-07-09,material,101,stock,309.0
2025-07-09,material,101,days_of_cover,17.48
2025-07-09,material,101,open_po_flag,0.0
2025-07-09,material,101,reorder_triggered,0.0
2025-07-09,material,102,stock,146.0
2025-07-09,material,102,days_of_cover,27.25
2025-07-09,material,102,open_po_flag,0.0
2025-07-09,material,102,reorder_triggered,0.0
2025-07-09,material,103,stock,161.0
2025-07-09,material,103,days_of_cover,47.45
2025-07-09,material,103,open_po_flag,0.0
2025-07-09,material,103,reorder_triggered,0.0
2025-07-09,product,201,fg_stock,184.0
2025-07-09,product,201,planned_production,0.0
2025-07-09,product,201,actual_production,0.0
2025-07-09,product,201,production_shortfall,0.0
2025-07-09,product,201,demand_units,0.0
2025-07-09,product,201,due_backlog_units,0.0
2025-07-09,product,201,newly_backordered_units,0.0
2025-07-09,product,201,backorder_flag,0.0
2025-07-09,product,202,fg_stock,165.0
2025-07-09,product,202,planned_production,0.0
2025-07-09,product,202,actual_production,0.0
2025-07-09,product,202,production_shortfall,0.0
2025-07-09,product,202,demand_units,0.0
2025-07-09,product,202,due_backlog_units,0.0
2025-07-09,product,202,newly_backordered_units,0.0
2025-07-09,product,202,backorder_flag,0.0
2025-07-10,calendar,global,weekday,3.0
2025-07-10,calendar,global,month,7.0
2025-07-10,calendar,global,is_weekend,0.0
2025-07-10,supplier,1,po_delay_days,0.0
2025-07-10,supplier,1,receipt_fill_rate,1.0
2025-07-10,supplier,1,receipt_event_flag,0.0
2025-07-10,supplier,2,po_delay_days,0.0
2025-07-10,supplier,2,receipt_fill_rate,1.0
2025-07-10,supplier,2,receipt_event_flag,0.0
2025-07-10,supplier,3,po_delay_days,0.0
2025-07-10,supplier,3,receipt_fill_rate,1.0
2025-07-10,supplier,3,receipt_event_flag,0.0
2025-07-10,supplier,4,po_delay_days,0.0
2025-07-10,supplier,4,receipt_fill_rate,1.0
2025-07-10,supplier,4,receipt_event_flag,0.0
2025-07-10,supplier,5,po_delay_days,0.0
2025-07-10,supplier,5,receipt_fill_rate,1.0
2025-07-10,supplier,5,receipt_event_flag,0.0
2025-07-10,material,101,stock,210.0
2025-07-10,material,101,days_of_cover,11.88
2025-07-10,material,101,open_po_flag,0.0
2025-07-10,material,101,reorder_triggered,0.0
2025-07-10,material,102,stock,116.0
2025-07-10,material,102,days_of_cover,21.65
2025-07-10,material,102,open_po_flag,1.0
2025-07-10,material,102,reorder_triggered,1.0
2025-07-10,material,103,stock,142.0
2025-07-10,material,103,days_of_cover,41.85
2025-07-10,material,103,open_po_flag,0.0
2025-07-10,material,103,reorder_triggered,0.0
2025-07-10,product,201,fg_stock,214.0
2025-07-10,product,201,planned_production,30.0
2025-07-10,product,201,actual_production,30.0
2025-07-10,product,201,production_shortfall,0.0
2025-07-10,product,201,demand_units,0.0
2025-07-10,product,201,due_backlog_units,0.0
2025-07-10,product,201,newly_backordered_units,0.0
2025-07-10,product,201,backorder_flag,0.0
2025-07-10,product,202,fg_stock,185.0
2025-07-10,product,202,planned_production,20.0
2025-07-10,product,202,actual_production,20.0
2025-07-10,product,202,production_shortfall,0.0
2025-07-10,product,202,demand_units,0.0
2025-07-10,product,202,due_backlog_units,0.0
2025-07-10,product,202,newly_backordered_units,0.0
2025-07-10,product,202,backorder_flag,0.0
2025-07-11,calendar,global,weekday,4.0
2025-07-11,calendar,global,month,7.0
2025-07-11,calendar,global,is_weekend,0.0
2025-07-11,supplier,1,po_delay_days,0.0
2025-07-11,supplier,1,receipt_fill_rate,1.0
2025-07-11,supplier,1,receipt_event_flag,0.0
2025-07-11,supplier,2,po_delay_days,0.0
2025-07-11,supplier,2,receipt_fill_rate,1.0
2025-07-11,supplier,2,receipt_event_flag,0.0
2025-07-11,supplier,3,po_delay_days,0.0
2025-07-11,supplier,3,receipt_fill_rate,1.0
2025-07-11,supplier,3,receipt_event_flag,0.0
2025-07-11,supplier,4,po_delay_days,0.0
2025-07-11,supplier,4,receipt_fill_rate,1.0
2025-07-11,supplier,4,receipt_event_flag,0.0
2025-07-11,supplier,5,po_delay_days,0.0
2025-07-11,supplier,5,receipt_fill_rate,1.0
2025-07-11,supplier,5,receipt_event_flag,0.0
2025-07-11,material,101,stock,210.0
2025-07-11,material,101,days_of_cover,11.88
2025-07-11,material,101,open_po_flag,0.0
2025-07-11,material,101,reorder_triggered,0.0
2025-07-11,material,102,stock,116.0
2025-07-11,material,102,days_of_cover,21.65
2025-07-11,material,102,open_po_flag,1.0
2025-07-11,material,102,reorder_triggered,0.0
2025-07-11,material,103,stock,142.0
2025-07-11,material,103,days_of_cover,41.85
2025-07-11,material,103,open_po_flag,0.0
2025-07-11,material,103,reorder_triggered,0.0
2025-07-11,product,201,fg_stock,214.0
2025-07-11,product,201,planned_production,0.0
2025-07-11,product,201,actual_production,0.0
2025-07-11,product,201,production_shortfall,0.0
2025-07-11,product,201,demand_units,13.0
2025-07-11,product,201,due_backlog_units,0.0
2025-07-11,product,201,newly_backordered_units,0.0
2025-07-11,product,201,backorder_flag,0.0
2025-07-11,product,202,fg_stock,185.0
2025-07-11,product,202,planned_production,0.0
2025-07-11,product,202,actual_production,0.0
2025-07-11,product,202,production_shortfall,0.0
2025-07-11,product,202,demand_units,0.0
2025-07-11,product,202,due_backlog_units,0.0
2025-07-11,product,202,newly_backordered_units,0.0
2025-07-11,product,202,backorder_flag,0.0
2025-07-12,calendar,global,weekday,5.0
2025-07-12,calendar,global,month,7.0
2025-07-12,calendar,global,is_weekend,1.0
2025-07-12,supplier,1,po_delay_days,0.0
2025-07-12,supplier,1,receipt_fill_rate,1.0
2025-07-12,supplier,1,receipt_event_flag,0.0
2025-07-12,supplier,2,po_delay_days,0.0
2025-07-12,supplier,2,receipt_fill_rate,1.0
2025-07-12,supplier,2,receipt_event_flag,0.0
2025-07-12,supplier,3,po_delay_days,0.0
2025-07-12,supplier,3,receipt_fill_rate,1.0
2025-07-12,supplier,3,receipt_event_flag,0.0
2025-07-12,supplier,4,po_delay_days,0.0
2025-07-12,supplier,4,receipt_fill_rate,1.0
2025-07-12,supplier,4,receipt_event_flag,0.0
2025-07-12,supplier,5,po_delay_days,0.0
2025-07-12,supplier,5,receipt_fill_rate,1.0
2025-07-12,supplier,5,receipt_event_flag,0.0
2025-07-12,material,101,stock,210.0
2025-07-12,material,101,days_of_cover,11.88
2025-07-12,material,101,open_po_flag,0.0
2025-07-12,material,101,reorder_triggered,0.0
2025-07-12,material,102,stock,116.0
2025-07-12,material,102,days_of_cover,21.65
2025-07-12,material,102,open_po_flag,1.0
2025-07-12,material,102,reorder_triggered,0.0
2025-07-12,material,103,stock,142.0
2025-07-12,material,103,days_of_cover,41.85
2025-07-12,material,103,open_po_flag,0.0
2025-07-12,material,103,reorder_triggered,0.0
2025-07-12,product,201,fg_stock,214.0
2025-07-12,product,201,planned_production,0.0
2025-07-12,product,201,actual_production,0.0
2025-07-12,product,201,production_shortfall,0.0
2025-07-12,product,201,demand_units,0.0
2025-07-12,product,201,due_backlog_units,0.0
2025-07-12,product,201,newly_backordered_units,0.0
2025-07-12,product,201,backorder_flag,0.0
2025-07-12,product,202,fg_stock,185.0
2025-07-12,product,202,planned_production,0.0
2025-07-12,product,202,actual_production,0.0
2025-07-12,product,202,production_shortfall,0.0
2025-07-12,product,202,demand_units,0.0
2025-07-12,product,202,due_backlog_units,0.0
2025-07-12,product,202,newly_backordered_units,0.0
2025-07-12,product,202,backorder_flag,0.0
2025-07-13,calendar,global,weekday,6.0
2025-07-13,calendar,global,month,7.0
2025-07-13,calendar,global,is_weekend,1.0
2025-07-13,supplier,1,po_delay_days,0.0
2025-07-13,supplier,1,receipt_fill_rate,1.0
2025-07-13,supplier,1,receipt_event_flag,0.0
2025-07-13,supplier,2,po_delay_days,0.0
2025-07-13,supplier,2,receipt_fill_rate,1.0
2025-07-13,supplier,2,receipt_event_flag,0.0
2025-07-13,supplier,3,po_delay_days,0.0
2025-07-13,supplier,3,receipt_fill_rate,1.0
2025-07-13,supplier,3,receipt_event_flag,0.0
2025-07-13,supplier,4,po_delay_days,0.0
2025-07-13,supplier,4,receipt_fill_rate,1.0
2025-07-13,supplier,4,receipt_event_flag,0.0
2025-07-13,supplier,5,po_delay_days,0.0
2025-07-13,supplier,5,receipt_fill_rate,1.0
2025-07-13,supplier,5,receipt_event_flag,0.0
2025-07-13,material,101,stock,210.0
2025-07-13,material,101,days_of_cover,11.88
2025-07-13,material,101,open_po_flag,0.0
2025-07-13,material,101,reorder_triggered,0.0
2025-07-13,material,102,stock,116.0
2025-07-13,material,102,days_of_cover,21.65
2025-07-13,material,102,open_po_flag,1.0
2025-07-13,material,102,reorder_triggered,0.0
2025-07-13,material,103,stock,142.0
2025-07-13,material,103,days_of_cover,41.85
2025-07-13,material,103,open_po_flag,0.0
2025-07-13,material,103,reorder_triggered,0.0
2025-07-13,product,201,fg_stock,214.0
2025-07-13,product,201,planned_production,0.0
2025-07-13,product,201,actual_production,0.0
2025-07-13,product,201,production_shortfall,0.0
2025-07-13,product,201,demand_units,0.0
2025-07-13,product,201,due_backlog_units,0.0
2025-07-13,product,201,newly_backordered_units,0.0
2025-07-13,product,201,backorder_flag,0.0
2025-07-13,product,202,fg_stock,173.0
2025-07-13,product,202,planned_production,0.0
2025-07-13,product,202,actual_production,0.0
2025-07-13,product,202,production_shortfall,0.0
2025-07-13,product,202,demand_units,0.0
2025-07-13,product,202,due_backlog_units,0.0
2025-07-13,product,202,newly_backordered_units,0.0
2025-07-13,product,202,backorder_flag,0.0
2025-07-14,calendar,global,weekday,0.0
2025-07-14,calendar,global,month,7.0
2025-07-14,calendar,global,is_weekend,0.0
2025-07-14,supplier,1,po_delay_days,0.0
2025-07-14,supplier,1,receipt_fill_rate,1.0
2025-07-14,supplier,1,receipt_event_flag,0.0
2025-07-14,supplier,2,po_delay_days,0.0
2025-07-14,supplier,2,receipt_fill_rate,1.0
2025-07-14,supplier,2,receipt_event_flag,0.0
2025-07-14,supplier,3,po_delay_days,0.0
2025-07-14,supplier,3,receipt_fill_rate,1.0
2025-07-14,supplier,3,receipt_event_flag,0.0
2025-07-14,supplier,4,po_delay_days,0.0
2025-07-14,supplier,4,receipt_fill_rate,1.0
2025-07-14,supplier,4,receipt_event_flag,0.0
2025-07-14,supplier,5,po_delay_days,0.0
2025-07-14,supplier,5,receipt_fill_rate,1.0
2025-07-14,supplier,5,receipt_event_flag,0.0
2025-07-14,material,101,stock,210.0
2025-07-14,material,101,days_of_cover,11.88
2025-07-14,material,101,open_po_flag,0.0
2025-07-14,material,101,reorder_triggered,0.0
2025-07-14,material,102,stock,116.0
2025-07-14,material,102,days_of_cover,21.65
2025-07-14,material,102,open_po_flag,1.0
2025-07-14,material,102,reorder_triggered,0.0
2025-07-14,material,103,stock,142.0
2025-07-14,material,103,days_of_cover,41.85
2025-07-14,material,103,open_po_flag,0.0
2025-07-14,material,103,reorder_triggered,0.0
2025-07-14,product,201,fg_stock,214.0
2025-07-14,product,201,planned_production,0.0
2025-07-14,product,201,actual_production,0.0
2025-07-14,product,201,production_shortfall,0.0
2025-07-14,product,201,demand_units,0.0
2025-07-14,product,201,due_backlog_units,0.0
2025-07-14,product,201,newly_backordered_units,0.0
2025-07-14,product,201,backorder_flag,0.0
2025-07-14,product,202,fg_stock,173.0
2025-07-14,product,202,planned_production,0.0
2025-07-14,product,202,actual_production,0.0
2025-07-14,product,202,production_shortfall,0.0
2025-07-14,product,202,demand_units,0.0
2025-07-14,product,202,due_backlog_units,0.0
2025-07-14,product,202,newly_backordered_units,0.0
2025-07-14,product,202,backorder_flag,0.0
2025-07-15,calendar,global,weekday,1.0
2025-07-15,calendar,global,month,7.0
2025-07-15,calendar,global,is_weekend,0.0
2025-07-15,supplier,1,po_delay_days,0.0
2025-07-15,supplier,1,receipt_fill_rate,1.0
2025-07-15,supplier,1,receipt_event_flag,0.0
2025-07-15,supplier,2,po_delay_days,0.0
2025-07-15,supplier,2,receipt_fill_rate,1.0
2025-07-15,supplier,2,receipt_event_flag,0.0
2025-07-15,supplier,3,po_delay_days,0.0
2025-07-15,supplier,3,receipt_fill_rate,1.0
2025-07-15,supplier,3,receipt_event_flag,0.0
2025-07-15,supplier,4,po_delay_days,0.0
2025-07-15,supplier,4,receipt_fill_rate,1.0
2025-07-15,supplier,4,receipt_event_flag,0.0
2025-07-15,supplier,5,po_delay_days,0.0
2025-07-15,supplier,5,receipt_fill_rate,1.0
2025-07-15,supplier,5,receipt_event_flag,0.0
2025-07-15,material,101,stock,210.0
2025-07-15,material,101,days_of_cover,14.85
2025-07-15,material,101,open_po_flag,0.0
2025-07-15,material,101,reorder_triggered,0.0
2025-07-15,material,102,stock,116.0
2025-07-15,material,102,days_of_cover,27.07
2025-07-15,material,102,open_po_flag,1.0
2025-07-15,material,102,reorder_triggered,0.0
2025-07-15,material,103,stock,142.0
2025-07-15,material,103,days_of_cover,52.32
2025-07-15,material,103,open_po_flag,0.0
2025-07-15,material,103,reorder_triggered,0.0
2025-07-15,product,201,fg_stock,214.0
2025-07-15,product,201,planned_production,0.0
2025-07-15,product,201,actual_production,0.0
2025-07-15,product,201,production_shortfall,0.0
2025-07-15,product,201,demand_units,18.0
2025-07-15,product,201,due_backlog_units,0.0
2025-07-15,product,201,newly_backordered_units,0.0
2025-07-15,product,201,backorder_flag,0.0
2025-07-15,product,202,fg_stock,173.0
2025-07-15,product,202,planned_production,0.0
2025-07-15,product,202,actual_production,0.0
2025-07-15,product,202,production_shortfall,0.0
2025-07-15,product,202,demand_units,16.0
2025-07-15,product,202,due_backlog_units,0.0
2025-07-15,product,202,newly_backordered_units,0.0
2025-07-15,product,202,backorder_flag,0.0
2025-07-16,calendar,global,weekday,2.0
2025-07-16,calendar,global,month,7.0
2025-07-16,calendar,global,is_weekend,0.0
2025-07-16,supplier,1,po_delay_days,0.0
2025-07-16,supplier,1,receipt_fill_rate,1.0
2025-07-16,supplier,1,receipt_event_flag,0.0
2025-07-16,supplier,2,po_delay_days,0.0
2025-07-16,supplier,2,receipt_fill_rate,1.0
2025-07-16,supplier,2,receipt_event_flag,0.0
2025-07-16,supplier,3,po_delay_days,0.0
2025-07-16,supplier,3,receipt_fill_rate,1.0
2025-07-16,supplier,3,receipt_event_flag,0.0
2025-07-16,supplier,4,po_delay_days,0.0
2025-07-16,supplier,4,receipt_fill_rate,1.0
2025-07-16,supplier,4,receipt_event_flag,0.0
2025-07-16,supplier,5,po_delay_days,0.0
2025-07-16,supplier,5,receipt_fill_rate,1.0
2025-07-16,supplier,5,receipt_event_flag,0.0
2025-07-16,material,101,stock,210.0
2025-07-16,material,101,days_of_cover,14.85
2025-07-16,material,101,open_po_flag,0.0
2025-07-16,material,101,reorder_triggered,0.0
2025-07-16,material,102,stock,116.0
2025-07-16,material,102,days_of_cover,27.07
2025-07-16,material,102,open_po_flag,1.0
2025-07-16,material,102,reorder_triggered,0.0
2025-07-16,material,103,stock,142.0
2025-07-16,material,103,days_of_cover,52.32
2025-07-16,material,103,open_po_flag,0.0
2025-07-16,material,103,reorder_triggered,0.0
2025-07-16,product,201,fg_stock,214.0
2025-07-16,product,201,planned_production,0.0
2025-07-16,product,201,actual_production,0.0
2025-07-16,product,201,production_shortfall,0.0
2025-07-16,product,201,demand_units,0.0
2025-07-16,product,201,due_backlog_units,0.0
2025-07-16,product,201,newly_backordered_units,0.0
2025-07-16,product,201,backorder_flag,0.0
2025-07-16,product,202,fg_stock,173.0
2025-07-16,product,202,planned_production,0.0
2025-07-16,product,202,actual_production,0.0
2025-07-16,product,202,production_shortfall,0.0
2025-07-16,product,202,demand_units,0.0
2025-07-16,product,202,due_backlog_units,0.0
2025-07-16,product,202,newly_backordered_units,0.0
2025-07-16,product,202,backorder_flag,0.0
2025-07-17,calendar,global,weekday,3.0
2025-07-17,calendar,global,month,7.0
2025-07-17,calendar,global,is_weekend,0.0
2025-07-17,supplier,1,po_delay_days,0.0
2025-07-17,supplier,1,receipt_fill_rate,1.0
2025-07-17,supplier,1,receipt_event_flag,0.0
2025-07-17,supplier,2,po_delay_days,0.0
2025-07-17,supplier,2,receipt_fill_rate,1.0
2025-07-17,supplier,2,receipt_event_flag,0.0
2025-07-17,supplier,3,po_delay_days,0.0
2025-07-17,supplier,3,receipt_fill_rate,1.0
2025-07-17,supplier,3,receipt_event_flag,0.0
2025-07-17,supplier,4,po_delay_days,0.0
2025-07-17,supplier,4,receipt_fill_rate,1.0
2025-07-17,supplier,4,receipt_event_flag,0.0
2025-07-17,supplier,5,po_delay_days,0.0
2025-07-17,supplier,5,receipt_fill_rate,1.0
2025-07-17,supplier,5,receipt_event_flag,0.0
2025-07-17,material,101,stock,210.0
2025-07-17,material,101,days_of_cover,14.85
2025-07-17,material,101,open_po_flag,0.0
2025-07-17,material,101,reorder_triggered,0.0
2025-07-17,material,102,stock,116.0
2025-07-17,material,102,days_of_cover,27.07
2025-07-17,material,102,open_po_flag,1.0
2025-07-17,material,102,reorder_triggered,0.0
2025-07-17,material,103,stock,142.0
2025-07-17,material,103,days_of_cover,52.32
2025-07-17,material,103,open_po_flag,0.0
2025-07-17,material,103,reorder_triggered,0.0
2025-07-17,product,201,fg_stock,214.0
2025-07-17,product,201,planned_production,0.0
2025-07-17,product,201,actual_production,0.0
2025-07-17,product,201,production_shortfall,0.0
2025-07-17,product,201,demand_units,0.0
2025-07-17,product,201,due_backlog_units,0.0
2025-07-17,product,201,newly_backordered_units,0.0
2025-07-17,product,201,backorder_flag,0.0
2025-07-17,product,202,fg_stock,173.0
2025-07-17,product,202,planned_production,0.0
2025-07-17,product,202,actual_production,0.0
2025-07-17,product,202,production_shortfall,0.0
2025-07-17,product,202,demand_units,0.0
2025-07-17,product,202,due_backlog_units,0.0
2025-07-17,product,202,newly_backordered_units,0.0
2025-07-17,product,202,backorder_flag,0.0
2025-07-18,calendar,global,weekday,4.0
2025-07-18,calendar,global,month,7.0
2025-07-18,calendar,global,is_weekend,0.0
2025-07-18,supplier,1,po_delay_days,0.0
2025-07-18,supplier,1,receipt_fill_rate,1.0
2025-07-18,supplier,1,receipt_event_flag,0.0
2025-07-18,supplier,2,po_delay_days,0.0
2025-07-18,supplier,2,receipt_fill_rate,1.0
2025-07-18,supplier,2,receipt_event_flag,0.0
2025-07-18,supplier,3,po_delay_days,0.0
2025-07-18,supplier,3,receipt_fill_rate,1.0
2025-07-18,supplier,3,receipt_event_flag,0.0
2025-07-18,supplier,4,po_delay_days,0.0
2025-07-18,supplier,4,receipt_fill_rate,1.0
2025-07-18,supplier,4,receipt_event_flag,0.0
2025-07-18,supplier,5,po_delay_days,0.0
2025-07-18,supplier,5,receipt_fill_rate,1.0
2025-07-18,supplier,5,receipt_event_flag,0.0
2025-07-18,material,101,stock,111.0
2025-07-18,material,101,days_of_cover,7.85
2025-07-18,material,101,open_po_flag,1.0
2025-07-18,material,101,reorder_triggered,1.0
2025-07-18,material,102,stock,86.0
2025-07-18,material,102,days_of_cover,20.07
2025-07-18,material,102,open_po_flag,1.0
2025-07-18,material,102,reorder_triggered,0.0
2025-07-18,material,103,stock,123.0
2025-07-18,material,103,days_of_cover,45.32
2025-07-18,material,103,open_po_flag,0.0
2025-07-18,material,103,reorder_triggered,0.0
2025-07-18,product,201,fg_stock,244.0
2025-07-18,product,201,planned_production,30.0
2025-07-18,product,201,actual_production,30.0
2025-07-18,product,201,production_shortfall,0.0
2025-07-18,product,201,demand_units,19.0
2025-07-18,product,201,due_backlog_units,0.0
2025-07-18,product,201,newly_backordered_units,0.0
2025-07-18,product,201,backorder_flag,0.0
2025-07-18,product,202,fg_stock,184.0
2025-07-18,product,202,planned_production,20.0
2025-07-18,product,202,actual_production,20.0
2025-07-18,product,202,production_shortfall,0.0
2025-07-18,product,202,demand_units,7.0
2025-07-18,product,202,due_backlog_units,0.0
2025-07-18,product,202,newly_backordered_units,0.0
2025-07-18,product,202,backorder_flag,0.0
2025-07-19,calendar,global,weekday,5.0
2025-07-19,calendar,global,month,7.0
2025-07-19,calendar,global,is_weekend,1.0
2025-07-19,supplier,1,po_delay_days,0.0
2025-07-19,supplier,1,receipt_fill_rate,1.0
2025-07-19,supplier,1,receipt_event_flag,0.0
2025-07-19,supplier,2,po_delay_days,0.0
2025-07-19,supplier,2,receipt_fill_rate,1.0
2025-07-19,supplier,2,receipt_event_flag,0.0
2025-07-19,supplier,3,po_delay_days,0.0
2025-07-19,supplier,3,receipt_fill_rate,1.0
2025-07-19,supplier,3,receipt_event_flag,0.0
2025-07-19,supplier,4,po_delay_days,0.0
2025-07-19,supplier,4,receipt_fill_rate,1.0
2025-07-19,supplier,4,receipt_event_flag,0.0
2025-07-19,supplier,5,po_delay_days,0.0
2025-07-19,supplier,5,receipt_fill_rate,1.0
2025-07-19,supplier,5,receipt_event_flag,0.0
2025-07-19,material,101,stock,111.0
2025-07-19,material,101,days_of_cover,7.85
2025-07-19,material,101,open_po_flag,1.0
2025-07-19,material,101,reorder_triggered,0.0
2025-07-19,material,102,stock,86.0
2025-07-19,material,102,days_of_cover,20.07
2025-07-19,material,102,open_po_flag,1.0
2025-07-19,material,102,reorder_triggered,0.0
2025-07-19,material,103,stock,123.0
2025-07-19,material,103,days_of_cover,45.32
2025-07-19,material,103,open_po_flag,0.0
2025-07-19,material,103,reorder_triggered,0.0
2025-07-19,product,201,fg_stock,226.0
2025-07-19,product,201,planned_production,0.0
2025-07-19,product,201,actual_production,0.0
2025-07-19,product,201,production_shortfall,0.0
2025-07-19,product,201,demand_units,0.0
2025-07-19,product,201,due_backlog_units,0.0
2025-07-19,product,201,newly_backordered_units,0.0
2025-07-19,product,201,backorder_flag,0.0
2025-07-19,product,202,fg_stock,184.0
2025-07-19,product,202,planned_production,0.0
2025-07-19,product,202,actual_production,0.0
2025-07-19,product,202,production_shortfall,0.0
2025-07-19,product,202,demand_units,0.0
2025-07-19,product,202,due_backlog_units,0.0
2025-07-19,product,202,newly_backordered_units,0.0
2025-07-19,product,202,backorder_flag,0.0
2025-07-20,calendar,global,weekday,6.0
2025-07-20,calendar,global,month,7.0
2025-07-20,calendar,global,is_weekend,1.0
2025-07-20,supplier,1,po_delay_days,0.0
2025-07-20,supplier,1,receipt_fill_rate,1.0
2025-07-20,supplier,1,receipt_event_flag,0.0
2025-07-20,supplier,2,po_delay_days,0.0
2025-07-20,supplier,2,receipt_fill_rate,1.0
2025-07-20,supplier,2,receipt_event_flag,0.0
2025-07-20,supplier,3,po_delay_days,0.0
2025-07-20,supplier,3,receipt_fill_rate,1.0
2025-07-20,supplier,3,receipt_event_flag,0.0
2025-07-20,supplier,4,po_delay_days,0.0
2025-07-20,supplier,4,receipt_fill_rate,1.0
2025-07-20,supplier,4,receipt_event_flag,0.0
2025-07-20,supplier,5,po_delay_days,0.0
2025-07-20,supplier,5,receipt_fill_rate,1.0
2025-07-20,supplier,5,receipt_event_flag,0.0
2025-07-20,material,101,stock,111.0
2025-07-20,material,101,days_of_cover,7.85
2025-07-20,material,101,open_po_flag,1.0
2025-07-20,material,101,reorder_triggered,0.0
2025-07-20,material,102,stock,86.0
2025-07-20,material,102,days_of_cover,20.07
2025-07-20,material,102,open_po_flag,1.0
2025-07-20,material,102,reorder_triggered,0.0
2025-07-20,material,103,stock,123.0
2025-07-20,material,103,days_of_cover,45.32
2025-07-20,material,103,open_po_flag,0.0
2025-07-20,material,103,reorder_triggered,0.0
2025-07-20,product,201,fg_stock,213.0
2025-07-20,product,201,planned_production,0.0
2025-07-20,product,201,actual_production,0.0
2025-07-20,product,201,production_shortfall,0.0
2025-07-20,product,201,demand_units,0.0
2025-07-20,product,201,due_backlog_units,0.0
2025-07-20,product,201,newly_backordered_units,0.0
2025-07-20,product,201,backorder_flag,0.0
2025-07-20,product,202,fg_stock,184.0
2025-07-20,product,202,planned_production,0.0
2025-07-20,product,202,actual_production,0.0
2025-07-20,product,202,production_shortfall,0.0
2025-07-20,product,202,demand_units,0.0
2025-07-20,product,202,due_backlog_units,0.0
2025-07-20,product,202,newly_backordered_units,0.0
2025-07-20,product,202,backorder_flag,0.0
2025-07-21,calendar,global,weekday,0.0
2025-07-21,calendar,global,month,7.0
2025-07-21,calendar,global,is_weekend,0.0
2025-07-21,supplier,1,po_delay_days,0.0
2025-07-21,supplier,1,receipt_fill_rate,1.0
2025-07-21,supplier,1,receipt_event_flag,0.0
2025-07-21,supplier,2,po_delay_days,0.0
2025-07-21,supplier,2,receipt_fill_rate,1.0
2025-07-21,supplier,2,receipt_event_flag,0.0
2025-07-21,supplier,3,po_delay_days,0.0
2025-07-21,supplier,3,receipt_fill_rate,1.0
2025-07-21,supplier,3,receipt_event_flag,0.0
2025-07-21,supplier,4,po_delay_days,0.0
2025-07-21,supplier,4,receipt_fill_rate,1.0
2025-07-21,supplier,4,receipt_event_flag,0.0
2025-07-21,supplier,5,po_delay_days,0.0
2025-07-21,supplier,5,receipt_fill_rate,1.0
2025-07-21,supplier,5,receipt_event_flag,0.0
2025-07-21,material,101,stock,24.0
2025-07-21,material,101,days_of_cover,1.36
2025-07-21,material,101,open_po_flag,1.0
2025-07-21,material,101,reorder_triggered,0.0
2025-07-21,material,102,stock,56.0
2025-07-21,material,102,days_of_cover,10.45
2025-07-21,material,102,open_po_flag,1.0
2025-07-21,material,102,reorder_triggered,0.0
2025-07-21,material,103,stock,109.0
2025-07-21,material,103,days_of_cover,32.13
2025-07-21,material,103,open_po_flag,0.0
2025-07-21,material,103,reorder_triggered,0.0
2025-07-21,product,201,fg_stock,243.0
2025-07-21,product,201,planned_production,30.0
2025-07-21,product,201,actual_production,30.0
2025-07-21,product,201,production_shortfall,0.0
2025-07-21,product,201,demand_units,6.0
2025-07-21,product,201,due_backlog_units,0.0
2025-07-21,product,201,newly_backordered_units,0.0
2025-07-21,product,201,backorder_flag,0.0
2025-07-21,product,202,fg_stock,194.0
2025-07-21,product,202,planned_production,20.0
2025-07-21,product,202,actual_production,10.0
2025-07-21,product,202,production_shortfall,10.0
2025-07-21,product,202,demand_units,7.0
2025-07-21,product,202,due_backlog_units,0.0
2025-07-21,product,202,newly_backordered_units,0.0
2025-07-21,product,202,backorder_flag,0.0
2025-07-22,calendar,global,weekday,1.0
2025-07-22,calendar,global,month,7.0
2025-07-22,calendar,global,is_weekend,0.0
2025-07-22,supplier,1,po_delay_days,0.0
2025-07-22,supplier,1,receipt_fill_rate,1.0
2025-07-22,supplier,1,receipt_event_flag,0.0
2025-07-22,supplier,2,po_delay_days,0.0
2025-07-22,supplier,2,receipt_fill_rate,1.0
2025-07-22,supplier,2,receipt_event_flag,0.0
2025-07-22,supplier,3,po_delay_days,0.0
2025-07-22,supplier,3,receipt_fill_rate,1.0
2025-07-22,supplier,3,receipt_event_flag,0.0
2025-07-22,supplier,4,po_delay_days,0.0
2025-07-22,supplier,4,receipt_fill_rate,1.0
2025-07-22,supplier,4,receipt_event_flag,0.0
2025-07-22,supplier,5,po_delay_days,0.0
2025-07-22,supplier,5,receipt_fill_rate,1.0
2025-07-22,supplier,5,receipt_event_flag,0.0
2025-07-22,material,101,stock,0.0
2025-07-22,material,101,days_of_cover,0.0
2025-07-22,material,101,open_po_flag,1.0
2025-07-22,material,101,reorder_triggered,0.0
2025-07-22,material,102,stock,56.0
2025-07-22,material,102,days_of_cover,8.71
2025-07-22,material,102,open_po_flag,1.0
2025-07-22,material,102,reorder_triggered,0.0
2025-07-22,material,103,stock,99.0
2025-07-22,material,103,days_of_cover,24.32
2025-07-22,material,103,open_po_flag,0.0
2025-07-22,material,103,reorder_triggered,0.0
2025-07-22,product,201,fg_stock,243.0
2025-07-22,product,201,planned_production,30.0
2025-07-22,product,201,actual_production,0.0
2025-07-22,product,201,production_shortfall,30.0
2025-07-22,product,201,demand_units,0.0
2025-07-22,product,201,due_backlog_units,0.0
2025-07-22,product,201,newly_backordered_units,0.0
2025-07-22,product,201,backorder_flag,0.0
2025-07-22,product,202,fg_stock,208.0
2025-07-22,product,202,planned_production,20.0
2025-07-22,product,202,actual_production,20.0
2025-07-22,product,202,production_shortfall,0.0
2025-07-22,product,202,demand_units,0.0
2025-07-22,product,202,due_backlog_units,0.0
2025-07-22,product,202,newly_backordered_units,0.0
2025-07-22,product,202,backorder_flag,0.0
2025-07-23,calendar,global,weekday,2.0
2025-07-23,calendar,global,month,7.0
2025-07-23,calendar,global,is_weekend,0.0
2025-07-23,supplier,1,po_delay_days,0.0
2025-07-23,supplier,1,receipt_fill_rate,1.0
2025-07-23,supplier,1,receipt_event_flag,0.0
2025-07-23,supplier,2,po_delay_days,0.0
2025-07-23,supplier,2,receipt_fill_rate,1.0
2025-07-23,supplier,2,receipt_event_flag,0.0
2025-07-23,supplier,3,po_delay_days,0.0
2025-07-23,supplier,3,receipt_fill_rate,1.0
2025-07-23,supplier,3,receipt_event_flag,1.0
2025-07-23,supplier,4,po_delay_days,0.0
2025-07-23,supplier,4,receipt_fill_rate,1.0
2025-07-23,supplier,4,receipt_event_flag,0.0
2025-07-23,supplier,5,po_delay_days,0.0
2025-07-23,supplier,5,receipt_fill_rate,1.0
2025-07-23,supplier,5,receipt_event_flag,0.0
2025-07-23,material,101,stock,0.0
2025-07-23,material,101,days_of_cover,0.0
2025-07-23,material,101,open_po_flag,1.0
2025-07-23,material,101,reorder_triggered,0.0
2025-07-23,material,102,stock,304.0
2025-07-23,material,102,days_of_cover,47.29
2025-07-23,material,102,open_po_flag,0.0
2025-07-23,material,102,reorder_triggered,0.0
2025-07-23,material,103,stock,99.0
2025-07-23,material,103,days_of_cover,24.32
2025-07-23,material,103,open_po_flag,0.0
2025-07-23,material,103,reorder_triggered,0.0
2025-07-23,product,201,fg_stock,243.0
2025-07-23,product,201,planned_production,0.0
2025-07-23,product,201,actual_production,0.0
2025-07-23,product,201,production_shortfall,0.0
2025-07-23,product,201,demand_units,0.0
2025-07-23,product,201,due_backlog_units,0.0
2025-07-23,product,201,newly_backordered_units,0.0
2025-07-23,product,201,backorder_flag,0.0
2025-07-23,product,202,fg_stock,208.0
2025-07-23,product,202,planned_production,0.0
2025-07-23,product,202,actual_production,0.0
2025-07-23,product,202,production_shortfall,0.0
2025-07-23,product,202,demand_units,0.0
2025-07-23,product,202,due_backlog_units,0.0
2025-07-23,product,202,newly_backordered_units,0.0
2025-07-23,product,202,backorder_flag,0.0
2025-07-24,calendar,global,weekday,3.0
2025-07-24,calendar,global,month,7.0
2025-07-24,calendar,global,is_weekend,0.0
2025-07-24,supplier,1,po_delay_days,0.0
2025-07-24,supplier,1,receipt_fill_rate,1.0
2025-07-24,supplier,1,receipt_event_flag,0.0
2025-07-24,supplier,2,po_delay_days,0.0
2025-07-24,supplier,2,receipt_fill_rate,1.0
2025-07-24,supplier,2,receipt_event_flag,0.0
2025-07-24,supplier,3,po_delay_days,0.0
2025-07-24,supplier,3,receipt_fill_rate,1.0
2025-07-24,supplier,3,receipt_event_flag,0.0
2025-07-24,supplier,4,po_delay_days,0.0
2025-07-24,supplier,4,receipt_fill_rate,1.0
2025-07-24,supplier,4,receipt_event_flag,0.0
2025-07-24,supplier,5,po_delay_days,0.0
2025-07-24,supplier,5,receipt_fill_rate,1.0
2025-07-24,supplier,5,receipt_event_flag,0.0
2025-07-24,material,101,stock,0.0
2025-07-24,material,101,days_of_cover,0.0
2025-07-24,material,101,open_po_flag,1.0
2025-07-24,material,101,reorder_triggered,0.0
2025-07-24,material,102,stock,304.0
2025-07-24,material,102,days_of_cover,47.29
2025-07-24,material,102,open_po_flag,0.0
2025-07-24,material,102,reorder_triggered,0.0
2025-07-24,material,103,stock,99.0
2025-07-24,material,103,days_of_cover,24.32
2025-07-24,material,103,open_po_flag,0.0
2025-07-24,material,103,reorder_triggered,0.0
2025-07-24,product,201,fg_stock,243.0
2025-07-24,product,201,planned_production,0.0
2025-07-24,product,201,actual_production,0.0
2025-07-24,product,201,production_shortfall,0.0
2025-07-24,product,201,demand_units,0.0
2025-07-24,product,201,due_backlog_units,0.0
2025-07-24,product,201,newly_backordered_units,0.0
2025-07-24,product,201,backorder_flag,0.0
2025-07-24,product,202,fg_stock,208.0
2025-07-24,product,202,planned_production,0.0
2025-07-24,product,202,actual_production,0.0
2025-07-24,product,202,production_shortfall,0.0
2025-07-24,product,202,demand_units,0.0
2025-07-24,product,202,due_backlog_units,0.0
2025-07-24,product,202,newly_backordered_units,0.0
2025-07-24,product,202,backorder_flag,0.0
2025-07-25,calendar,global,weekday,4.0
2025-07-25,calendar,global,month,7.0
2025-07-25,calendar,global,is_weekend,0.0
2025-07-25,supplier,1,po_delay_days,0.0
2025-07-25,supplier,1,receipt_fill_rate,1.0
2025-07-25,supplier,1,receipt_event_flag,0.0
2025-07-25,supplier,2,po_delay_days,0.0
2025-07-25,supplier,2,receipt_fill_rate,1.0
2025-07-25,supplier,2,receipt_event_flag,0.0
2025-07-25,supplier,3,po_delay_days,0.0
2025-07-25,supplier,3,receipt_fill_rate,1.0
2025-07-25,supplier,3,receipt_event_flag,0.0
2025-07-25,supplier,4,po_delay_days,0.0
2025-07-25,supplier,4,receipt_fill_rate,1.0
2025-07-25,supplier,4,receipt_event_flag,0.0
2025-07-25,supplier,5,po_delay_days,0.0
2025-07-25,supplier,5,receipt_fill_rate,1.0
2025-07-25,supplier,5,receipt_event_flag,0.0
2025-07-25,material,101,stock,0.0
2025-07-25,material,101,days_of_cover,0.0
2025-07-25,material,101,open_po_flag,1.0
2025-07-25,material,101,reorder_triggered,0.0
2025-07-25,material,102,stock,304.0
2025-07-25,material,102,days_of_cover,47.29
2025-07-25,material,102,open_po_flag,0.0
2025-07-25,material,102,reorder_triggered,0.0
2025-07-25,material,103,stock,99.0
2025-07-25,material,103,days_of_cover,24.32
2025-07-25,material,103,open_po_flag,0.0
2025-07-25,material,103,reorder_triggered,0.0
2025-07-25,product,201,fg_stock,224.0
2025-07-25,product,201,planned_production,0.0
2025-07-25,product,201,actual_production,0.0
2025-07-25,product,201,production_shortfall,0.0
2025-07-25,product,201,demand_units,0.0
2025-07-25,product,201,due_backlog_units,0.0
2025-07-25,product,201,newly_backordered_units,0.0
2025-07-25,product,201,backorder_flag,0.0
2025-07-25,product,202,fg_stock,198.0
2025-07-25,product,202,planned_production,0.0
2025-07-25,product,202,actual_production,0.0
2025-07-25,product,202,production_shortfall,0.0
2025-07-25,product,202,demand_units,0.0
2025-07-25,product,202,due_backlog_units,0.0
2025-07-25,product,202,newly_backordered_units,0.0
2025-07-25,product,202,backorder_flag,0.0
2025-07-26,calendar,global,weekday,5.0
2025-07-26,calendar,global,month,7.0
2025-07-26,calendar,global,is_weekend,1.0
2025-07-26,supplier,1,po_delay_days,0.0
2025-07-26,supplier,1,receipt_fill_rate,1.0
2025-07-26,supplier,1,receipt_event_flag,0.0
2025-07-26,supplier,2,po_delay_days,0.0
2025-07-26,supplier,2,receipt_fill_rate,1.0
2025-07-26,supplier,2,receipt_event_flag,0.0
2025-07-26,supplier,3,po_delay_days,0.0
2025-07-26,supplier,3,receipt_fill_rate,1.0
2025-07-26,supplier,3,receipt_event_flag,0.0
2025-07-26,supplier,4,po_delay_days,0.0
2025-07-26,supplier,4,receipt_fill_rate,1.0
2025-07-26,supplier,4,receipt_event_flag,1.0
2025-07-26,supplier,5,po_delay_days,0.0
2025-07-26,supplier,5,receipt_fill_rate,1.0
2025-07-26,supplier,5,receipt_event_flag,0.0
2025-07-26,material,101,stock,343.0
2025-07-26,material,101,days_of_cover,16.17
2025-07-26,material,101,open_po_flag,0.0
2025-07-26,material,101,reorder_triggered,0.0
2025-07-26,material,102,stock,304.0
2025-07-26,material,102,days_of_cover,47.29
2025-07-26,material,102,open_po_flag,0.0
2025-07-26,material,102,reorder_triggered,0.0
2025-07-26,material,103,stock,99.0
2025-07-26,material,103,days_of_cover,24.32
2025-07-26,material,103,open_po_flag,0.0
2025-07-26,material,103,reorder_triggered,0.0
2025-07-26,product,201,fg_stock,218.0
2025-07-26,product,201,planned_production,0.0
2025-07-26,product,201,actual_production,0.0
2025-07-26,product,201,production_shortfall,0.0
2025-07-26,product,201,demand_units,0.0
2025-07-26,product,201,due_backlog_units,0.0
2025-07-26,product,201,newly_backordered_units,0.0
2025-07-26,product,201,backorder_flag,0.0
2025-07-26,product,202,fg_stock,191.0
2025-07-26,product,202,planned_production,0.0
2025-07-26,product,202,actual_production,0.0
2025-07-26,product,202,production_shortfall,0.0
2025-07-26,product,202,demand_units,0.0
2025-07-26,product,202,due_backlog_units,0.0
2025-07-26,product,202,newly_backordered_units,0.0
2025-07-26,product,202,backorder_flag,0.0
2025-07-27,calendar,global,weekday,6.0
2025-07-27,calendar,global,month,7.0
2025-07-27,calendar,global,is_weekend,1.0
2025-07-27,supplier,1,po_delay_days,0.0
2025-07-27,supplier,1,receipt_fill_rate,1.0
2025-07-27,supplier,1,receipt_event_flag,0.0
2025-07-27,supplier,2,po_delay_days,0.0
2025-07-27,supplier,2,receipt_fill_rate,1.0
2025-07-27,supplier,2,receipt_event_flag,0.0
2025-07-27,supplier,3,po_delay_days,0.0
2025-07-27,supplier,3,receipt_fill_rate,1.0
2025-07-27,supplier,3,receipt_event_flag,0.0
2025-07-27,supplier,4,po_delay_days,0.0
2025-07-27,supplier,4,receipt_fill_rate,1.0
2025-07-27,supplier,4,receipt_event_flag,0.0
2025-07-27,supplier,5,po_delay_days,0.0
2025-07-27,supplier,5,receipt_fill_rate,1.0
2025-07-27,supplier,5,receipt_event_flag,0.0
2025-07-27,material,101,stock,343.0
2025-07-27,material,101,days_of_cover,16.17
2025-07-27,material,101,open_po_flag,0.0
2025-07-27,material,101,reorder_triggered,0.0
2025-07-27,material,102,stock,304.0
2025-07-27,material,102,days_of_cover,47.29
2025-07-27,material,102,open_po_flag,0.0
2025-07-27,material,102,reorder_triggered,0.0
2025-07-27,material,103,stock,99.0
2025-07-27,material,103,days_of_cover,24.32
2025-07-27,material,103,open_po_flag,0.0
2025-07-27,material,103,reorder_triggered,0.0
2025-07-27,product,201,fg_stock,218.0
2025-07-27,product,201,planned_production,0.0
2025-07-27,product,201,actual_production,0.0
2025-07-27,product,201,production_shortfall,0.0
2025-07-27,product,201,demand_units,0.0
2025-07-27,product,201,due_backlog_units,0.0
2025-07-27,product,201,newly_backordered_units,0.0
2025-07-27,product,201,backorder_flag,0.0
2025-07-27,product,202,fg_stock,191.0
2025-07-27,product,202,planned_production,0.0
2025-07-27,product,202,actual_production,0.0
2025-07-27,product,202,production_shortfall,0.0
2025-07-27,product,202,demand_units,0.0
2025-07-27,product,202,due_backlog_units,0.0
2025-07-27,product,202,newly_backordered_units,0.0
2025-07-27,product,202,backorder_flag,0.0
2025-07-28,calendar,global,weekday,0.0
2025-07-28,calendar,global,month,7.0
2025-07-28,calendar,global,is_weekend,0.0
2025-07-28,supplier,1,po_delay_days,0.0
2025-07-28,supplier,1,receipt_fill_rate,1.0
2025-07-28,supplier,1,receipt_event_flag,0.0
2025-07-28,supplier,2,po_delay_days,0.0
2025-07-28,supplier,2,receipt_fill_rate,1.0
2025-07-28,supplier,2,receipt_event_flag,0.0
2025-07-28,supplier,3,po_delay_days,0.0
2025-07-28,supplier,3,receipt_fill_rate,1.0
2025-07-28,supplier,3,receipt_event_flag,0.0
2025-07-28,supplier,4,po_delay_days,0.0
2025-07-28,supplier,4,receipt_fill_rate,1.0
2025-07-28,supplier,4,receipt_event_flag,0.0
2025-07-28,supplier,5,po_delay_days,0.0
2025-07-28,supplier,5,receipt_fill_rate,1.0
2025-07-28,supplier,5,receipt_event_flag,0.0
2025-07-28,material,101,stock,343.0
2025-07-28,material,101,days_of_cover,19.4
2025-07-28,material,101,open_po_flag,0.0
2025-07-28,material,101,reorder_triggered,0.0
2025-07-28,material,102,stock,304.0
2025-07-28,material,102,days_of_cover,56.75
2025-07-28,material,102,open_po_flag,0.0
2025-07-28,material,102,reorder_triggered,0.0
2025-07-28,material,103,stock,99.0
2025-07-28,material,103,days_of_cover,29.18
2025-07-28,material,103,open_po_flag,0.0
2025-07-28,material,103,reorder_triggered,0.0
2025-07-28,product,201,fg_stock,218.0
2025-07-28,product,201,planned_production,0.0
2025-07-28,product,201,actual_production,0.0
2025-07-28,product,201,production_shortfall,0.0
2025-07-28,product,201,demand_units,11.0
2025-07-28,product,201,due_backlog_units,0.0
2025-07-28,product,201,newly_backordered_units,0.0
2025-07-28,product,201,backorder_flag,0.0
2025-07-28,product,202,fg_stock,184.0
2025-07-28,product,202,planned_production,0.0
2025-07-28,product,202,actual_production,0.0
2025-07-28,product,202,production_shortfall,0.0
2025-07-28,product,202,demand_units,9.0
2025-07-28,product,202,due_backlog_units,0.0
2025-07-28,product,202,newly_backordered_units,0.0
2025-07-28,product,202,backorder_flag,0.0
2025-07-29,calendar,global,weekday,1.0
2025-07-29,calendar,global,month,7.0
2025-07-29,calendar,global,is_weekend,0.0
2025-07-29,supplier,1,po_delay_days,0.0
2025-07-29,supplier,1,receipt_fill_rate,1.0
2025-07-29,supplier,1,receipt_event_flag,0.0
2025-07-29,supplier,2,po_delay_days,0.0
2025-07-29,supplier,2,receipt_fill_rate,1.0
2025-07-29,supplier,2,receipt_event_flag,0.0
2025-07-29,supplier,3,po_delay_days,0.0
2025-07-29,supplier,3,receipt_fill_rate,1.0
2025-07-29,supplier,3,receipt_event_flag,0.0
2025-07-29,supplier,4,po_delay_days,0.0
2025-07-29,supplier,4,receipt_fill_rate,1.0
2025-07-29,supplier,4,receipt_event_flag,0.0
2025-07-29,supplier,5,po_delay_days,0.0
2025-07-29,supplier,5,receipt_fill_rate,1.0
2025-07-29,supplier,5,receipt_event_flag,0.0
2025-07-29,material,101,stock,343.0
2025-07-29,material,101,days_of_cover,19.4
2025-07-29,material,101,open_po_flag,0.0
2025-07-29,material,101,reorder_triggered,0.0
2025-07-29,material,102,stock,304.0
2025-07-29,material,102,days_of_cover,56.75
2025-07-29,material,102,open_po_flag,0.0
2025-07-29,material,102,reorder_triggered,0.0
2025-07-29,material,103,stock,99.0
2025-07-29,material,103,days_of_cover,29.18
2025-07-29,material,103,open_po_flag,0.0
2025-07-29,material,103,reorder_triggered,0.0
2025-07-29,product,201,fg_stock,218.0
2025-07-29,product,201,planned_production,0.0
2025-07-29,product,201,actual_production,0.0
2025-07-29,product,201,production_shortfall,0.0
2025-07-29,product,201,demand_units,0.0
2025-07-29,product,201,due_backlog_units,0.0
2025-07-29,product,201,newly_backordered_units,0.0
2025-07-29,product,201,backorder_flag,0.0
2025-07-29,product,202,fg_stock,184.0
2025-07-29,product,202,planned_production,0.0
2025-07-29,product,202,actual_production,0.0
2025-07-29,product,202,production_shortfall,0.0
2025-07-29,product,202,demand_units,0.0
2025-07-29,product,202,due_backlog_units,0.0
2025-07-29,product,202,newly_backordered_units,0.0
2025-07-29,product,202,backorder_flag,0.0
2025-07-30,calendar,global,weekday,2.0
2025-07-30,calendar,global,month,7.0
2025-07-30,calendar,global,is_weekend,0.0
2025-07-30,supplier,1,po_delay_days,0.0
2025-07-30,supplier,1,receipt_fill_rate,1.0
2025-07-30,supplier,1,receipt_event_flag,0.0
2025-07-30,supplier,2,po_delay_days,0.0
2025-07-30,supplier,2,receipt_fill_rate,1.0
2025-07-30,supplier,2,receipt_event_flag,0.0
2025-07-30,supplier,3,po_delay_days,0.0
2025-07-30,supplier,3,receipt_fill_rate,1.0
2025-07-30,supplier,3,receipt_event_flag,0.0
2025-07-30,supplier,4,po_delay_days,0.0
2025-07-30,supplier,4,receipt_fill_rate,1.0
2025-07-30,supplier,4,receipt_event_flag,0.0
2025-07-30,supplier,5,po_delay_days,0.0
2025-07-30,supplier,5,receipt_fill_rate,1.0
2025-07-30,supplier,5,receipt_event_flag,0.0
2025-07-30,material,101,stock,343.0
2025-07-30,material,101,days_of_cover,19.4
2025-07-30,material,101,open_po_flag,0.0
2025-07-30,material,101,reorder_triggered,0.0
2025-07-30,material,102,stock,304.0
2025-07-30,material,102,days_of_cover,56.75
2025-07-30,material,102,open_po_flag,0.0
2025-07-30,material,102,reorder_triggered,0.0
2025-07-30,material,103,stock,99.0
2025-07-30,material,103,days_of_cover,29.18
2025-07-30,material,103,open_po_flag,0.0
2025-07-30,material,103,reorder_triggered,0.0
2025-07-30,product,201,fg_stock,218.0
2025-07-30,product,201,planned_production,0.0
2025-07-30,product,201,actual_production,0.0
2025-07-30,product,201,production_shortfall,0.0
2025-07-30,product,201,demand_units,0.0
2025-07-30,product,201,due_backlog_units,0.0
2025-07-30,product,201,newly_backordered_units,0.0
2025-07-30,product,201,backorder_flag,0.0
2025-07-30,product,202,fg_stock,184.0
2025-07-30,product,202,planned_production,0.0
2025-07-30,product,202,actual_production,0.0
2025-07-30,product,202,production_shortfall,0.0
2025-07-30,product,202,demand_units,0.0
2025-07-30,product,202,due_backlog_units,0.0
2025-07-30,product,202,newly_backordered_units,0.0
2025-07-30,product,202,backorder_flag,0.0
2025-07-31,calendar,global,weekday,3.0
2025-07-31,calendar,global,month,7.0
2025-07-31,calendar,global,is_weekend,0.0
2025-07-31,supplier,1,po_delay_days,0.0
2025-07-31,supplier,1,receipt_fill_rate,1.0
2025-07-31,supplier,1,receipt_event_flag,0.0
2025-07-31,supplier,2,po_delay_days,0.0
2025-07-31,supplier,2,receipt_fill_rate,1.0
2025-07-31,supplier,2,receipt_event_flag,0.0
2025-07-31,supplier,3,po_delay_days,0.0
2025-07-31,supplier,3,receipt_fill_rate,1.0
2025-07-31,supplier,3,receipt_event_flag,0.0
2025-07-31,supplier,4,po_delay_days,0.0
2025-07-31,supplier,4,receipt_fill_rate,1.0
2025-07-31,supplier,4,receipt_event_flag,0.0
2025-07-31,supplier,5,po_delay_days,0.0
2025-07-31,supplier,5,receipt_fill_rate,1.0
2025-07-31,supplier,5,receipt_event_flag,0.0
2025-07-31,material,101,stock,244.0
2025-07-31,material,101,days_of_cover,11.5
2025-07-31,material,101,open_po_flag,0.0
2025-07-31,material,101,reorder_triggered,0.0
2025-07-31,material,102,stock,274.0
2025-07-31,material,102,days_of_cover,42.62
2025-07-31,material,102,open_po_flag,0.0
2025-07-31,material,102,reorder_triggered,0.0
2025-07-31,material,103,stock,80.0
2025-07-31,material,103,days_of_cover,19.65
2025-07-31,material,103,open_po_flag,1.0
2025-07-31,material,103,reorder_triggered,1.0
2025-07-31,product,201,fg_stock,237.0
2025-07-31,product,201,planned_production,30.0
2025-07-31,product,201,actual_production,30.0
2025-07-31,product,201,production_shortfall,0.0
2025-07-31,product,201,demand_units,0.0
2025-07-31,product,201,due_backlog_units,0.0
2025-07-31,product,201,newly_backordered_units,0.0
2025-07-31,product,201,backorder_flag,0.0
2025-07-31,product,202,fg_stock,195.0
2025-07-31,product,202,planned_production,20.0
2025-07-31,product,202,actual_production,20.0
2025-07-31,product,202,production_shortfall,0.0
2025-07-31,product,202,demand_units,0.0
2025-07-31,product,202,due_backlog_units,0.0
2025-07-31,product,202,newly_backordered_units,0.0
2025-07-31,product,202,backorder_flag,0.0
2025-08-01,calendar,global,weekday,4.0
2025-08-01,calendar,global,month,8.0
2025-08-01,calendar,global,is_weekend,0.0
2025-08-01,supplier,1,po_delay_days,0.0
2025-08-01,supplier,1,receipt_fill_rate,1.0
2025-08-01,supplier,1,receipt_event_flag,0.0
2025-08-01,supplier,2,po_delay_days,0.0
2025-08-01,supplier,2,receipt_fill_rate,1.0
2025-08-01,supplier,2,receipt_event_flag,0.0
2025-08-01,supplier,3,po_delay_days,0.0
2025-08-01,supplier,3,receipt_fill_rate,1.0
2025-08-01,supplier,3,receipt_event_flag,0.0
2025-08-01,supplier,4,po_delay_days,0.0
2025-08-01,supplier,4,receipt_fill_rate,1.0
2025-08-01,supplier,4,receipt_event_flag,0.0
2025-08-01,supplier,5,po_delay_days,0.0
2025-08-01,supplier,5,receipt_fill_rate,1.0
2025-08-01,supplier,5,receipt_event_flag,0.0
2025-08-01,material,101,stock,244.0
2025-08-01,material,101,days_of_cover,11.5
2025-08-01,material,101,open_po_flag,0.0
2025-08-01,material,101,reorder_triggered,0.0
2025-08-01,material,102,stock,274.0
2025-08-01,material,102,days_of_cover,42.62
2025-08-01,material,102,open_po_flag,0.0
2025-08-01,material,102,reorder_triggered,0.0
2025-08-01,material,103,stock,80.0
2025-08-01,material,103,days_of_cover,19.65
2025-08-01,material,103,open_po_flag,1.0
2025-08-01,material,103,reorder_triggered,0.0
2025-08-01,product,201,fg_stock,237.0
2025-08-01,product,201,planned_production,0.0
2025-08-01,product,201,actual_production,0.0
2025-08-01,product,201,production_shortfall,0.0
2025-08-01,product,201,demand_units,0.0
2025-08-01,product,201,due_backlog_units,0.0
2025-08-01,product,201,newly_backordered_units,0.0
2025-08-01,product,201,backorder_flag,0.0
2025-08-01,product,202,fg_stock,195.0
2025-08-01,product,202,planned_production,0.0
2025-08-01,product,202,actual_production,0.0
2025-08-01,product,202,production_shortfall,0.0
2025-08-01,product,202,demand_units,0.0
2025-08-01,product,202,due_backlog_units,0.0
2025-08-01,product,202,newly_backordered_units,0.0
2025-08-01,product,202,backorder_flag,0.0
2025-08-02,calendar,global,weekday,5.0
2025-08-02,calendar,global,month,8.0
2025-08-02,calendar,global,is_weekend,1.0
2025-08-02,supplier,1,po_delay_days,0.0
2025-08-02,supplier,1,receipt_fill_rate,1.0
2025-08-02,supplier,1,receipt_event_flag,0.0
2025-08-02,supplier,2,po_delay_days,0.0
2025-08-02,supplier,2,receipt_fill_rate,1.0
2025-08-02,supplier,2,receipt_event_flag,0.0
2025-08-02,supplier,3,po_delay_days,0.0
2025-08-02,supplier,3,receipt_fill_rate,1.0
2025-08-02,supplier,3,receipt_event_flag,0.0
2025-08-02,supplier,4,po_delay_days,0.0
2025-08-02,supplier,4,receipt_fill_rate,1.0
2025-08-02,supplier,4,receipt_event_flag,0.0
2025-08-02,supplier,5,po_delay_days,0.0
2025-08-02,supplier,5,receipt_fill_rate,1.0
2025-08-02,supplier,5,receipt_event_flag,0.0
2025-08-02,material,101,stock,244.0
2025-08-02,material,101,days_of_cover,11.5
2025-08-02,material,101,open_po_flag,0.0
2025-08-02,material,101,reorder_triggered,0.0
2025-08-02,material,102,stock,274.0
2025-08-02,material,102,days_of_cover,42.62
2025-08-02,material,102,open_po_flag,0.0
2025-08-02,material,102,reorder_triggered,0.0
2025-08-02,material,103,stock,80.0
2025-08-02,material,103,days_of_cover,19.65
2025-08-02,material,103,open_po_flag,1.0
2025-08-02,material,103,reorder_triggered,0.0
2025-08-02,product,201,fg_stock,237.0
2025-08-02,product,201,planned_production,0.0
2025-08-02,product,201,actual_production,0.0
2025-08-02,product,201,production_shortfall,0.0
2025-08-02,product,201,demand_units,0.0
2025-08-02,product,201,due_backlog_units,0.0
2025-08-02,product,201,newly_backordered_units,0.0
2025-08-02,product,201,backorder_flag,0.0
2025-08-02,product,202,fg_stock,195.0
2025-08-02,product,202,planned_production,0.0
2025-08-02,product,202,actual_production,0.0
2025-08-02,product,202,production_shortfall,0.0
2025-08-02,product,202,demand_units,0.0
2025-08-02,product,202,due_backlog_units,0.0
2025-08-02,product,202,newly_backordered_units,0.0
2025-08-02,product,202,backorder_flag,0.0
2025-08-03,calendar,global,weekday,6.0
2025-08-03,calendar,global,month,8.0
2025-08-03,calendar,global,is_weekend,1.0
2025-08-03,supplier,1,po_delay_days,0.0
2025-08-03,supplier,1,receipt_fill_rate,1.0
2025-08-03,supplier,1,receipt_event_flag,0.0
2025-08-03,supplier,2,po_delay_days,0.0
2025-08-03,supplier,2,receipt_fill_rate,1.0
2025-08-03,supplier,2,receipt_event_flag,0.0
2025-08-03,supplier,3,po_delay_days,0.0
2025-08-03,supplier,3,receipt_fill_rate,1.0
2025-08-03,supplier,3,receipt_event_flag,0.0
2025-08-03,supplier,4,po_delay_days,0.0
2025-08-03,supplier,4,receipt_fill_rate,1.0
2025-08-03,supplier,4,receipt_event_flag,0.0
2025-08-03,supplier,5,po_delay_days,0.0
2025-08-03,supplier,5,receipt_fill_rate,1.0
2025-08-03,supplier,5,receipt_event_flag,0.0
2025-08-03,material,101,stock,244.0
2025-08-03,material,101,days_of_cover,11.5
2025-08-03,material,101,open_po_flag,0.0
2025-08-03,material,101,reorder_triggered,0.0
2025-08-03,material,102,stock,274.0
2025-08-03,material,102,days_of_cover,42.62
2025-08-03,material,102,open_po_flag,0.0
2025-08-03,material,102,reorder_triggered,0.0
2025-08-03,material,103,stock,80.0
2025-08-03,material,103,days_of_cover,19.65
2025-08-03,material,103,open_po_flag,1.0
2025-08-03,material,103,reorder_triggered,0.0
2025-08-03,product,201,fg_stock,237.0
2025-08-03,product,201,planned_production,0.0
2025-08-03,product,201,actual_production,0.0
2025-08-03,product,201,production_shortfall,0.0
2025-08-03,product,201,demand_units,0.0
2025-08-03,product,201,due_backlog_units,0.0
2025-08-03,product,201,newly_backordered_units,0.0
2025-08-03,product,201,backorder_flag,0.0
2025-08-03,product,202,fg_stock,195.0
2025-08-03,product,202,planned_production,0.0
2025-08-03,product,202,actual_production,0.0
2025-08-03,product,202,production_shortfall,0.0
2025-08-03,product,202,demand_units,0.0
2025-08-03,product,202,due_backlog_units,0.0
2025-08-03,product,202,newly_backordered_units,0.0
2025-08-03,product,202,backorder_flag,0.0
2025-08-04,calendar,global,weekday,0.0
2025-08-04,calendar,global,month,8.0
2025-08-04,calendar,global,is_weekend,0.0
2025-08-04,supplier,1,po_delay_days,0.0
2025-08-04,supplier,1,receipt_fill_rate,1.0
2025-08-04,supplier,1,receipt_event_flag,0.0
2025-08-04,supplier,2,po_delay_days,0.0
2025-08-04,supplier,2,receipt_fill_rate,1.0
2025-08-04,supplier,2,receipt_event_flag,0.0
2025-08-04,supplier,3,po_delay_days,0.0
2025-08-04,supplier,3,receipt_fill_rate,1.0
2025-08-04,supplier,3,receipt_event_flag,0.0
2025-08-04,supplier,4,po_delay_days,0.0
2025-08-04,supplier,4,receipt_fill_rate,1.0
2025-08-04,supplier,4,receipt_event_flag,0.0
2025-08-04,supplier,5,po_delay_days,0.0
2025-08-04,supplier,5,receipt_fill_rate,1.0
2025-08-04,supplier,5,receipt_event_flag,0.0
2025-08-04,material,101,stock,244.0
2025-08-04,material,101,days_of_cover,13.8
2025-08-04,material,101,open_po_flag,0.0
2025-08-04,material,101,reorder_triggered,0.0
2025-08-04,material,102,stock,274.0
2025-08-04,material,102,days_of_cover,51.15
2025-08-04,material,102,open_po_flag,0.0
2025-08-04,material,102,reorder_triggered,0.0
2025-08-04,material,103,stock,80.0
2025-08-04,material,103,days_of_cover,23.58
2025-08-04,material,103,open_po_flag,1.0
2025-08-04,material,103,reorder_triggered,0.0
2025-08-04,product,201,fg_stock,237.0
2025-08-04,product,201,planned_production,0.0
2025-08-04,product,201,actual_production,0.0
2025-08-04,product,201,production_shortfall,0.0
2025-08-04,product,201,demand_units,11.0
2025-08-04,product,201,due_backlog_units,0.0
2025-08-04,product,201,newly_backordered_units,0.0
2025-08-04,product,201,backorder_flag,0.0
2025-08-04,product,202,fg_stock,195.0
2025-08-04,product,202,planned_production,0.0
2025-08-04,product,202,actual_production,0.0
2025-08-04,product,202,production_shortfall,0.0
2025-08-04,product,202,demand_units,9.0
2025-08-04,product,202,due_backlog_units,0.0
2025-08-04,product,202,newly_backordered_units,0.0
2025-08-04,product,202,backorder_flag,0.0
2025-08-05,calendar,global,weekday,1.0
2025-08-05,calendar,global,month,8.0
2025-08-05,calendar,global,is_weekend,0.0
2025-08-05,supplier,1,po_delay_days,0.0
2025-08-05,supplier,1,receipt_fill_rate,1.0
2025-08-05,supplier,1,receipt_event_flag,0.0
2025-08-05,supplier,2,po_delay_days,0.0
2025-08-05,supplier,2,receipt_fill_rate,1.0
2025-08-05,supplier,2,receipt_event_flag,0.0
2025-08-05,supplier,3,po_delay_days,0.0
2025-08-05,supplier,3,receipt_fill_rate,1.0
2025-08-05,supplier,3,receipt_event_flag,0.0
2025-08-05,supplier,4,po_delay_days,0.0
2025-08-05,supplier,4,receipt_fill_rate,1.0
2025-08-05,supplier,4,receipt_event_flag,0.0
2025-08-05,supplier,5,po_delay_days,0.0
2025-08-05,supplier,5,receipt_fill_rate,1.0
2025-08-05,supplier,5,receipt_event_flag,0.0
2025-08-05,material,101,stock,170.0
2025-08-05,material,101,days_of_cover,8.01
2025-08-05,material,101,open_po_flag,1.0
2025-08-05,material,101,reorder_triggered,1.0
2025-08-05,material,102,stock,254.0
2025-08-05,material,102,days_of_cover,39.51
2025-08-05,material,102,open_po_flag,0.0
2025-08-05,material,102,reorder_triggered,0.0
2025-08-05,material,103,stock,64.0
2025-08-05,material,103,days_of_cover,15.72
2025-08-05,material,103,open_po_flag,1.0
2025-08-05,material,103,reorder_triggered,0.0
2025-08-05,product,201,fg_stock,257.0
2025-08-05,product,201,planned_production,30.0
2025-08-05,product,201,actual_production,20.0
2025-08-05,product,201,production_shortfall,10.0
2025-08-05,product,201,demand_units,0.0
2025-08-05,product,201,due_backlog_units,0.0
2025-08-05,product,201,newly_backordered_units,0.0
2025-08-05,product,201,backorder_flag,0.0
2025-08-05,product,202,fg_stock,215.0
2025-08-05,product,202,planned_production,20.0
2025-08-05,product,202,actual_production,20.0
2025-08-05,product,202,production_shortfall,0.0
2025-08-05,product,202,demand_units,0.0
2025-08-05,product,202,due_backlog_units,0.0
2025-08-05,product,202,newly_backordered_units,0.0
2025-08-05,product,202,backorder_flag,0.0
2025-08-06,calendar,global,weekday,2.0
2025-08-06,calendar,global,month,8.0
2025-08-06,calendar,global,is_weekend,0.0
2025-08-06,supplier,1,po_delay_days,0.0
2025-08-06,supplier,1,receipt_fill_rate,1.0
2025-08-06,supplier,1,receipt_event_flag,0.0
2025-08-06,supplier,2,po_delay_days,0.0
2025-08-06,supplier,2,receipt_fill_rate,1.0
2025-08-06,supplier,2,receipt_event_flag,0.0
2025-08-06,supplier,3,po_delay_days,0.0
2025-08-06,supplier,3,receipt_fill_rate,1.0
2025-08-06,supplier,3,receipt_event_flag,0.0
2025-08-06,supplier,4,po_delay_days,0.0
2025-08-06,supplier,4,receipt_fill_rate,1.0
2025-08-06,supplier,4,receipt_event_flag,0.0
2025-08-06,supplier,5,po_delay_days,0.0
2025-08-06,supplier,5,receipt_fill_rate,1.0
2025-08-06,supplier,5,receipt_event_flag,0.0
2025-08-06,material,101,stock,170.0
2025-08-06,material,101,days_of_cover,8.01
2025-08-06,material,101,open_po_flag,1.0
2025-08-06,material,101,reorder_triggered,0.0
2025-08-06,material,102,stock,254.0
2025-08-06,material,102,days_of_cover,39.51
2025-08-06,material,102,open_po_flag,0.0
2025-08-06,material,102,reorder_triggered,0.0
2025-08-06,material,103,stock,64.0
2025-08-06,material,103,days_of_cover,15.72
2025-08-06,material,103,open_po_flag,1.0
2025-08-06,material,103,reorder_triggered,0.0
2025-08-06,product,201,fg_stock,257.0
2025-08-06,product,201,planned_production,0.0
2025-08-06,product,201,actual_production,0.0
2025-08-06,product,201,production_shortfall,0.0
2025-08-06,product,201,demand_units,0.0
2025-08-06,product,201,due_backlog_units,0.0
2025-08-06,product,201,newly_backordered_units,0.0
2025-08-06,product,201,backorder_flag,0.0
2025-08-06,product,202,fg_stock,215.0
2025-08-06,product,202,planned_production,0.0
2025-08-06,product,202,actual_production,0.0
2025-08-06,product,202,production_shortfall,0.0
2025-08-06,product,202,demand_units,0.0
2025-08-06,product,202,due_backlog_units,0.0
2025-08-06,product,202,newly_backordered_units,0.0
2025-08-06,product,202,backorder_flag,0.0
2025-08-07,calendar,global,weekday,3.0
2025-08-07,calendar,global,month,8.0
2025-08-07,calendar,global,is_weekend,0.0
2025-08-07,supplier,1,po_delay_days,0.0
2025-08-07,supplier,1,receipt_fill_rate,1.0
2025-08-07,supplier,1,receipt_event_flag,0.0
2025-08-07,supplier,2,po_delay_days,0.0
2025-08-07,supplier,2,receipt_fill_rate,1.0
2025-08-07,supplier,2,receipt_event_flag,0.0
2025-08-07,supplier,3,po_delay_days,0.0
2025-08-07,supplier,3,receipt_fill_rate,1.0
2025-08-07,supplier,3,receipt_event_flag,0.0
2025-08-07,supplier,4,po_delay_days,0.0
2025-08-07,supplier,4,receipt_fill_rate,1.0
2025-08-07,supplier,4,receipt_event_flag,0.0
2025-08-07,supplier,5,po_delay_days,0.0
2025-08-07,supplier,5,receipt_fill_rate,1.0
2025-08-07,supplier,5,receipt_event_flag,0.0
2025-08-07,material,101,stock,170.0
2025-08-07,material,101,days_of_cover,9.62
2025-08-07,material,101,open_po_flag,1.0
2025-08-07,material,101,reorder_triggered,0.0
2025-08-07,material,102,stock,254.0
2025-08-07,material,102,days_of_cover,47.41
2025-08-07,material,102,open_po_flag,0.0
2025-08-07,material,102,reorder_triggered,0.0
2025-08-07,material,103,stock,64.0
2025-08-07,material,103,days_of_cover,18.86
2025-08-07,material,103,open_po_flag,1.0
2025-08-07,material,103,reorder_triggered,0.0
2025-08-07,product,201,fg_stock,246.0
2025-08-07,product,201,planned_production,0.0
2025-08-07,product,201,actual_production,0.0
2025-08-07,product,201,production_shortfall,0.0
2025-08-07,product,201,demand_units,0.0
2025-08-07,product,201,due_backlog_units,0.0
2025-08-07,product,201,newly_backordered_units,0.0
2025-08-07,product,201,backorder_flag,0.0
2025-08-07,product,202,fg_stock,215.0
2025-08-07,product,202,planned_production,0.0
2025-08-07,product,202,actual_production,0.0
2025-08-07,product,202,production_shortfall,0.0
2025-08-07,product,202,demand_units,0.0
2025-08-07,product,202,due_backlog_units,0.0
2025-08-07,product,202,newly_backordered_units,0.0
2025-08-07,product,202,backorder_flag,0.0
2025-08-08,calendar,global,weekday,4.0
2025-08-08,calendar,global,month,8.0
2025-08-08,calendar,global,is_weekend,0.0
2025-08-08,supplier,1,po_delay_days,0.0
2025-08-08,supplier,1,receipt_fill_rate,1.0
2025-08-08,supplier,1,receipt_event_flag,0.0
2025-08-08,supplier,2,po_delay_days,0.0
2025-08-08,supplier,2,receipt_fill_rate,1.0
2025-08-08,supplier,2,receipt_event_flag,0.0
2025-08-08,supplier,3,po_delay_days,0.0
2025-08-08,supplier,3,receipt_fill_rate,1.0
2025-08-08,supplier,3,receipt_event_flag,0.0
2025-08-08,supplier,4,po_delay_days,0.0
2025-08-08,supplier,4,receipt_fill_rate,1.0
2025-08-08,supplier,4,receipt_event_flag,0.0
2025-08-08,supplier,5,po_delay_days,0.0
2025-08-08,supplier,5,receipt_fill_rate,1.0
2025-08-08,supplier,5,receipt_event_flag,0.0
2025-08-08,material,101,stock,170.0
2025-08-08,material,101,days_of_cover,9.62
2025-08-08,material,101,open_po_flag,1.0
2025-08-08,material,101,reorder_triggered,0.0
2025-08-08,material,102,stock,254.0
2025-08-08,material,102,days_of_cover,47.41
2025-08-08,material,102,open_po_flag,0.0
2025-08-08,material,102,reorder_triggered,0.0
2025-08-08,material,103,stock,64.0
2025-08-08,material,103,days_of_cover,18.86
2025-08-08,material,103,open_po_flag,1.0
2025-08-08,material,103,reorder_triggered,0.0
2025-08-08,product,201,fg_stock,246.0
2025-08-08,product,201,planned_production,0.0
2025-08-08,product,201,actual_production,0.0
2025-08-08,product,201,production_shortfall,0.0
2025-08-08,product,201,demand_units,0.0
2025-08-08,product,201,due_backlog_units,0.0
2025-08-08,product,201,newly_backordered_units,0.0
2025-08-08,product,201,backorder_flag,0.0
2025-08-08,product,202,fg_stock,215.0
2025-08-08,product,202,planned_production,0.0
2025-08-08,product,202,actual_production,0.0
2025-08-08,product,202,production_shortfall,0.0
2025-08-08,product,202,demand_units,0.0
2025-08-08,product,202,due_backlog_units,0.0
2025-08-08,product,202,newly_backordered_units,0.0
2025-08-08,product,202,backorder_flag,0.0
2025-08-09,calendar,global,weekday,5.0
2025-08-09,calendar,global,month,8.0
2025-08-09,calendar,global,is_weekend,1.0
2025-08-09,supplier,1,po_delay_days,0.0
2025-08-09,supplier,1,receipt_fill_rate,1.0
2025-08-09,supplier,1,receipt_event_flag,0.0
2025-08-09,supplier,2,po_delay_days,0.0
2025-08-09,supplier,2,receipt_fill_rate,1.0
2025-08-09,supplier,2,receipt_event_flag,0.0
2025-08-09,supplier,3,po_delay_days,0.0
2025-08-09,supplier,3,receipt_fill_rate,1.0
2025-08-09,supplier,3,receipt_event_flag,0.0
2025-08-09,supplier,4,po_delay_days,0.0
2025-08-09,supplier,4,receipt_fill_rate,1.0
2025-08-09,supplier,4,receipt_event_flag,0.0
2025-08-09,supplier,5,po_delay_days,0.0
2025-08-09,supplier,5,receipt_fill_rate,1.0
2025-08-09,supplier,5,receipt_event_flag,0.0
2025-08-09,material,101,stock,170.0
2025-08-09,material,101,days_of_cover,9.62
2025-08-09,material,101,open_po_flag,1.0
2025-08-09,material,101,reorder_triggered,0.0
2025-08-09,material,102,stock,254.0
2025-08-09,material,102,days_of_cover,47.41
2025-08-09,material,102,open_po_flag,0.0
2025-08-09,material,102,reorder_triggered,0.0
2025-08-09,material,103,stock,64.0
2025-08-09,material,103,days_of_cover,18.86
2025-08-09,material,103,open_po_flag,1.0
2025-08-09,material,103,reorder_triggered,0.0
2025-08-09,product,201,fg_stock,246.0
2025-08-09,product,201,planned_production,0.0
2025-08-09,product,201,actual_production,0.0
2025-08-09,product,201,production_shortfall,0.0
2025-08-09,product,201,demand_units,0.0
2025-08-09,product,201,due_backlog_units,0.0
2025-08-09,product,201,newly_backordered_units,0.0
2025-08-09,product,201,backorder_flag,0.0
2025-08-09,product,202,fg_stock,215.0
2025-08-09,product,202,planned_production,0.0
2025-08-09,product,202,actual_production,0.0
2025-08-09,product,202,production_shortfall,0.0
2025-08-09,product,202,demand_units,0.0
2025-08-09,product,202,due_backlog_units,0.0
2025-08-09,product,202,newly_backordered_units,0.0
2025-08-09,product,202,backorder_flag,0.0
2025-08-10,calendar,global,weekday,6.0
2025-08-10,calendar,global,month,8.0
2025-08-10,calendar,global,is_weekend,1.0
2025-08-10,supplier,1,po_delay_days,0.0
2025-08-10,supplier,1,receipt_fill_rate,1.0
2025-08-10,supplier,1,receipt_event_flag,0.0
2025-08-10,supplier,2,po_delay_days,0.0
2025-08-10,supplier,2,receipt_fill_rate,1.0
2025-08-10,supplier,2,receipt_event_flag,0.0
2025-08-10,supplier,3,po_delay_days,0.0
2025-08-10,supplier,3,receipt_fill_rate,1.0
2025-08-10,supplier,3,receipt_event_flag,0.0
2025-08-10,supplier,4,po_delay_days,0.0
2025-08-10,supplier,4,receipt_fill_rate,1.0
2025-08-10,supplier,4,receipt_event_flag,0.0
2025-08-10,supplier,5,po_delay_days,0.0
2025-08-10,supplier,5,receipt_fill_rate,1.0
2025-08-10,supplier,5,receipt_event_flag,0.0
2025-08-10,material,101,stock,170.0
2025-08-10,material,101,days_of_cover,9.62
2025-08-10,material,101,open_po_flag,1.0
2025-08-10,material,101,reorder_triggered,0.0
2025-08-10,material,102,stock,254.0
2025-08-10,material,102,days_of_cover,47.41
2025-08-10,material,102,open_po_flag,0.0
2025-08-10,material,102,reorder_triggered,0.0
2025-08-10,material,103,stock,64.0
2025-08-10,material,103,days_of_cover,18.86
2025-08-10,material,103,open_po_flag,1.0
2025-08-10,material,103,reorder_triggered,0.0
2025-08-10,product,201,fg_stock,246.0
2025-08-10,product,201,planned_production,0.0
2025-08-10,product,201,actual_production,0.0
2025-08-10,product,201,production_shortfall,0.0
2025-08-10,product,201,demand_units,0.0
2025-08-10,product,201,due_backlog_units,0.0
2025-08-10,product,201,newly_backordered_units,0.0
2025-08-10,product,201,backorder_flag,0.0
2025-08-10,product,202,fg_stock,215.0
2025-08-10,product,202,planned_production,0.0
2025-08-10,product,202,actual_production,0.0
2025-08-10,product,202,production_shortfall,0.0
2025-08-10,product,202,demand_units,0.0
2025-08-10,product,202,due_backlog_units,0.0
2025-08-10,product,202,newly_backordered_units,0.0
2025-08-10,product,202,backorder_flag,0.0
2025-08-11,calendar,global,weekday,0.0
2025-08-11,calendar,global,month,8.0
2025-08-11,calendar,global,is_weekend,0.0
2025-08-11,supplier,1,po_delay_days,0.0
2025-08-11,supplier,1,receipt_fill_rate,1.0
2025-08-11,supplier,1,receipt_event_flag,0.0
2025-08-11,supplier,2,po_delay_days,0.0
2025-08-11,supplier,2,receipt_fill_rate,1.0
2025-08-11,supplier,2,receipt_event_flag,0.0
2025-08-11,supplier,3,po_delay_days,0.0
2025-08-11,supplier,3,receipt_fill_rate,1.0
2025-08-11,supplier,3,receipt_event_flag,0.0
2025-08-11,supplier,4,po_delay_days,0.0
2025-08-11,supplier,4,receipt_fill_rate,1.0
2025-08-11,supplier,4,receipt_event_flag,0.0
2025-08-11,supplier,5,po_delay_days,0.0
2025-08-11,supplier,5,receipt_fill_rate,1.0
2025-08-11,supplier,5,receipt_event_flag,0.0
2025-08-11,material,101,stock,170.0
2025-08-11,material,101,days_of_cover,9.62
2025-08-11,material,101,open_po_flag,1.0
2025-08-11,material,101,reorder_triggered,0.0
2025-08-11,material,102,stock,254.0
2025-08-11,material,102,days_of_cover,47.41
2025-08-11,material,102,open_po_flag,0.0
2025-08-11,material,102,reorder_triggered,0.0
2025-08-11,material,103,stock,64.0
2025-08-11,material,103,days_of_cover,18.86
2025-08-11,material,103,open_po_flag,1.0
2025-08-11,material,103,reorder_triggered,0.0
2025-08-11,product,201,fg_stock,246.0
2025-08-11,product,201,planned_production,0.0
2025-08-11,product,201,actual_production,0.0
2025-08-11,product,201,production_shortfall,0.0
2025-08-11,product,201,demand_units,0.0
2025-08-11,product,201,due_backlog_units,0.0
2025-08-11,product,201,newly_backordered_units,0.0
2025-08-11,product,201,backorder_flag,0.0
2025-08-11,product,202,fg_stock,215.0
2025-08-11,product,202,planned_production,0.0
2025-08-11,product,202,actual_production,0.0
2025-08-11,product,202,production_shortfall,0.0
2025-08-11,product,202,demand_units,0.0
2025-08-11,product,202,due_backlog_units,0.0
2025-08-11,product,202,newly_backordered_units,0.0
2025-08-11,product,202,backorder_flag,0.0
2025-08-12,calendar,global,weekday,1.0
2025-08-12,calendar,global,month,8.0
2025-08-12,calendar,global,is_weekend,0.0
2025-08-12,supplier,1,po_delay_days,0.0
2025-08-12,supplier,1,receipt_fill_rate,1.0
2025-08-12,supplier,1,receipt_event_flag,0.0
2025-08-12,supplier,2,po_delay_days,0.0
2025-08-12,supplier,2,receipt_fill_rate,1.0
2025-08-12,supplier,2,receipt_event_flag,0.0
2025-08-12,supplier,3,po_delay_days,0.0
2025-08-12,supplier,3,receipt_fill_rate,1.0
2025-08-12,supplier,3,receipt_event_flag,0.0
2025-08-12,supplier,4,po_delay_days,0.0
2025-08-12,supplier,4,receipt_fill_rate,1.0
2025-08-12,supplier,4,receipt_event_flag,0.0
2025-08-12,supplier,5,po_delay_days,0.0
2025-08-12,supplier,5,receipt_fill_rate,1.0
2025-08-12,supplier,5,receipt_event_flag,1.0
2025-08-12,material,101,stock,108.0
2025-08-12,material,101,days_of_cover,5.09
2025-08-12,material,101,open_po_flag,1.0
2025-08-12,material,101,reorder_triggered,0.0
2025-08-12,material,102,stock,234.0
2025-08-12,material,102,days_of_cover,36.4
2025-08-12,material,102,open_po_flag,0.0
2025-08-12,material,102,reorder_triggered,0.0
2025-08-12,material,103,stock,228.0
2025-08-12,material,103,days_of_cover,56.0
2025-08-12,material,103,open_po_flag,0.0
2025-08-12,material,103,reorder_triggered,0.0
2025-08-12,product,201,fg_stock,266.0
2025-08-12,product,201,planned_production,30.0
2025-08-12,product,201,actual_production,20.0
2025-08-12,product,201,production_shortfall,10.0
2025-08-12,product,201,demand_units,0.0
2025-08-12,product,201,due_backlog_units,0.0
2025-08-12,product,201,newly_backordered_units,0.0
2025-08-12,product,201,backorder_flag,0.0
2025-08-12,product,202,fg_stock,225.0
2025-08-12,product,202,planned_production,20.0
2025-08-12,product,202,actual_production,10.0
2025-08-12,product,202,production_shortfall,10.0
2025-08-12,product,202,demand_units,0.0
2025-08-12,product,202,due_backlog_units,0.0
2025-08-12,product,202,newly_backordered_units,0.0
2025-08-12,product,202,backorder_flag,0.0
2025-08-13,calendar,global,weekday,2.0
2025-08-13,calendar,global,month,8.0
2025-08-13,calendar,global,is_weekend,0.0
2025-08-13,supplier,1,po_delay_days,0.0
2025-08-13,supplier,1,receipt_fill_rate,1.0
2025-08-13,supplier,1,receipt_event_flag,0.0
2025-08-13,supplier,2,po_delay_days,0.0
2025-08-13,supplier,2,receipt_fill_rate,1.0
2025-08-13,supplier,2,receipt_event_flag,0.0
2025-08-13,supplier,3,po_delay_days,0.0
2025-08-13,supplier,3,receipt_fill_rate,1.0
2025-08-13,supplier,3,receipt_event_flag,0.0
2025-08-13,supplier,4,po_delay_days,0.0
2025-08-13,supplier,4,receipt_fill_rate,1.0
2025-08-13,supplier,4,receipt_event_flag,0.0
2025-08-13,supplier,5,po_delay_days,0.0
2025-08-13,supplier,5,receipt_fill_rate,1.0
2025-08-13,supplier,5,receipt_event_flag,0.0
2025-08-13,material,101,stock,21.0
2025-08-13,material,101,days_of_cover,0.85
2025-08-13,material,101,open_po_flag,1.0
2025-08-13,material,101,reorder_triggered,0.0
2025-08-13,material,102,stock,204.0
2025-08-13,material,102,days_of_cover,27.2
2025-08-13,material,102,open_po_flag,0.0
2025-08-13,material,102,reorder_triggered,0.0
2025-08-13,material,103,stock,214.0
2025-08-13,material,103,days_of_cover,45.05
2025-08-13,material,103,open_po_flag,0.0
2025-08-13,material,103,reorder_triggered,0.0
2025-08-13,product,201,fg_stock,296.0
2025-08-13,product,201,planned_production,30.0
2025-08-13,product,201,actual_production,30.0
2025-08-13,product,201,production_shortfall,0.0
2025-08-13,product,201,demand_units,0.0
2025-08-13,product,201,due_backlog_units,0.0
2025-08-13,product,201,newly_backordered_units,0.0
2025-08-13,product,201,backorder_flag,0.0
2025-08-13,product,202,fg_stock,226.0
2025-08-13,product,202,planned_production,20.0
2025-08-13,product,202,actual_production,10.0
2025-08-13,product,202,production_shortfall,10.0
2025-08-13,product,202,demand_units,15.0
2025-08-13,product,202,due_backlog_units,0.0
2025-08-13,product,202,newly_backordered_units,0.0
2025-08-13,product,202,backorder_flag,0.0
2025-08-14,calendar,global,weekday,3.0
2025-08-14,calendar,global,month,8.0
2025-08-14,calendar,global,is_weekend,0.0
2025-08-14,supplier,1,po_delay_days,0.0
2025-08-14,supplier,1,receipt_fill_rate,1.0
2025-08-14,supplier,1,receipt_event_flag,0.0
2025-08-14,supplier,2,po_delay_days,0.0
2025-08-14,supplier,2,receipt_fill_rate,1.0
2025-08-14,supplier,2,receipt_event_flag,0.0
2025-08-14,supplier,3,po_delay_days,0.0
2025-08-14,supplier,3,receipt_fill_rate,1.0
2025-08-14,supplier,3,receipt_event_flag,0.0
2025-08-14,supplier,4,po_delay_days,0.0
2025-08-14,supplier,4,receipt_fill_rate,1.0
2025-08-14,supplier,4,receipt_event_flag,0.0
2025-08-14,supplier,5,po_delay_days,0.0
2025-08-14,supplier,5,receipt_fill_rate,1.0
2025-08-14,supplier,5,receipt_event_flag,0.0
2025-08-14,material,101,stock,21.0
2025-08-14,material,101,days_of_cover,0.85
2025-08-14,material,101,open_po_flag,1.0
2025-08-14,material,101,reorder_triggered,0.0
2025-08-14,material,102,stock,204.0
2025-08-14,material,102,days_of_cover,27.2
2025-08-14,material,102,open_po_flag,0.0
2025-08-14,material,102,reorder_triggered,0.0
2025-08-14,material,103,stock,214.0
2025-08-14,material,103,days_of_cover,45.05
2025-08-14,material,103,open_po_flag,0.0
2025-08-14,material,103,reorder_triggered,0.0
2025-08-14,product,201,fg_stock,296.0
2025-08-14,product,201,planned_production,0.0
2025-08-14,product,201,actual_production,0.0
2025-08-14,product,201,production_shortfall,0.0
2025-08-14,product,201,demand_units,14.0
2025-08-14,product,201,due_backlog_units,0.0
2025-08-14,product,201,newly_backordered_units,0.0
2025-08-14,product,201,backorder_flag,0.0
2025-08-14,product,202,fg_stock,226.0
2025-08-14,product,202,planned_production,0.0
2025-08-14,product,202,actual_production,0.0
2025-08-14,product,202,production_shortfall,0.0
2025-08-14,product,202,demand_units,0.0
2025-08-14,product,202,due_backlog_units,0.0
2025-08-14,product,202,newly_backordered_units,0.0
2025-08-14,product,202,backorder_flag,0.0
2025-08-15,calendar,global,weekday,4.0
2025-08-15,calendar,global,month,8.0
2025-08-15,calendar,global,is_weekend,0.0
2025-08-15,supplier,1,po_delay_days,0.0
2025-08-15,supplier,1,receipt_fill_rate,1.0
2025-08-15,supplier,1,receipt_event_flag,0.0
2025-08-15,supplier,2,po_delay_days,0.0
2025-08-15,supplier,2,receipt_fill_rate,1.0
2025-08-15,supplier,2,receipt_event_flag,0.0
2025-08-15,supplier,3,po_delay_days,0.0
2025-08-15,supplier,3,receipt_fill_rate,1.0
2025-08-15,supplier,3,receipt_event_flag,0.0
2025-08-15,supplier,4,po_delay_days,1.0
2025-08-15,supplier,4,receipt_fill_rate,1.0
2025-08-15,supplier,4,receipt_event_flag,1.0
2025-08-15,supplier,5,po_delay_days,0.0
2025-08-15,supplier,5,receipt_fill_rate,1.0
2025-08-15,supplier,5,receipt_event_flag,0.0
2025-08-15,material,101,stock,354.0
2025-08-15,material,101,days_of_cover,14.3
2025-08-15,material,101,open_po_flag,0.0
2025-08-15,material,101,reorder_triggered,0.0
2025-08-15,material,102,stock,184.0
2025-08-15,material,102,days_of_cover,24.53
2025-08-15,material,102,open_po_flag,0.0
2025-08-15,material,102,reorder_triggered,0.0
2025-08-15,material,103,stock,198.0
2025-08-15,material,103,days_of_cover,41.68
2025-08-15,material,103,open_po_flag,0.0
2025-08-15,material,103,reorder_triggered,0.0
2025-08-15,product,201,fg_stock,316.0
2025-08-15,product,201,planned_production,30.0
2025-08-15,product,201,actual_production,20.0
2025-08-15,product,201,production_shortfall,10.0
2025-08-15,product,201,demand_units,17.0
2025-08-15,product,201,due_backlog_units,0.0
2025-08-15,product,201,newly_backordered_units,0.0
2025-08-15,product,201,backorder_flag,0.0
2025-08-15,product,202,fg_stock,246.0
2025-08-15,product,202,planned_production,20.0
2025-08-15,product,202,actual_production,20.0
2025-08-15,product,202,production_shortfall,0.0
2025-08-15,product,202,demand_units,8.0
2025-08-15,product,202,due_backlog_units,0.0
2025-08-15,product,202,newly_backordered_units,0.0
2025-08-15,product,202,backorder_flag,0.0
2025-08-16,calendar,global,weekday,5.0
2025-08-16,calendar,global,month,8.0
2025-08-16,calendar,global,is_weekend,1.0
2025-08-16,supplier,1,po_delay_days,0.0
2025-08-16,supplier,1,receipt_fill_rate,1.0
2025-08-16,supplier,1,receipt_event_flag,0.0
2025-08-16,supplier,2,po_delay_days,0.0
2025-08-16,supplier,2,receipt_fill_rate,1.0
2025-08-16,supplier,2,receipt_event_flag,0.0
2025-08-16,supplier,3,po_delay_days,0.0
2025-08-16,supplier,3,receipt_fill_rate,1.0
2025-08-16,supplier,3,receipt_event_flag,0.0
2025-08-16,supplier,4,po_delay_days,0.0
2025-08-16,supplier,4,receipt_fill_rate,1.0
2025-08-16,supplier,4,receipt_event_flag,0.0
2025-08-16,supplier,5,po_delay_days,0.0
2025-08-16,supplier,5,receipt_fill_rate,1.0
2025-08-16,supplier,5,receipt_event_flag,0.0
2025-08-16,material,101,stock,354.0
2025-08-16,material,101,days_of_cover,14.3
2025-08-16,material,101,open_po_flag,0.0
2025-08-16,material,101,reorder_triggered,0.0
2025-08-16,material,102,stock,184.0
2025-08-16,material,102,days_of_cover,24.53
2025-08-16,material,102,open_po_flag,0.0
2025-08-16,material,102,reorder_triggered,0.0
2025-08-16,material,103,stock,198.0
2025-08-16,material,103,days_of_cover,41.68
2025-08-16,material,103,open_po_flag,0.0
2025-08-16,material,103,reorder_triggered,0.0
2025-08-16,product,201,fg_stock,316.0
2025-08-16,product,201,planned_production,0.0
2025-08-16,product,201,actual_production,0.0
2025-08-16,product,201,production_shortfall,0.0
2025-08-16,product,201,demand_units,0.0
2025-08-16,product,201,due_backlog_units,0.0
2025-08-16,product,201,newly_backordered_units,0.0
2025-08-16,product,201,backorder_flag,0.0
2025-08-16,product,202,fg_stock,246.0
2025-08-16,product,202,planned_production,0.0
2025-08-16,product,202,actual_production,0.0
2025-08-16,product,202,production_shortfall,0.0
2025-08-16,product,202,demand_units,0.0
2025-08-16,product,202,due_backlog_units,0.0
2025-08-16,product,202,newly_backordered_units,0.0
2025-08-16,product,202,backorder_flag,0.0
2025-08-17,calendar,global,weekday,6.0
2025-08-17,calendar,global,month,8.0
2025-08-17,calendar,global,is_weekend,1.0
2025-08-17,supplier,1,po_delay_days,0.0
2025-08-17,supplier,1,receipt_fill_rate,1.0
2025-08-17,supplier,1,receipt_event_flag,0.0
2025-08-17,supplier,2,po_delay_days,0.0
2025-08-17,supplier,2,receipt_fill_rate,1.0
2025-08-17,supplier,2,receipt_event_flag,0.0
2025-08-17,supplier,3,po_delay_days,0.0
2025-08-17,supplier,3,receipt_fill_rate,1.0
2025-08-17,supplier,3,receipt_event_flag,0.0
2025-08-17,supplier,4,po_delay_days,0.0
2025-08-17,supplier,4,receipt_fill_rate,1.0
2025-08-17,supplier,4,receipt_event_flag,0.0
2025-08-17,supplier,5,po_delay_days,0.0
2025-08-17,supplier,5,receipt_fill_rate,1.0
2025-08-17,supplier,5,receipt_event_flag,0.0
2025-08-17,material,101,stock,354.0
2025-08-17,material,101,days_of_cover,14.3
2025-08-17,material,101,open_po_flag,0.0
2025-08-17,material,101,reorder_triggered,0.0
2025-08-17,material,102,stock,184.0
2025-08-17,material,102,days_of_cover,24.53
2025-08-17,material,102,open_po_flag,0.0
2025-08-17,material,102,reorder_triggered,0.0
2025-08-17,material,103,stock,198.0
2025-08-17,material,103,days_of_cover,41.68
2025-08-17,material,103,open_po_flag,0.0
2025-08-17,material,103,reorder_triggered,0.0
2025-08-17,product,201,fg_stock,316.0
2025-08-17,product,201,planned_production,0.0
2025-08-17,product,201,actual_production,0.0
2025-08-17,product,201,production_shortfall,0.0
2025-08-17,product,201,demand_units,0.0
2025-08-17,product,201,due_backlog_units,0.0
2025-08-17,product,201,newly_backordered_units,0.0
2025-08-17,product,201,backorder_flag,0.0
2025-08-17,product,202,fg_stock,246.0
2025-08-17,product,202,planned_production,0.0
2025-08-17,product,202,actual_production,0.0
2025-08-17,product,202,production_shortfall,0.0
2025-08-17,product,202,demand_units,0.0
2025-08-17,product,202,due_backlog_units,0.0
2025-08-17,product,202,newly_backordered_units,0.0
2025-08-17,product,202,backorder_flag,0.0
2025-08-18,calendar,global,weekday,0.0
2025-08-18,calendar,global,month,8.0
2025-08-18,calendar,global,is_weekend,0.0
2025-08-18,supplier,1,po_delay_days,0.0
2025-08-18,supplier,1,receipt_fill_rate,1.0
2025-08-18,supplier,1,receipt_event_flag,0.0
2025-08-18,supplier,2,po_delay_days,0.0
2025-08-18,supplier,2,receipt_fill_rate,1.0
2025-08-18,supplier,2,receipt_event_flag,0.0
2025-08-18,supplier,3,po_delay_days,0.0
2025-08-18,supplier,3,receipt_fill_rate,1.0
2025-08-18,supplier,3,receipt_event_flag,0.0
2025-08-18,supplier,4,po_delay_days,0.0
2025-08-18,supplier,4,receipt_fill_rate,1.0
2025-08-18,supplier,4,receipt_event_flag,0.0
2025-08-18,supplier,5,po_delay_days,0.0
2025-08-18,supplier,5,receipt_fill_rate,1.0
2025-08-18,supplier,5,receipt_event_flag,0.0
2025-08-18,material,101,stock,354.0
2025-08-18,material,101,days_of_cover,16.69
2025-08-18,material,101,open_po_flag,0.0
2025-08-18,material,101,reorder_triggered,0.0
2025-08-18,material,102,stock,184.0
2025-08-18,material,102,days_of_cover,28.62
2025-08-18,material,102,open_po_flag,0.0
2025-08-18,material,102,reorder_triggered,0.0
2025-08-18,material,103,stock,198.0
2025-08-18,material,103,days_of_cover,48.63
2025-08-18,material,103,open_po_flag,0.0
2025-08-18,material,103,reorder_triggered,0.0
2025-08-18,product,201,fg_stock,316.0
2025-08-18,product,201,planned_production,0.0
2025-08-18,product,201,actual_production,0.0
2025-08-18,product,201,production_shortfall,0.0
2025-08-18,product,201,demand_units,13.0
2025-08-18,product,201,due_backlog_units,0.0
2025-08-18,product,201,newly_backordered_units,0.0
2025-08-18,product,201,backorder_flag,0.0
2025-08-18,product,202,fg_stock,238.0
2025-08-18,product,202,planned_production,0.0
2025-08-18,product,202,actual_production,0.0
2025-08-18,product,202,production_shortfall,0.0
2025-08-18,product,202,demand_units,8.0
2025-08-18,product,202,due_backlog_units,0.0
2025-08-18,product,202,newly_backordered_units,0.0
2025-08-18,product,202,backorder_flag,0.0
2025-08-19,calendar,global,weekday,1.0
2025-08-19,calendar,global,month,8.0
2025-08-19,calendar,global,is_weekend,0.0
2025-08-19,supplier,1,po_delay_days,0.0
2025-08-19,supplier,1,receipt_fill_rate,1.0
2025-08-19,supplier,1,receipt_event_flag,0.0
2025-08-19,supplier,2,po_delay_days,0.0
2025-08-19,supplier,2,receipt_fill_rate,1.0
2025-08-19,supplier,2,receipt_event_flag,0.0
2025-08-19,supplier,3,po_delay_days,0.0
2025-08-19,supplier,3,receipt_fill_rate,1.0
2025-08-19,supplier,3,receipt_event_flag,0.0
2025-08-19,supplier,4,po_delay_days,0.0
2025-08-19,supplier,4,receipt_fill_rate,1.0
2025-08-19,supplier,4,receipt_event_flag,0.0
2025-08-19,supplier,5,po_delay_days,0.0
2025-08-19,supplier,5,receipt_fill_rate,1.0
2025-08-19,supplier,5,receipt_event_flag,0.0
2025-08-19,material,101,stock,354.0
2025-08-19,material,101,days_of_cover,20.02
2025-08-19,material,101,open_po_flag,0.0
2025-08-19,material,101,reorder_triggered,0.0
2025-08-19,material,102,stock,184.0
2025-08-19,material,102,days_of_cover,34.35
2025-08-19,material,102,open_po_flag,0.0
2025-08-19,material,102,reorder_triggered,0.0
2025-08-19,material,103,stock,198.0
2025-08-19,material,103,days_of_cover,58.36
2025-08-19,material,103,open_po_flag,0.0
2025-08-19,material,103,reorder_triggered,0.0
2025-08-19,product,201,fg_stock,316.0
2025-08-19,product,201,planned_production,0.0
2025-08-19,product,201,actual_production,0.0
2025-08-19,product,201,production_shortfall,0.0
2025-08-19,product,201,demand_units,15.0
2025-08-19,product,201,due_backlog_units,0.0
2025-08-19,product,201,newly_backordered_units,0.0
2025-08-19,product,201,backorder_flag,0.0
2025-08-19,product,202,fg_stock,238.0
2025-08-19,product,202,planned_production,0.0
2025-08-19,product,202,actual_production,0.0
2025-08-19,product,202,production_shortfall,0.0
2025-08-19,product,202,demand_units,11.0
2025-08-19,product,202,due_backlog_units,0.0
2025-08-19,product,202,newly_backordered_units,0.0
2025-08-19,product,202,backorder_flag,0.0
2025-08-20,calendar,global,weekday,2.0
2025-08-20,calendar,global,month,8.0
2025-08-20,calendar,global,is_weekend,0.0
2025-08-20,supplier,1,po_delay_days,0.0
2025-08-20,supplier,1,receipt_fill_rate,1.0
2025-08-20,supplier,1,receipt_event_flag,0.0
2025-08-20,supplier,2,po_delay_days,0.0
2025-08-20,supplier,2,receipt_fill_rate,1.0
2025-08-20,supplier,2,receipt_event_flag,0.0
2025-08-20,supplier,3,po_delay_days,0.0
2025-08-20,supplier,3,receipt_fill_rate,1.0
2025-08-20,supplier,3,receipt_event_flag,0.0
2025-08-20,supplier,4,po_delay_days,0.0
2025-08-20,supplier,4,receipt_fill_rate,1.0
2025-08-20,supplier,4,receipt_event_flag,0.0
2025-08-20,supplier,5,po_delay_days,0.0
2025-08-20,supplier,5,receipt_fill_rate,1.0
2025-08-20,supplier,5,receipt_event_flag,0.0
2025-08-20,material,101,stock,354.0
2025-08-20,material,101,days_of_cover,20.02
2025-08-20,material,101,open_po_flag,0.0
2025-08-20,material,101,reorder_triggered,0.0
2025-08-20,material,102,stock,184.0
2025-08-20,material,102,days_of_cover,34.35
2025-08-20,material,102,open_po_flag,0.0
2025-08-20,material,102,reorder_triggered,0.0
2025-08-20,material,103,stock,198.0
2025-08-20,material,103,days_of_cover,58.36
2025-08-20,material,103,open_po_flag,0.0
2025-08-20,material,103,reorder_triggered,0.0
2025-08-20,product,201,fg_stock,316.0
2025-08-20,product,201,planned_production,0.0
2025-08-20,product,201,actual_production,0.0
2025-08-20,product,201,production_shortfall,0.0
2025-08-20,product,201,demand_units,0.0
2025-08-20,product,201,due_backlog_units,0.0
2025-08-20,product,201,newly_backordered_units,0.0
2025-08-20,product,201,backorder_flag,0.0
2025-08-20,product,202,fg_stock,238.0
2025-08-20,product,202,planned_production,0.0
2025-08-20,product,202,actual_production,0.0
2025-08-20,product,202,production_shortfall,0.0
2025-08-20,product,202,demand_units,0.0
2025-08-20,product,202,due_backlog_units,0.0
2025-08-20,product,202,newly_backordered_units,0.0
2025-08-20,product,202,backorder_flag,0.0
2025-08-21,calendar,global,weekday,3.0
2025-08-21,calendar,global,month,8.0
2025-08-21,calendar,global,is_weekend,0.0
2025-08-21,supplier,1,po_delay_days,0.0
2025-08-21,supplier,1,receipt_fill_rate,1.0
2025-08-21,supplier,1,receipt_event_flag,0.0
2025-08-21,supplier,2,po_delay_days,0.0
2025-08-21,supplier,2,receipt_fill_rate,1.0
2025-08-21,supplier,2,receipt_event_flag,0.0
2025-08-21,supplier,3,po_delay_days,0.0
2025-08-21,supplier,3,receipt_fill_rate,1.0
2025-08-21,supplier,3,receipt_event_flag,0.0
2025-08-21,supplier,4,po_delay_days,0.0
2025-08-21,supplier,4,receipt_fill_rate,1.0
2025-08-21,supplier,4,receipt_event_flag,0.0
2025-08-21,supplier,5,po_delay_days,0.0
2025-08-21,supplier,5,receipt_fill_rate,1.0
2025-08-21,supplier,5,receipt_event_flag,0.0
2025-08-21,material,101,stock,255.0
2025-08-21,material,101,days_of_cover,12.02
2025-08-21,material,101,open_po_flag,0.0
2025-08-21,material,101,reorder_triggered,0.0
2025-08-21,material,102,stock,154.0
2025-08-21,material,102,days_of_cover,23.96
2025-08-21,material,102,open_po_flag,0.0
2025-08-21,material,102,reorder_triggered,0.0
2025-08-21,material,103,stock,179.0
2025-08-21,material,103,days_of_cover,43.96
2025-08-21,material,103,open_po_flag,0.0
2025-08-21,material,103,reorder_triggered,0.0
2025-08-21,product,201,fg_stock,346.0
2025-08-21,product,201,planned_production,30.0
2025-08-21,product,201,actual_production,30.0
2025-08-21,product,201,production_shortfall,0.0
2025-08-21,product,201,demand_units,0.0
2025-08-21,product,201,due_backlog_units,0.0
2025-08-21,product,201,newly_backordered_units,0.0
2025-08-21,product,201,backorder_flag,0.0
2025-08-21,product,202,fg_stock,258.0
2025-08-21,product,202,planned_production,20.0
2025-08-21,product,202,actual_production,20.0
2025-08-21,product,202,production_shortfall,0.0
2025-08-21,product,202,demand_units,0.0
2025-08-21,product,202,due_backlog_units,0.0
2025-08-21,product,202,newly_backordered_units,0.0
2025-08-21,product,202,backorder_flag,0.0
2025-08-22,calendar,global,weekday,4.0
2025-08-22,calendar,global,month,8.0
2025-08-22,calendar,global,is_weekend,0.0
2025-08-22,supplier,1,po_delay_days,0.0
2025-08-22,supplier,1,receipt_fill_rate,1.0
2025-08-22,supplier,1,receipt_event_flag,0.0
2025-08-22,supplier,2,po_delay_days,0.0
2025-08-22,supplier,2,receipt_fill_rate,1.0
2025-08-22,supplier,2,receipt_event_flag,0.0
2025-08-22,supplier,3,po_delay_days,0.0
2025-08-22,supplier,3,receipt_fill_rate,1.0
2025-08-22,supplier,3,receipt_event_flag,0.0
2025-08-22,supplier,4,po_delay_days,0.0
2025-08-22,supplier,4,receipt_fill_rate,1.0
2025-08-22,supplier,4,receipt_event_flag,0.0
2025-08-22,supplier,5,po_delay_days,0.0
2025-08-22,supplier,5,receipt_fill_rate,1.0
2025-08-22,supplier,5,receipt_event_flag,0.0
2025-08-22,material,101,stock,181.0
2025-08-22,material,101,days_of_cover,7.31
2025-08-22,material,101,open_po_flag,1.0
2025-08-22,material,101,reorder_triggered,1.0
2025-08-22,material,102,stock,134.0
2025-08-22,material,102,days_of_cover,17.87
2025-08-22,material,102,open_po_flag,0.0
2025-08-22,material,102,reorder_triggered,0.0
2025-08-22,material,103,stock,163.0
2025-08-22,material,103,days_of_cover,34.32
2025-08-22,material,103,open_po_flag,0.0
2025-08-22,material,103,reorder_triggered,0.0
2025-08-22,product,201,fg_stock,353.0
2025-08-22,product,201,planned_production,30.0
2025-08-22,product,201,actual_production,20.0
2025-08-22,product,201,production_shortfall,10.0
2025-08-22,product,201,demand_units,0.0
2025-08-22,product,201,due_backlog_units,0.0
2025-08-22,product,201,newly_backordered_units,0.0
2025-08-22,product,201,backorder_flag,0.0
2025-08-22,product,202,fg_stock,263.0
2025-08-22,product,202,planned_production,20.0
2025-08-22,product,202,actual_production,20.0
2025-08-22,product,202,production_shortfall,0.0
2025-08-22,product,202,demand_units,0.0
2025-08-22,product,202,due_backlog_units,0.0
2025-08-22,product,202,newly_backordered_units,0.0
2025-08-22,product,202,backorder_flag,0.0
2025-08-23,calendar,global,weekday,5.0
2025-08-23,calendar,global,month,8.0
2025-08-23,calendar,global,is_weekend,1.0
2025-08-23,supplier,1,po_delay_days,0.0
2025-08-23,supplier,1,receipt_fill_rate,1.0
2025-08-23,supplier,1,receipt_event_flag,0.0
2025-08-23,supplier,2,po_delay_days,0.0
2025-08-23,supplier,2,receipt_fill_rate,1.0
2025-08-23,supplier,2,receipt_event_flag,0.0
2025-08-23,supplier,3,po_delay_days,0.0
2025-08-23,supplier,3,receipt_fill_rate,1.0
2025-08-23,supplier,3,receipt_event_flag,0.0
2025-08-23,supplier,4,po_delay_days,0.0
2025-08-23,supplier,4,receipt_fill_rate,1.0
2025-08-23,supplier,4,receipt_event_flag,0.0
2025-08-23,supplier,5,po_delay_days,0.0
2025-08-23,supplier,5,receipt_fill_rate,1.0
2025-08-23,supplier,5,receipt_event_flag,0.0
2025-08-23,material,101,stock,181.0
2025-08-23,material,101,days_of_cover,7.31
2025-08-23,material,101,open_po_flag,1.0
2025-08-23,material,101,reorder_triggered,0.0
2025-08-23,material,102,stock,134.0
2025-08-23,material,102,days_of_cover,17.87
2025-08-23,material,102,open_po_flag,0.0
2025-08-23,material,102,reorder_triggered,0.0
2025-08-23,material,103,stock,163.0
2025-08-23,material,103,days_of_cover,34.32
2025-08-23,material,103,open_po_flag,0.0
2025-08-23,material,103,reorder_triggered,0.0
2025-08-23,product,201,fg_stock,353.0
2025-08-23,product,201,planned_production,0.0
2025-08-23,product,201,actual_production,0.0
2025-08-23,product,201,production_shortfall,0.0
2025-08-23,product,201,demand_units,0.0
2025-08-23,product,201,due_backlog_units,0.0
2025-08-23,product,201,newly_backordered_units,0.0
2025-08-23,product,201,backorder_flag,0.0
2025-08-23,product,202,fg_stock,263.0
2025-08-23,product,202,planned_production,0.0
2025-08-23,product,202,actual_production,0.0
2025-08-23,product,202,production_shortfall,0.0
2025-08-23,product,202,demand_units,0.0
2025-08-23,product,202,due_backlog_units,0.0
2025-08-23,product,202,newly_backordered_units,0.0
2025-08-23,product,202,backorder_flag,0.0
2025-08-24,calendar,global,weekday,6.0
2025-08-24,calendar,global,month,8.0
2025-08-24,calendar,global,is_weekend,1.0
2025-08-24,supplier,1,po_delay_days,0.0
2025-08-24,supplier,1,receipt_fill_rate,1.0
2025-08-24,supplier,1,receipt_event_flag,0.0
2025-08-24,supplier,2,po_delay_days,0.0
2025-08-24,supplier,2,receipt_fill_rate,1.0
2025-08-24,supplier,2,receipt_event_flag,0.0
2025-08-24,supplier,3,po_delay_days,0.0
2025-08-24,supplier,3,receipt_fill_rate,1.0
2025-08-24,supplier,3,receipt_event_flag,0.0
2025-08-24,supplier,4,po_delay_days,0.0
2025-08-24,supplier,4,receipt_fill_rate,1.0
2025-08-24,supplier,4,receipt_event_flag,0.0
2025-08-24,supplier,5,po_delay_days,0.0
2025-08-24,supplier,5,receipt_fill_rate,1.0
2025-08-24,supplier,5,receipt_event_flag,0.0
2025-08-24,material,101,stock,181.0
2025-08-24,material,101,days_of_cover,7.31
2025-08-24,material,101,open_po_flag,1.0
2025-08-24,material,101,reorder_triggered,0.0
2025-08-24,material,102,stock,134.0
2025-08-24,material,102,days_of_cover,17.87
2025-08-24,material,102,open_po_flag,0.0
2025-08-24,material,102,reorder_triggered,0.0
2025-08-24,material,103,stock,163.0
2025-08-24,material,103,days_of_cover,34.32
2025-08-24,material,103,open_po_flag,0.0
2025-08-24,material,103,reorder_triggered,0.0
2025-08-24,product,201,fg_stock,324.0
2025-08-24,product,201,planned_production,0.0
2025-08-24,product,201,actual_production,0.0
2025-08-24,product,201,production_shortfall,0.0
2025-08-24,product,201,demand_units,0.0
2025-08-24,product,201,due_backlog_units,0.0
2025-08-24,product,201,newly_backordered_units,0.0
2025-08-24,product,201,backorder_flag,0.0
2025-08-24,product,202,fg_stock,263.0
2025-08-24,product,202,planned_production,0.0
2025-08-24,product,202,actual_production,0.0
2025-08-24,product,202,production_shortfall,0.0
2025-08-24,product,202,demand_units,0.0
2025-08-24,product,202,due_backlog_units,0.0
2025-08-24,product,202,newly_backordered_units,0.0
2025-08-24,product,202,backorder_flag,0.0
2025-08-25,calendar,global,weekday,0.0
2025-08-25,calendar,global,month,8.0
2025-08-25,calendar,global,is_weekend,0.0
2025-08-25,supplier,1,po_delay_days,0.0
2025-08-25,supplier,1,receipt_fill_rate,1.0
2025-08-25,supplier,1,receipt_event_flag,0.0
2025-08-25,supplier,2,po_delay_days,0.0
2025-08-25,supplier,2,receipt_fill_rate,1.0
2025-08-25,supplier,2,receipt_event_flag,0.0
2025-08-25,supplier,3,po_delay_days,0.0
2025-08-25,supplier,3,receipt_fill_rate,1.0
2025-08-25,supplier,3,receipt_event_flag,0.0
2025-08-25,supplier,4,po_delay_days,0.0
2025-08-25,supplier,4,receipt_fill_rate,1.0
2025-08-25,supplier,4,receipt_event_flag,0.0
2025-08-25,supplier,5,po_delay_days,0.0
2025-08-25,supplier,5,receipt_fill_rate,1.0
2025-08-25,supplier,5,receipt_event_flag,0.0
2025-08-25,material,101,stock,82.0
2025-08-25,material,101,days_of_cover,2.9
2025-08-25,material,101,open_po_flag,1.0
2025-08-25,material,101,reorder_triggered,0.0
2025-08-25,material,102,stock,104.0
2025-08-25,material,102,days_of_cover,12.13
2025-08-25,material,102,open_po_flag,1.0
2025-08-25,material,102,reorder_triggered,1.0
2025-08-25,material,103,stock,144.0
2025-08-25,material,103,days_of_cover,26.53
2025-08-25,material,103,open_po_flag,0.0
2025-08-25,material,103,reorder_triggered,0.0
2025-08-25,product,201,fg_stock,337.0
2025-08-25,product,201,planned_production,30.0
2025-08-25,product,201,actual_production,30.0
2025-08-25,product,201,production_shortfall,0.0
2025-08-25,product,201,demand_units,16.0
2025-08-25,product,201,due_backlog_units,0.0
2025-08-25,product,201,newly_backordered_units,0.0
2025-08-25,product,201,backorder_flag,0.0
2025-08-25,product,202,fg_stock,283.0
2025-08-25,product,202,planned_production,20.0
2025-08-25,product,202,actual_production,20.0
2025-08-25,product,202,production_shortfall,0.0
2025-08-25,product,202,demand_units,11.0
2025-08-25,product,202,due_backlog_units,0.0
2025-08-25,product,202,newly_backordered_units,0.0
2025-08-25,product,202,backorder_flag,0.0
2025-08-26,calendar,global,weekday,1.0
2025-08-26,calendar,global,month,8.0
2025-08-26,calendar,global,is_weekend,0.0
2025-08-26,supplier,1,po_delay_days,0.0
2025-08-26,supplier,1,receipt_fill_rate,1.0
2025-08-26,supplier,1,receipt_event_flag,0.0
2025-08-26,supplier,2,po_delay_days,0.0
2025-08-26,supplier,2,receipt_fill_rate,1.0
2025-08-26,supplier,2,receipt_event_flag,0.0
2025-08-26,supplier,3,po_delay_days,0.0
2025-08-26,supplier,3,receipt_fill_rate,1.0
2025-08-26,supplier,3,receipt_event_flag,0.0
2025-08-26,supplier,4,po_delay_days,0.0
2025-08-26,supplier,4,receipt_fill_rate,1.0
2025-08-26,supplier,4,receipt_event_flag,0.0
2025-08-26,supplier,5,po_delay_days,0.0
2025-08-26,supplier,5,receipt_fill_rate,1.0
2025-08-26,supplier,5,receipt_event_flag,0.0
2025-08-26,material,101,stock,82.0
2025-08-26,material,101,days_of_cover,2.9
2025-08-26,material,101,open_po_flag,1.0
2025-08-26,material,101,reorder_triggered,0.0
2025-08-26,material,102,stock,104.0
2025-08-26,material,102,days_of_cover,12.13
2025-08-26,material,102,open_po_flag,1.0
2025-08-26,material,102,reorder_triggered,0.0
2025-08-26,material,103,stock,144.0
2025-08-26,material,103,days_of_cover,26.53
2025-08-26,material,103,open_po_flag,0.0
2025-08-26,material,103,reorder_triggered,0.0
2025-08-26,product,201,fg_stock,337.0
2025-08-26,product,201,planned_production,0.0
2025-08-26,product,201,actual_production,0.0
2025-08-26,product,201,production_shortfall,0.0
2025-08-26,product,201,demand_units,0.0
2025-08-26,product,201,due_backlog_units,0.0
2025-08-26,product,201,newly_backordered_units,0.0
2025-08-26,product,201,backorder_flag,0.0
2025-08-26,product,202,fg_stock,275.0
2025-08-26,product,202,planned_production,0.0
2025-08-26,product,202,actual_production,0.0
2025-08-26,product,202,production_shortfall,0.0
2025-08-26,product,202,demand_units,0.0
2025-08-26,product,202,due_backlog_units,0.0
2025-08-26,product,202,newly_backordered_units,0.0
2025-08-26,product,202,backorder_flag,0.0
2025-08-27,calendar,global,weekday,2.0
2025-08-27,calendar,global,month,8.0
2025-08-27,calendar,global,is_weekend,0.0
2025-08-27,supplier,1,po_delay_days,0.0
2025-08-27,supplier,1,receipt_fill_rate,1.0
2025-08-27,supplier,1,receipt_event_flag,0.0
2025-08-27,supplier,2,po_delay_days,0.0
2025-08-27,supplier,2,receipt_fill_rate,1.0
2025-08-27,supplier,2,receipt_event_flag,0.0
2025-08-27,supplier,3,po_delay_days,0.0
2025-08-27,supplier,3,receipt_fill_rate,1.0
2025-08-27,supplier,3,receipt_event_flag,0.0
2025-08-27,supplier,4,po_delay_days,0.0
2025-08-27,supplier,4,receipt_fill_rate,1.0
2025-08-27,supplier,4,receipt_event_flag,0.0
2025-08-27,supplier,5,po_delay_days,0.0
2025-08-27,supplier,5,receipt_fill_rate,1.0
2025-08-27,supplier,5,receipt_event_flag,0.0
2025-08-27,material,101,stock,8.0
2025-08-27,material,101,days_of_cover,0.25
2025-08-27,material,101,open_po_flag,1.0
2025-08-27,material,101,reorder_triggered,0.0
2025-08-27,material,102,stock,84.0
2025-08-27,material,102,days_of_cover,8.71
2025-08-27,material,102,open_po_flag,1.0
2025-08-27,material,102,reorder_triggered,0.0
2025-08-27,material,103,stock,128.0
2025-08-27,material,103,days_of_cover,20.96
2025-08-27,material,103,open_po_flag,0.0
2025-08-27,material,103,reorder_triggered,0.0
2025-08-27,product,201,fg_stock,357.0
2025-08-27,product,201,planned_production,30.0
2025-08-27,product,201,actual_production,20.0
2025-08-27,product,201,production_shortfall,10.0
2025-08-27,product,201,demand_units,0.0
2025-08-27,product,201,due_backlog_units,0.0
2025-08-27,product,201,newly_backordered_units,0.0
2025-08-27,product,201,backorder_flag,0.0
2025-08-27,product,202,fg_stock,284.0
2025-08-27,product,202,planned_production,20.0
2025-08-27,product,202,actual_production,20.0
2025-08-27,product,202,production_shortfall,0.0
2025-08-27,product,202,demand_units,0.0
2025-08-27,product,202,due_backlog_units,0.0
2025-08-27,product,202,newly_backordered_units,0.0
2025-08-27,product,202,backorder_flag,0.0
2025-08-28,calendar,global,weekday,3.0
2025-08-28,calendar,global,month,8.0
2025-08-28,calendar,global,is_weekend,0.0
2025-08-28,supplier,1,po_delay_days,0.0
2025-08-28,supplier,1,receipt_fill_rate,1.0
2025-08-28,supplier,1,receipt_event_flag,0.0
2025-08-28,supplier,2,po_delay_days,0.0
2025-08-28,supplier,2,receipt_fill_rate,1.0
2025-08-28,supplier,2,receipt_event_flag,0.0
2025-08-28,supplier,3,po_delay_days,0.0
2025-08-28,supplier,3,receipt_fill_rate,1.0
2025-08-28,supplier,3,receipt_event_flag,0.0
2025-08-28,supplier,4,po_delay_days,0.0
2025-08-28,supplier,4,receipt_fill_rate,1.0
2025-08-28,supplier,4,receipt_event_flag,0.0
2025-08-28,supplier,5,po_delay_days,0.0
2025-08-28,supplier,5,receipt_fill_rate,1.0
2025-08-28,supplier,5,receipt_event_flag,0.0
2025-08-28,material,101,stock,8.0
2025-08-28,material,101,days_of_cover,0.28
2025-08-28,material,101,open_po_flag,1.0
2025-08-28,material,101,reorder_triggered,0.0
2025-08-28,material,102,stock,84.0
2025-08-28,material,102,days_of_cover,9.8
2025-08-28,material,102,open_po_flag,1.0
2025-08-28,material,102,reorder_triggered,0.0
2025-08-28,material,103,stock,128.0
2025-08-28,material,103,days_of_cover,23.58
2025-08-28,material,103,open_po_flag,0.0
2025-08-28,material,103,reorder_triggered,0.0
2025-08-28,product,201,fg_stock,357.0
2025-08-28,product,201,planned_production,0.0
2025-08-28,product,201,actual_production,0.0
2025-08-28,product,201,production_shortfall,0.0
2025-08-28,product,201,demand_units,0.0
2025-08-28,product,201,due_backlog_units,0.0
2025-08-28,product,201,newly_backordered_units,0.0
2025-08-28,product,201,backorder_flag,0.0
2025-08-28,product,202,fg_stock,284.0
2025-08-28,product,202,planned_production,0.0
2025-08-28,product,202,actual_production,0.0
2025-08-28,product,202,production_shortfall,0.0
2025-08-28,product,202,demand_units,0.0
2025-08-28,product,202,due_backlog_units,0.0
2025-08-28,product,202,newly_backordered_units,0.0
2025-08-28,product,202,backorder_flag,0.0
2025-08-29,calendar,global,weekday,4.0
2025-08-29,calendar,global,month,8.0
2025-08-29,calendar,global,is_weekend,0.0
2025-08-29,supplier,1,po_delay_days,0.0
2025-08-29,supplier,1,receipt_fill_rate,1.0
2025-08-29,supplier,1,receipt_event_flag,0.0
2025-08-29,supplier,2,po_delay_days,0.0
2025-08-29,supplier,2,receipt_fill_rate,1.0
2025-08-29,supplier,2,receipt_event_flag,0.0
2025-08-29,supplier,3,po_delay_days,0.0
2025-08-29,supplier,3,receipt_fill_rate,1.0
2025-08-29,supplier,3,receipt_event_flag,0.0
2025-08-29,supplier,4,po_delay_days,0.0
2025-08-29,supplier,4,receipt_fill_rate,1.0
2025-08-29,supplier,4,receipt_event_flag,0.0
2025-08-29,supplier,5,po_delay_days,0.0
2025-08-29,supplier,5,receipt_fill_rate,1.0
2025-08-29,supplier,5,receipt_event_flag,0.0
2025-08-29,material,101,stock,8.0
2025-08-29,material,101,days_of_cover,0.28
2025-08-29,material,101,open_po_flag,1.0
2025-08-29,material,101,reorder_triggered,0.0
2025-08-29,material,102,stock,84.0
2025-08-29,material,102,days_of_cover,9.8
2025-08-29,material,102,open_po_flag,1.0
2025-08-29,material,102,reorder_triggered,0.0
2025-08-29,material,103,stock,128.0
2025-08-29,material,103,days_of_cover,23.58
2025-08-29,material,103,open_po_flag,0.0
2025-08-29,material,103,reorder_triggered,0.0
2025-08-29,product,201,fg_stock,357.0
2025-08-29,product,201,planned_production,0.0
2025-08-29,product,201,actual_production,0.0
2025-08-29,product,201,production_shortfall,0.0
2025-08-29,product,201,demand_units,0.0
2025-08-29,product,201,due_backlog_units,0.0
2025-08-29,product,201,newly_backordered_units,0.0
2025-08-29,product,201,backorder_flag,0.0
2025-08-29,product,202,fg_stock,273.0
2025-08-29,product,202,planned_production,0.0
2025-08-29,product,202,actual_production,0.0
2025-08-29,product,202,production_shortfall,0.0
2025-08-29,product,202,demand_units,0.0
2025-08-29,product,202,due_backlog_units,0.0
2025-08-29,product,202,newly_backordered_units,0.0
2025-08-29,product,202,backorder_flag,0.0
2025-08-30,calendar,global,weekday,5.0
2025-08-30,calendar,global,month,8.0
2025-08-30,calendar,global,is_weekend,1.0
2025-08-30,supplier,1,po_delay_days,0.0
2025-08-30,supplier,1,receipt_fill_rate,1.0
2025-08-30,supplier,1,receipt_event_flag,0.0
2025-08-30,supplier,2,po_delay_days,0.0
2025-08-30,supplier,2,receipt_fill_rate,1.0
2025-08-30,supplier,2,receipt_event_flag,0.0
2025-08-30,supplier,3,po_delay_days,0.0
2025-08-30,supplier,3,receipt_fill_rate,1.0
2025-08-30,supplier,3,receipt_event_flag,0.0
2025-08-30,supplier,4,po_delay_days,0.0
2025-08-30,supplier,4,receipt_fill_rate,1.0
2025-08-30,supplier,4,receipt_event_flag,0.0
2025-08-30,supplier,5,po_delay_days,0.0
2025-08-30,supplier,5,receipt_fill_rate,1.0
2025-08-30,supplier,5,receipt_event_flag,0.0
2025-08-30,material,101,stock,8.0
2025-08-30,material,101,days_of_cover,0.28
2025-08-30,material,101,open_po_flag,1.0
2025-08-30,material,101,reorder_triggered,0.0
2025-08-30,material,102,stock,84.0
2025-08-30,material,102,days_of_cover,9.8
2025-08-30,material,102,open_po_flag,1.0
2025-08-30,material,102,reorder_triggered,0.0
2025-08-30,material,103,stock,128.0
2025-08-30,material,103,days_of_cover,23.58
2025-08-30,material,103,open_po_flag,0.0
2025-08-30,material,103,reorder_triggered,0.0
2025-08-30,product,201,fg_stock,357.0
2025-08-30,product,201,planned_production,0.0
2025-08-30,product,201,actual_production,0.0
2025-08-30,product,201,production_shortfall,0.0
2025-08-30,product,201,demand_units,0.0
2025-08-30,product,201,due_backlog_units,0.0
2025-08-30,product,201,newly_backordered_units,0.0
2025-08-30,product,201,backorder_flag,0.0
2025-08-30,product,202,fg_stock,273.0
2025-08-30,product,202,planned_production,0.0
2025-08-30,product,202,actual_production,0.0
2025-08-30,product,202,production_shortfall,0.0
2025-08-30,product,202,demand_units,0.0
2025-08-30,product,202,due_backlog_units,0.0
2025-08-30,product,202,newly_backordered_units,0.0
2025-08-30,product,202,backorder_flag,0.0
2025-08-31,calendar,global,weekday,6.0
2025-08-31,calendar,global,month,8.0
2025-08-31,calendar,global,is_weekend,1.0
2025-08-31,supplier,1,po_delay_days,0.0
2025-08-31,supplier,1,receipt_fill_rate,1.0
2025-08-31,supplier,1,receipt_event_flag,0.0
2025-08-31,supplier,2,po_delay_days,0.0
2025-08-31,supplier,2,receipt_fill_rate,1.0
2025-08-31,supplier,2,receipt_event_flag,0.0
2025-08-31,supplier,3,po_delay_days,0.0
2025-08-31,supplier,3,receipt_fill_rate,1.0
2025-08-31,supplier,3,receipt_event_flag,0.0
2025-08-31,supplier,4,po_delay_days,0.0
2025-08-31,supplier,4,receipt_fill_rate,1.0
2025-08-31,supplier,4,receipt_event_flag,0.0
2025-08-31,supplier,5,po_delay_days,0.0
2025-08-31,supplier,5,receipt_fill_rate,1.0
2025-08-31,supplier,5,receipt_event_flag,0.0
2025-08-31,material,101,stock,8.0
2025-08-31,material,101,days_of_cover,0.28
2025-08-31,material,101,open_po_flag,1.0
2025-08-31,material,101,reorder_triggered,0.0
2025-08-31,material,102,stock,84.0
2025-08-31,material,102,days_of_cover,9.8
2025-08-31,material,102,open_po_flag,1.0
2025-08-31,material,102,reorder_triggered,0.0
2025-08-31,material,103,stock,128.0
2025-08-31,material,103,days_of_cover,23.58
2025-08-31,material,103,open_po_flag,0.0
2025-08-31,material,103,reorder_triggered,0.0
2025-08-31,product,201,fg_stock,341.0
2025-08-31,product,201,planned_production,0.0
2025-08-31,product,201,actual_production,0.0
2025-08-31,product,201,production_shortfall,0.0
2025-08-31,product,201,demand_units,0.0
2025-08-31,product,201,due_backlog_units,0.0
2025-08-31,product,201,newly_backordered_units,0.0
2025-08-31,product,201,backorder_flag,0.0
2025-08-31,product,202,fg_stock,273.0
2025-08-31,product,202,planned_production,0.0
2025-08-31,product,202,actual_production,0.0
2025-08-31,product,202,production_shortfall,0.0
2025-08-31,product,202,demand_units,0.0
2025-08-31,product,202,due_backlog_units,0.0
2025-08-31,product,202,newly_backordered_units,0.0
2025-08-31,product,202,backorder_flag,0.0
2025-09-01,calendar,global,weekday,0.0
2025-09-01,calendar,global,month,9.0
2025-09-01,calendar,global,is_weekend,0.0
2025-09-01,supplier,1,po_delay_days,0.0
2025-09-01,supplier,1,receipt_fill_rate,1.0
2025-09-01,supplier,1,receipt_event_flag,0.0
2025-09-01,supplier,2,po_delay_days,0.0
2025-09-01,supplier,2,receipt_fill_rate,1.0
2025-09-01,supplier,2,receipt_event_flag,0.0
2025-09-01,supplier,3,po_delay_days,0.0
2025-09-01,supplier,3,receipt_fill_rate,1.0
2025-09-01,supplier,3,receipt_event_flag,0.0
2025-09-01,supplier,4,po_delay_days,1.0
2025-09-01,supplier,4,receipt_fill_rate,0.6625
2025-09-01,supplier,4,receipt_event_flag,1.0
2025-09-01,supplier,5,po_delay_days,0.0
2025-09-01,supplier,5,receipt_fill_rate,1.0
2025-09-01,supplier,5,receipt_event_flag,0.0
2025-09-01,material,101,stock,220.0
2025-09-01,material,101,days_of_cover,7.78
2025-09-01,material,101,open_po_flag,1.0
2025-09-01,material,101,reorder_triggered,0.0
2025-09-01,material,102,stock,84.0
2025-09-01,material,102,days_of_cover,9.8
2025-09-01,material,102,open_po_flag,1.0
2025-09-01,material,102,reorder_triggered,0.0
2025-09-01,material,103,stock,128.0
2025-09-01,material,103,days_of_cover,23.58
2025-09-01,material,103,open_po_flag,0.0
2025-09-01,material,103,reorder_triggered,0.0
2025-09-01,product,201,fg_stock,341.0
2025-09-01,product,201,planned_production,0.0
2025-09-01,product,201,actual_production,0.0
2025-09-01,product,201,production_shortfall,0.0
2025-09-01,product,201,demand_units,0.0
2025-09-01,product,201,due_backlog_units,0.0
2025-09-01,product,201,newly_backordered_units,0.0
2025-09-01,product,201,backorder_flag,0.0
2025-09-01,product,202,fg_stock,273.0
2025-09-01,product,202,planned_production,0.0
2025-09-01,product,202,actual_production,0.0
2025-09-01,product,202,production_shortfall,0.0
2025-09-01,product,202,demand_units,0.0
2025-09-01,product,202,due_backlog_units,0.0
2025-09-01,product,202,newly_backordered_units,0.0
2025-09-01,product,202,backorder_flag,0.0
2025-09-02,calendar,global,weekday,1.0
2025-09-02,calendar,global,month,9.0
2025-09-02,calendar,global,is_weekend,0.0
2025-09-02,supplier,1,po_delay_days,0.0
2025-09-02,supplier,1,receipt_fill_rate,1.0
2025-09-02,supplier,1,receipt_event_flag,0.0
2025-09-02,supplier,2,po_delay_days,0.0
2025-09-02,supplier,2,receipt_fill_rate,1.0
2025-09-02,supplier,2,receipt_event_flag,0.0
2025-09-02,supplier,3,po_delay_days,0.0
2025-09-02,supplier,3,receipt_fill_rate,1.0
2025-09-02,supplier,3,receipt_event_flag,0.0
2025-09-02,supplier,4,po_delay_days,2.0
2025-09-02,supplier,4,receipt_fill_rate,1.0
2025-09-02,supplier,4,receipt_event_flag,0.0
2025-09-02,supplier,5,po_delay_days,0.0
2025-09-02,supplier,5,receipt_fill_rate,1.0
2025-09-02,supplier,5,receipt_event_flag,0.0
2025-09-02,material,101,stock,220.0
2025-09-02,material,101,days_of_cover,8.89
2025-09-02,material,101,open_po_flag,1.0
2025-09-02,material,101,reorder_triggered,0.0
2025-09-02,material,102,stock,84.0
2025-09-02,material,102,days_of_cover,11.2
2025-09-02,material,102,open_po_flag,1.0
2025-09-02,material,102,reorder_triggered,0.0
2025-09-02,material,103,stock,128.0
2025-09-02,material,103,days_of_cover,26.95
2025-09-02,material,103,open_po_flag,0.0
2025-09-02,material,103,reorder_triggered,0.0
2025-09-02,product,201,fg_stock,341.0
2025-09-02,product,201,planned_production,0.0
2025-09-02,product,201,actual_production,0.0
2025-09-02,product,201,production_shortfall,0.0
2025-09-02,product,201,demand_units,0.0
2025-09-02,product,201,due_backlog_units,0.0
2025-09-02,product,201,newly_backordered_units,0.0
2025-09-02,product,201,backorder_flag,0.0
2025-09-02,product,202,fg_stock,273.0
2025-09-02,product,202,planned_production,0.0
2025-09-02,product,202,actual_production,0.0
2025-09-02,product,202,production_shortfall,0.0
2025-09-02,product,202,demand_units,0.0
2025-09-02,product,202,due_backlog_units,0.0
2025-09-02,product,202,newly_backordered_units,0.0
2025-09-02,product,202,backorder_flag,0.0
2025-09-03,calendar,global,weekday,2.0
2025-09-03,calendar,global,month,9.0
2025-09-03,calendar,global,is_weekend,0.0
2025-09-03,supplier,1,po_delay_days,0.0
2025-09-03,supplier,1,receipt_fill_rate,1.0
2025-09-03,supplier,1,receipt_event_flag,0.0
2025-09-03,supplier,2,po_delay_days,0.0
2025-09-03,supplier,2,receipt_fill_rate,1.0
2025-09-03,supplier,2,receipt_event_flag,0.0
2025-09-03,supplier,3,po_delay_days,0.0
2025-09-03,supplier,3,receipt_fill_rate,1.0
2025-09-03,supplier,3,receipt_event_flag,0.0
2025-09-03,supplier,4,po_delay_days,3.0
2025-09-03,supplier,4,receipt_fill_rate,1.0
2025-09-03,supplier,4,receipt_event_flag,1.0
2025-09-03,supplier,5,po_delay_days,0.0
2025-09-03,supplier,5,receipt_fill_rate,1.0
2025-09-03,supplier,5,receipt_event_flag,0.0
2025-09-03,material,101,stock,328.0
2025-09-03,material,101,days_of_cover,13.25
2025-09-03,material,101,open_po_flag,0.0
2025-09-03,material,101,reorder_triggered,0.0
2025-09-03,material,102,stock,84.0
2025-09-03,material,102,days_of_cover,11.2
2025-09-03,material,102,open_po_flag,1.0
2025-09-03,material,102,reorder_triggered,0.0
2025-09-03,material,103,stock,128.0
2025-09-03,material,103,days_of_cover,26.95
2025-09-03,material,103,open_po_flag,0.0
2025-09-03,material,103,reorder_triggered,0.0
2025-09-03,product,201,fg_stock,341.0
2025-09-03,product,201,planned_production,0.0
2025-09-03,product,201,actual_production,0.0
2025-09-03,product,201,production_shortfall,0.0
2025-09-03,product,201,demand_units,0.0
2025-09-03,product,201,due_backlog_units,0.0
2025-09-03,product,201,newly_backordered_units,0.0
2025-09-03,product,201,backorder_flag,0.0
2025-09-03,product,202,fg_stock,273.0
2025-09-03,product,202,planned_production,0.0
2025-09-03,product,202,actual_production,0.0
2025-09-03,product,202,production_shortfall,0.0
2025-09-03,product,202,demand_units,8.0
2025-09-03,product,202,due_backlog_units,0.0
2025-09-03,product,202,newly_backordered_units,0.0
2025-09-03,product,202,backorder_flag,0.0
2025-09-04,calendar,global,weekday,3.0
2025-09-04,calendar,global,month,9.0
2025-09-04,calendar,global,is_weekend,0.0
2025-09-04,supplier,1,po_delay_days,0.0
2025-09-04,supplier,1,receipt_fill_rate,1.0
2025-09-04,supplier,1,receipt_event_flag,0.0
2025-09-04,supplier,2,po_delay_days,0.0
2025-09-04,supplier,2,receipt_fill_rate,1.0
2025-09-04,supplier,2,receipt_event_flag,0.0
2025-09-04,supplier,3,po_delay_days,0.0
2025-09-04,supplier,3,receipt_fill_rate,1.0
2025-09-04,supplier,3,receipt_event_flag,0.0
2025-09-04,supplier,4,po_delay_days,0.0
2025-09-04,supplier,4,receipt_fill_rate,1.0
2025-09-04,supplier,4,receipt_event_flag,0.0
2025-09-04,supplier,5,po_delay_days,0.0
2025-09-04,supplier,5,receipt_fill_rate,1.0
2025-09-04,supplier,5,receipt_event_flag,0.0
2025-09-04,material,101,stock,328.0
2025-09-04,material,101,days_of_cover,13.25
2025-09-04,material,101,open_po_flag,0.0
2025-09-04,material,101,reorder_triggered,0.0
2025-09-04,material,102,stock,84.0
2025-09-04,material,102,days_of_cover,11.2
2025-09-04,material,102,open_po_flag,1.0
2025-09-04,material,102,reorder_triggered,0.0
2025-09-04,material,103,stock,128.0
2025-09-04,material,103,days_of_cover,26.95
2025-09-04,material,103,open_po_flag,0.0
2025-09-04,material,103,reorder_triggered,0.0
2025-09-04,product,201,fg_stock,341.0
2025-09-04,product,201,planned_production,0.0
2025-09-04,product,201,actual_production,0.0
2025-09-04,product,201,production_shortfall,0.0
2025-09-04,product,201,demand_units,0.0
2025-09-04,product,201,due_backlog_units,0.0
2025-09-04,product,201,newly_backordered_units,0.0
2025-09-04,product,201,backorder_flag,0.0
2025-09-04,product,202,fg_stock,273.0
2025-09-04,product,202,planned_production,0.0
2025-09-04,product,202,actual_production,0.0
2025-09-04,product,202,production_shortfall,0.0
2025-09-04,product,202,demand_units,16.0
2025-09-04,product,202,due_backlog_units,0.0
2025-09-04,product,202,newly_backordered_units,0.0
2025-09-04,product,202,backorder_flag,0.0
2025-09-05,calendar,global,weekday,4.0
2025-09-05,calendar,global,month,9.0
2025-09-05,calendar,global,is_weekend,0.0
2025-09-05,supplier,1,po_delay_days,0.0
2025-09-05,supplier,1,receipt_fill_rate,1.0
2025-09-05,supplier,1,receipt_event_flag,0.0
2025-09-05,supplier,2,po_delay_days,0.0
2025-09-05,supplier,2,receipt_fill_rate,1.0
2025-09-05,supplier,2,receipt_event_flag,0.0
2025-09-05,supplier,3,po_delay_days,0.0
2025-09-05,supplier,3,receipt_fill_rate,1.0
2025-09-05,supplier,3,receipt_event_flag,0.0
2025-09-05,supplier,4,po_delay_days,0.0
2025-09-05,supplier,4,receipt_fill_rate,1.0
2025-09-05,supplier,4,receipt_event_flag,0.0
2025-09-05,supplier,5,po_delay_days,0.0
2025-09-05,supplier,5,receipt_fill_rate,1.0
2025-09-05,supplier,5,receipt_event_flag,0.0
2025-09-05,material,101,stock,328.0
2025-09-05,material,101,days_of_cover,13.25
2025-09-05,material,101,open_po_flag,0.0
2025-09-05,material,101,reorder_triggered,0.0
2025-09-05,material,102,stock,84.0
2025-09-05,material,102,days_of_cover,11.2
2025-09-05,material,102,open_po_flag,1.0
2025-09-05,material,102,reorder_triggered,0.0
2025-09-05,material,103,stock,128.0
2025-09-05,material,103,days_of_cover,26.95
2025-09-05,material,103,open_po_flag,0.0
2025-09-05,material,103,reorder_triggered,0.0
2025-09-05,product,201,fg_stock,341.0
2025-09-05,product,201,planned_production,0.0
2025-09-05,product,201,actual_production,0.0
2025-09-05,product,201,production_shortfall,0.0
2025-09-05,product,201,demand_units,0.0
2025-09-05,product,201,due_backlog_units,0.0
2025-09-05,product,201,newly_backordered_units,0.0
2025-09-05,product,201,backorder_flag,0.0
2025-09-05,product,202,fg_stock,273.0
2025-09-05,product,202,planned_production,0.0
2025-09-05,product,202,actual_production,0.0
2025-09-05,product,202,production_shortfall,0.0
2025-09-05,product,202,demand_units,31.0
2025-09-05,product,202,due_backlog_units,0.0
2025-09-05,product,202,newly_backordered_units,0.0
2025-09-05,product,202,backorder_flag,0.0
2025-09-06,calendar,global,weekday,5.0
2025-09-06,calendar,global,month,9.0
2025-09-06,calendar,global,is_weekend,1.0
2025-09-06,supplier,1,po_delay_days,0.0
2025-09-06,supplier,1,receipt_fill_rate,1.0
2025-09-06,supplier,1,receipt_event_flag,0.0
2025-09-06,supplier,2,po_delay_days,0.0
2025-09-06,supplier,2,receipt_fill_rate,1.0
2025-09-06,supplier,2,receipt_event_flag,0.0
2025-09-06,supplier,3,po_delay_days,0.0
2025-09-06,supplier,3,receipt_fill_rate,1.0
2025-09-06,supplier,3,receipt_event_flag,0.0
2025-09-06,supplier,4,po_delay_days,0.0
2025-09-06,supplier,4,receipt_fill_rate,1.0
2025-09-06,supplier,4,receipt_event_flag,0.0
2025-09-06,supplier,5,po_delay_days,0.0
2025-09-06,supplier,5,receipt_fill_rate,1.0
2025-09-06,supplier,5,receipt_event_flag,0.0
2025-09-06,material,101,stock,328.0
2025-09-06,material,101,days_of_cover,13.25
2025-09-06,material,101,open_po_flag,0.0
2025-09-06,material,101,reorder_triggered,0.0
2025-09-06,material,102,stock,84.0
2025-09-06,material,102,days_of_cover,11.2
2025-09-06,material,102,open_po_flag,1.0
2025-09-06,material,102,reorder_triggered,0.0
2025-09-06,material,103,stock,128.0
2025-09-06,material,103,days_of_cover,26.95
2025-09-06,material,103,open_po_flag,0.0
2025-09-06,material,103,reorder_triggered,0.0
2025-09-06,product,201,fg_stock,341.0
2025-09-06,product,201,planned_production,0.0
2025-09-06,product,201,actual_production,0.0
2025-09-06,product,201,production_shortfall,0.0
2025-09-06,product,201,demand_units,0.0
2025-09-06,product,201,due_backlog_units,0.0
2025-09-06,product,201,newly_backordered_units,0.0
2025-09-06,product,201,backorder_flag,0.0
2025-09-06,product,202,fg_stock,273.0
2025-09-06,product,202,planned_production,0.0
2025-09-06,product,202,actual_production,0.0
2025-09-06,product,202,production_shortfall,0.0
2025-09-06,product,202,demand_units,0.0
2025-09-06,product,202,due_backlog_units,0.0
2025-09-06,product,202,newly_backordered_units,0.0
2025-09-06,product,202,backorder_flag,0.0
2025-09-07,calendar,global,weekday,6.0
2025-09-07,calendar,global,month,9.0
2025-09-07,calendar,global,is_weekend,1.0
2025-09-07,supplier,1,po_delay_days,0.0
2025-09-07,supplier,1,receipt_fill_rate,1.0
2025-09-07,supplier,1,receipt_event_flag,0.0
2025-09-07,supplier,2,po_delay_days,0.0
2025-09-07,supplier,2,receipt_fill_rate,1.0
2025-09-07,supplier,2,receipt_event_flag,0.0
2025-09-07,supplier,3,po_delay_days,0.0
2025-09-07,supplier,3,receipt_fill_rate,1.0
2025-09-07,supplier,3,receipt_event_flag,0.0
2025-09-07,supplier,4,po_delay_days,0.0
2025-09-07,supplier,4,receipt_fill_rate,1.0
2025-09-07,supplier,4,receipt_event_flag,0.0
2025-09-07,supplier,5,po_delay_days,0.0
2025-09-07,supplier,5,receipt_fill_rate,1.0
2025-09-07,supplier,5,receipt_event_flag,0.0
2025-09-07,material,101,stock,328.0
2025-09-07,material,101,days_of_cover,13.25
2025-09-07,material,101,open_po_flag,0.0
2025-09-07,material,101,reorder_triggered,0.0
2025-09-07,material,102,stock,84.0
2025-09-07,material,102,days_of_cover,11.2
2025-09-07,material,102,open_po_flag,1.0
2025-09-07,material,102,reorder_triggered,0.0
2025-09-07,material,103,stock,128.0
2025-09-07,material,103,days_of_cover,26.95
2025-09-07,material,103,open_po_flag,0.0
2025-09-07,material,103,reorder_triggered,0.0
2025-09-07,product,201,fg_stock,341.0
2025-09-07,product,201,planned_production,0.0
2025-09-07,product,201,actual_production,0.0
2025-09-07,product,201,production_shortfall,0.0
2025-09-07,product,201,demand_units,0.0
2025-09-07,product,201,due_backlog_units,0.0
2025-09-07,product,201,newly_backordered_units,0.0
2025-09-07,product,201,backorder_flag,0.0
2025-09-07,product,202,fg_stock,268.0
2025-09-07,product,202,planned_production,0.0
2025-09-07,product,202,actual_production,0.0
2025-09-07,product,202,production_shortfall,0.0
2025-09-07,product,202,demand_units,0.0
2025-09-07,product,202,due_backlog_units,0.0
2025-09-07,product,202,newly_backordered_units,0.0
2025-09-07,product,202,backorder_flag,0.0
2025-09-08,calendar,global,weekday,0.0
2025-09-08,calendar,global,month,9.0
2025-09-08,calendar,global,is_weekend,0.0
2025-09-08,supplier,1,po_delay_days,0.0
2025-09-08,supplier,1,receipt_fill_rate,1.0
2025-09-08,supplier,1,receipt_event_flag,0.0
2025-09-08,supplier,2,po_delay_days,0.0
2025-09-08,supplier,2,receipt_fill_rate,1.0
2025-09-08,supplier,2,receipt_event_flag,0.0
2025-09-08,supplier,3,po_delay_days,0.0
2025-09-08,supplier,3,receipt_fill_rate,1.0
2025-09-08,supplier,3,receipt_event_flag,1.0
2025-09-08,supplier,4,po_delay_days,0.0
2025-09-08,supplier,4,receipt_fill_rate,1.0
2025-09-08,supplier,4,receipt_event_flag,0.0
2025-09-08,supplier,5,po_delay_days,0.0
2025-09-08,supplier,5,receipt_fill_rate,1.0
2025-09-08,supplier,5,receipt_event_flag,0.0
2025-09-08,material,101,stock,328.0
2025-09-08,material,101,days_of_cover,13.25
2025-09-08,material,101,open_po_flag,0.0
2025-09-08,material,101,reorder_triggered,0.0
2025-09-08,material,102,stock,290.0
2025-09-08,material,102,days_of_cover,38.67
2025-09-08,material,102,open_po_flag,0.0
2025-09-08,material,102,reorder_triggered,0.0
2025-09-08,material,103,stock,128.0
2025-09-08,material,103,days_of_cover,26.95
2025-09-08,material,103,open_po_flag,0.0
2025-09-08,material,103,reorder_triggered,0.0
2025-09-08,product,201,fg_stock,341.0
2025-09-08,product,201,planned_production,0.0
2025-09-08,product,201,actual_production,0.0
2025-09-08,product,201,production_shortfall,0.0
2025-09-08,product,201,demand_units,0.0
2025-09-08,product,201,due_backlog_units,0.0
2025-09-08,product,201,newly_backordered_units,0.0
2025-09-08,product,201,backorder_flag,0.0
2025-09-08,product,202,fg_stock,243.0
2025-09-08,product,202,planned_production,0.0
2025-09-08,product,202,actual_production,0.0
2025-09-08,product,202,production_shortfall,0.0
2025-09-08,product,202,demand_units,0.0
2025-09-08,product,202,due_backlog_units,0.0
2025-09-08,product,202,newly_backordered_units,0.0
2025-09-08,product,202,backorder_flag,0.0
2025-09-09,calendar,global,weekday,1.0
2025-09-09,calendar,global,month,9.0
2025-09-09,calendar,global,is_weekend,0.0
2025-09-09,supplier,1,po_delay_days,0.0
2025-09-09,supplier,1,receipt_fill_rate,1.0
2025-09-09,supplier,1,receipt_event_flag,0.0
2025-09-09,supplier,2,po_delay_days,0.0
2025-09-09,supplier,2,receipt_fill_rate,1.0
2025-09-09,supplier,2,receipt_event_flag,0.0
2025-09-09,supplier,3,po_delay_days,0.0
2025-09-09,supplier,3,receipt_fill_rate,1.0
2025-09-09,supplier,3,receipt_event_flag,0.0
2025-09-09,supplier,4,po_delay_days,0.0
2025-09-09,supplier,4,receipt_fill_rate,1.0
2025-09-09,supplier,4,receipt_event_flag,0.0
2025-09-09,supplier,5,po_delay_days,0.0
2025-09-09,supplier,5,receipt_fill_rate,1.0
2025-09-09,supplier,5,receipt_event_flag,0.0
2025-09-09,material,101,stock,229.0
2025-09-09,material,101,days_of_cover,9.25
2025-09-09,material,101,open_po_flag,0.0
2025-09-09,material,101,reorder_triggered,0.0
2025-09-09,material,102,stock,260.0
2025-09-09,material,102,days_of_cover,34.67
2025-09-09,material,102,open_po_flag,0.0
2025-09-09,material,102,reorder_triggered,0.0
2025-09-09,material,103,stock,109.0
2025-09-09,material,103,days_of_cover,22.95
2025-09-09,material,103,open_po_flag,0.0
2025-09-09,material,103,reorder_triggered,0.0
2025-09-09,product,201,fg_stock,371.0
2025-09-09,product,201,planned_production,30.0
2025-09-09,product,201,actual_production,30.0
2025-09-09,product,201,production_shortfall,0.0
2025-09-09,product,201,demand_units,14.0
2025-09-09,product,201,due_backlog_units,0.0
2025-09-09,product,201,newly_backordered_units,0.0
2025-09-09,product,201,backorder_flag,0.0
2025-09-09,product,202,fg_stock,263.0
2025-09-09,product,202,planned_production,20.0
2025-09-09,product,202,actual_production,20.0
2025-09-09,product,202,production_shortfall,0.0
2025-09-09,product,202,demand_units,0.0
2025-09-09,product,202,due_backlog_units,0.0
2025-09-09,product,202,newly_backordered_units,0.0
2025-09-09,product,202,backorder_flag,0.0
2025-09-10,calendar,global,weekday,2.0
2025-09-10,calendar,global,month,9.0
2025-09-10,calendar,global,is_weekend,0.0
2025-09-10,supplier,1,po_delay_days,0.0
2025-09-10,supplier,1,receipt_fill_rate,1.0
2025-09-10,supplier,1,receipt_event_flag,0.0
2025-09-10,supplier,2,po_delay_days,0.0
2025-09-10,supplier,2,receipt_fill_rate,1.0
2025-09-10,supplier,2,receipt_event_flag,0.0
2025-09-10,supplier,3,po_delay_days,0.0
2025-09-10,supplier,3,receipt_fill_rate,1.0
2025-09-10,supplier,3,receipt_event_flag,0.0
2025-09-10,supplier,4,po_delay_days,0.0
2025-09-10,supplier,4,receipt_fill_rate,1.0
2025-09-10,supplier,4,receipt_event_flag,0.0
2025-09-10,supplier,5,po_delay_days,0.0
2025-09-10,supplier,5,receipt_fill_rate,1.0
2025-09-10,supplier,5,receipt_event_flag,0.0
2025-09-10,material,101,stock,229.0
2025-09-10,material,101,days_of_cover,10.79
2025-09-10,material,101,open_po_flag,0.0
2025-09-10,material,101,reorder_triggered,0.0
2025-09-10,material,102,stock,260.0
2025-09-10,material,102,days_of_cover,40.44
2025-09-10,material,102,open_po_flag,0.0
2025-09-10,material,102,reorder_triggered,0.0
2025-09-10,material,103,stock,109.0
2025-09-10,material,103,days_of_cover,26.77
2025-09-10,material,103,open_po_flag,0.0
2025-09-10,material,103,reorder_triggered,0.0
2025-09-10,product,201,fg_stock,371.0
2025-09-10,product,201,planned_production,0.0
2025-09-10,product,201,actual_production,0.0
2025-09-10,product,201,production_shortfall,0.0
2025-09-10,product,201,demand_units,16.0
2025-09-10,product,201,due_backlog_units,0.0
2025-09-10,product,201,newly_backordered_units,0.0
2025-09-10,product,201,backorder_flag,0.0
2025-09-10,product,202,fg_stock,252.0
2025-09-10,product,202,planned_production,0.0
2025-09-10,product,202,actual_production,0.0
2025-09-10,product,202,production_shortfall,0.0
2025-09-10,product,202,demand_units,0.0
2025-09-10,product,202,due_backlog_units,0.0
2025-09-10,product,202,newly_backordered_units,0.0
2025-09-10,product,202,backorder_flag,0.0
2025-09-11,calendar,global,weekday,3.0
2025-09-11,calendar,global,month,9.0
2025-09-11,calendar,global,is_weekend,0.0
2025-09-11,supplier,1,po_delay_days,0.0
2025-09-11,supplier,1,receipt_fill_rate,1.0
2025-09-11,supplier,1,receipt_event_flag,0.0
2025-09-11,supplier,2,po_delay_days,0.0
2025-09-11,supplier,2,receipt_fill_rate,1.0
2025-09-11,supplier,2,receipt_event_flag,0.0
2025-09-11,supplier,3,po_delay_days,0.0
2025-09-11,supplier,3,receipt_fill_rate,1.0
2025-09-11,supplier,3,receipt_event_flag,0.0
2025-09-11,supplier,4,po_delay_days,0.0
2025-09-11,supplier,4,receipt_fill_rate,1.0
2025-09-11,supplier,4,receipt_event_flag,0.0
2025-09-11,supplier,5,po_delay_days,0.0
2025-09-11,supplier,5,receipt_fill_rate,1.0
2025-09-11,supplier,5,receipt_event_flag,0.0
2025-09-11,material,101,stock,229.0
2025-09-11,material,101,days_of_cover,10.79
2025-09-11,material,101,open_po_flag,0.0
2025-09-11,material,101,reorder_triggered,0.0
2025-09-11,material,102,stock,260.0
2025-09-11,material,102,days_of_cover,40.44
2025-09-11,material,102,open_po_flag,0.0
2025-09-11,material,102,reorder_triggered,0.0
2025-09-11,material,103,stock,109.0
2025-09-11,material,103,days_of_cover,26.77
2025-09-11,material,103,open_po_flag,0.0
2025-09-11,material,103,reorder_triggered,0.0
2025-09-11,product,201,fg_stock,371.0
2025-09-11,product,201,planned_production,0.0
2025-09-11,product,201,actual_production,0.0
2025-09-11,product,201,production_shortfall,0.0
2025-09-11,product,201,demand_units,0.0
2025-09-11,product,201,due_backlog_units,0.0
2025-09-11,product,201,newly_backordered_units,0.0
2025-09-11,product,201,backorder_flag,0.0
2025-09-11,product,202,fg_stock,238.0
2025-09-11,product,202,planned_production,0.0
2025-09-11,product,202,actual_production,0.0
2025-09-11,product,202,production_shortfall,0.0
2025-09-11,product,202,demand_units,0.0
2025-09-11,product,202,due_backlog_units,0.0
2025-09-11,product,202,newly_backordered_units,0.0
2025-09-11,product,202,backorder_flag,0.0
2025-09-12,calendar,global,weekday,4.0
2025-09-12,calendar,global,month,9.0
2025-09-12,calendar,global,is_weekend,0.0
2025-09-12,supplier,1,po_delay_days,0.0
2025-09-12,supplier,1,receipt_fill_rate,1.0
2025-09-12,supplier,1,receipt_event_flag,0.0
2025-09-12,supplier,2,po_delay_days,0.0
2025-09-12,supplier,2,receipt_fill_rate,1.0
2025-09-12,supplier,2,receipt_event_flag,0.0
2025-09-12,supplier,3,po_delay_days,0.0
2025-09-12,supplier,3,receipt_fill_rate,1.0
2025-09-12,supplier,3,receipt_event_flag,0.0
2025-09-12,supplier,4,po_delay_days,0.0
2025-09-12,supplier,4,receipt_fill_rate,1.0
2025-09-12,supplier,4,receipt_event_flag,0.0
2025-09-12,supplier,5,po_delay_days,0.0
2025-09-12,supplier,5,receipt_fill_rate,1.0
2025-09-12,supplier,5,receipt_event_flag,0.0
2025-09-12,material,101,stock,130.0
2025-09-12,material,101,days_of_cover,6.13
2025-09-12,material,101,open_po_flag,1.0
2025-09-12,material,101,reorder_triggered,1.0
2025-09-12,material,102,stock,230.0
2025-09-12,material,102,days_of_cover,35.78
2025-09-12,material,102,open_po_flag,0.0
2025-09-12,material,102,reorder_triggered,0.0
2025-09-12,material,103,stock,90.0
2025-09-12,material,103,days_of_cover,22.11
2025-09-12,material,103,open_po_flag,1.0
2025-09-12,material,103,reorder_triggered,1.0
2025-09-12,product,201,fg_stock,387.0
2025-09-12,product,201,planned_production,30.0
2025-09-12,product,201,actual_production,30.0
2025-09-12,product,201,production_shortfall,0.0
2025-09-12,product,201,demand_units,0.0
2025-09-12,product,201,due_backlog_units,0.0
2025-09-12,product,201,newly_backordered_units,0.0
2025-09-12,product,201,backorder_flag,0.0
2025-09-12,product,202,fg_stock,258.0
2025-09-12,product,202,planned_production,20.0
2025-09-12,product,202,actual_production,20.0
2025-09-12,product,202,production_shortfall,0.0
2025-09-12,product,202,demand_units,0.0
2025-09-12,product,202,due_backlog_units,0.0
2025-09-12,product,202,newly_backordered_units,0.0
2025-09-12,product,202,backorder_flag,0.0
2025-09-13,calendar,global,weekday,5.0
2025-09-13,calendar,global,month,9.0
2025-09-13,calendar,global,is_weekend,1.0
2025-09-13,supplier,1,po_delay_days,0.0
2025-09-13,supplier,1,receipt_fill_rate,1.0
2025-09-13,supplier,1,receipt_event_flag,0.0
2025-09-13,supplier,2,po_delay_days,0.0
2025-09-13,supplier,2,receipt_fill_rate,1.0
2025-09-13,supplier,2,receipt_event_flag,0.0
2025-09-13,supplier,3,po_delay_days,0.0
2025-09-13,supplier,3,receipt_fill_rate,1.0
2025-09-13,supplier,3,receipt_event_flag,0.0
2025-09-13,supplier,4,po_delay_days,0.0
2025-09-13,supplier,4,receipt_fill_rate,1.0
2025-09-13,supplier,4,receipt_event_flag,0.0
2025-09-13,supplier,5,po_delay_days,0.0
2025-09-13,supplier,5,receipt_fill_rate,1.0
2025-09-13,supplier,5,receipt_event_flag,0.0
2025-09-13,material,101,stock,130.0
2025-09-13,material,101,days_of_cover,6.13
2025-09-13,material,101,open_po_flag,1.0
2025-09-13,material,101,reorder_triggered,0.0
2025-09-13,material,102,stock,230.0
2025-09-13,material,102,days_of_cover,35.78
2025-09-13,material,102,open_po_flag,0.0
2025-09-13,material,102,reorder_triggered,0.0
2025-09-13,material,103,stock,90.0
2025-09-13,material,103,days_of_cover,22.11
2025-09-13,material,103,open_po_flag,1.0
2025-09-13,material,103,reorder_triggered,0.0
2025-09-13,product,201,fg_stock,387.0
2025-09-13,product,201,planned_production,0.0
2025-09-13,product,201,actual_production,0.0
2025-09-13,product,201,production_shortfall,0.0
2025-09-13,product,201,demand_units,0.0
2025-09-13,product,201,due_backlog_units,0.0
2025-09-13,product,201,newly_backordered_units,0.0
2025-09-13,product,201,backorder_flag,0.0
2025-09-13,product,202,fg_stock,258.0
2025-09-13,product,202,planned_production,0.0
2025-09-13,product,202,actual_production,0.0
2025-09-13,product,202,production_shortfall,0.0
2025-09-13,product,202,demand_units,0.0
2025-09-13,product,202,due_backlog_units,0.0
2025-09-13,product,202,newly_backordered_units,0.0
2025-09-13,product,202,backorder_flag,0.0
2025-09-14,calendar,global,weekday,6.0
2025-09-14,calendar,global,month,9.0
2025-09-14,calendar,global,is_weekend,1.0
2025-09-14,supplier,1,po_delay_days,0.0
2025-09-14,supplier,1,receipt_fill_rate,1.0
2025-09-14,supplier,1,receipt_event_flag,0.0
2025-09-14,supplier,2,po_delay_days,0.0
2025-09-14,supplier,2,receipt_fill_rate,1.0
2025-09-14,supplier,2,receipt_event_flag,0.0
2025-09-14,supplier,3,po_delay_days,0.0
2025-09-14,supplier,3,receipt_fill_rate,1.0
2025-09-14,supplier,3,receipt_event_flag,0.0
2025-09-14,supplier,4,po_delay_days,0.0
2025-09-14,supplier,4,receipt_fill_rate,1.0
2025-09-14,supplier,4,receipt_event_flag,0.0
2025-09-14,supplier,5,po_delay_days,0.0
2025-09-14,supplier,5,receipt_fill_rate,1.0
2025-09-14,supplier,5,receipt_event_flag,0.0
2025-09-14,material,101,stock,130.0
2025-09-14,material,101,days_of_cover,6.13
2025-09-14,material,101,open_po_flag,1.0
2025-09-14,material,101,reorder_triggered,0.0
2025-09-14,material,102,stock,230.0
2025-09-14,material,102,days_of_cover,35.78
2025-09-14,material,102,open_po_flag,0.0
2025-09-14,material,102,reorder_triggered,0.0
2025-09-14,material,103,stock,90.0
2025-09-14,material,103,days_of_cover,22.11
2025-09-14,material,103,open_po_flag,1.0
2025-09-14,material,103,reorder_triggered,0.0
2025-09-14,product,201,fg_stock,387.0
2025-09-14,product,201,planned_production,0.0
2025-09-14,product,201,actual_production,0.0
2025-09-14,product,201,production_shortfall,0.0
2025-09-14,product,201,demand_units,0.0
2025-09-14,product,201,due_backlog_units,0.0
2025-09-14,product,201,newly_backordered_units,0.0
2025-09-14,product,201,backorder_flag,0.0
2025-09-14,product,202,fg_stock,258.0
2025-09-14,product,202,planned_production,0.0
2025-09-14,product,202,actual_production,0.0
2025-09-14,product,202,production_shortfall,0.0
2025-09-14,product,202,demand_units,0.0
2025-09-14,product,202,due_backlog_units,0.0
2025-09-14,product,202,newly_backordered_units,0.0
2025-09-14,product,202,backorder_flag,0.0
2025-09-15,calendar,global,weekday,0.0
2025-09-15,calendar,global,month,9.0
2025-09-15,calendar,global,is_weekend,0.0
2025-09-15,supplier,1,po_delay_days,0.0
2025-09-15,supplier,1,receipt_fill_rate,1.0
2025-09-15,supplier,1,receipt_event_flag,0.0
2025-09-15,supplier,2,po_delay_days,0.0
2025-09-15,supplier,2,receipt_fill_rate,1.0
2025-09-15,supplier,2,receipt_event_flag,0.0
2025-09-15,supplier,3,po_delay_days,0.0
2025-09-15,supplier,3,receipt_fill_rate,1.0
2025-09-15,supplier,3,receipt_event_flag,0.0
2025-09-15,supplier,4,po_delay_days,0.0
2025-09-15,supplier,4,receipt_fill_rate,1.0
2025-09-15,supplier,4,receipt_event_flag,0.0
2025-09-15,supplier,5,po_delay_days,0.0
2025-09-15,supplier,5,receipt_fill_rate,1.0
2025-09-15,supplier,5,receipt_event_flag,0.0
2025-09-15,material,101,stock,31.0
2025-09-15,material,101,days_of_cover,1.25
2025-09-15,material,101,open_po_flag,1.0
2025-09-15,material,101,reorder_triggered,0.0
2025-09-15,material,102,stock,200.0
2025-09-15,material,102,days_of_cover,26.67
2025-09-15,material,102,open_po_flag,0.0
2025-09-15,material,102,reorder_triggered,0.0
2025-09-15,material,103,stock,71.0
2025-09-15,material,103,days_of_cover,14.95
2025-09-15,material,103,open_po_flag,1.0
2025-09-15,material,103,reorder_triggered,0.0
2025-09-15,product,201,fg_stock,417.0
2025-09-15,product,201,planned_production,30.0
2025-09-15,product,201,actual_production,30.0
2025-09-15,product,201,production_shortfall,0.0
2025-09-15,product,201,demand_units,13.0
2025-09-15,product,201,due_backlog_units,0.0
2025-09-15,product,201,newly_backordered_units,0.0
2025-09-15,product,201,backorder_flag,0.0
2025-09-15,product,202,fg_stock,278.0
2025-09-15,product,202,planned_production,20.0
2025-09-15,product,202,actual_production,20.0
2025-09-15,product,202,production_shortfall,0.0
2025-09-15,product,202,demand_units,7.0
2025-09-15,product,202,due_backlog_units,0.0
2025-09-15,product,202,newly_backordered_units,0.0
2025-09-15,product,202,backorder_flag,0.0
2025-09-16,calendar,global,weekday,1.0
2025-09-16,calendar,global,month,9.0
2025-09-16,calendar,global,is_weekend,0.0
2025-09-16,supplier,1,po_delay_days,0.0
2025-09-16,supplier,1,receipt_fill_rate,1.0
2025-09-16,supplier,1,receipt_event_flag,0.0
2025-09-16,supplier,2,po_delay_days,0.0
2025-09-16,supplier,2,receipt_fill_rate,1.0
2025-09-16,supplier,2,receipt_event_flag,0.0
2025-09-16,supplier,3,po_delay_days,0.0
2025-09-16,supplier,3,receipt_fill_rate,1.0
2025-09-16,supplier,3,receipt_event_flag,0.0
2025-09-16,supplier,4,po_delay_days,0.0
2025-09-16,supplier,4,receipt_fill_rate,1.0
2025-09-16,supplier,4,receipt_event_flag,0.0
2025-09-16,supplier,5,po_delay_days,0.0
2025-09-16,supplier,5,receipt_fill_rate,1.0
2025-09-16,supplier,5,receipt_event_flag,0.0
2025-09-16,material,101,stock,31.0
2025-09-16,material,101,days_of_cover,1.25
2025-09-16,material,101,open_po_flag,1.0
2025-09-16,material,101,reorder_triggered,0.0
2025-09-16,material,102,stock,200.0
2025-09-16,material,102,days_of_cover,26.67
2025-09-16,material,102,open_po_flag,0.0
2025-09-16,material,102,reorder_triggered,0.0
2025-09-16,material,103,stock,71.0
2025-09-16,material,103,days_of_cover,14.95
2025-09-16,material,103,open_po_flag,1.0
2025-09-16,material,103,reorder_triggered,0.0
2025-09-16,product,201,fg_stock,417.0
2025-09-16,product,201,planned_production,0.0
2025-09-16,product,201,actual_production,0.0
2025-09-16,product,201,production_shortfall,0.0
2025-09-16,product,201,demand_units,0.0
2025-09-16,product,201,due_backlog_units,0.0
2025-09-16,product,201,newly_backordered_units,0.0
2025-09-16,product,201,backorder_flag,0.0
2025-09-16,product,202,fg_stock,278.0
2025-09-16,product,202,planned_production,0.0
2025-09-16,product,202,actual_production,0.0
2025-09-16,product,202,production_shortfall,0.0
2025-09-16,product,202,demand_units,7.0
2025-09-16,product,202,due_backlog_units,0.0
2025-09-16,product,202,newly_backordered_units,0.0
2025-09-16,product,202,backorder_flag,0.0
2025-09-17,calendar,global,weekday,2.0
2025-09-17,calendar,global,month,9.0
2025-09-17,calendar,global,is_weekend,0.0
2025-09-17,supplier,1,po_delay_days,0.0
2025-09-17,supplier,1,receipt_fill_rate,1.0
2025-09-17,supplier,1,receipt_event_flag,0.0
2025-09-17,supplier,2,po_delay_days,0.0
2025-09-17,supplier,2,receipt_fill_rate,1.0
2025-09-17,supplier,2,receipt_event_flag,0.0
2025-09-17,supplier,3,po_delay_days,0.0
2025-09-17,supplier,3,receipt_fill_rate,1.0
2025-09-17,supplier,3,receipt_event_flag,0.0
2025-09-17,supplier,4,po_delay_days,0.0
2025-09-17,supplier,4,receipt_fill_rate,1.0
2025-09-17,supplier,4,receipt_event_flag,0.0
2025-09-17,supplier,5,po_delay_days,0.0
2025-09-17,supplier,5,receipt_fill_rate,1.0
2025-09-17,supplier,5,receipt_event_flag,0.0
2025-09-17,material,101,stock,31.0
2025-09-17,material,101,days_of_cover,1.25
2025-09-17,material,101,open_po_flag,1.0
2025-09-17,material,101,reorder_triggered,0.0
2025-09-17,material,102,stock,200.0
2025-09-17,material,102,days_of_cover,26.67
2025-09-17,material,102,open_po_flag,0.0
2025-09-17,material,102,reorder_triggered,0.0
2025-09-17,material,103,stock,71.0
2025-09-17,material,103,days_of_cover,14.95
2025-09-17,material,103,open_po_flag,1.0
2025-09-17,material,103,reorder_triggered,0.0
2025-09-17,product,201,fg_stock,417.0
2025-09-17,product,201,planned_production,0.0
2025-09-17,product,201,actual_production,0.0
2025-09-17,product,201,production_shortfall,0.0
2025-09-17,product,201,demand_units,0.0
2025-09-17,product,201,due_backlog_units,0.0
2025-09-17,product,201,newly_backordered_units,0.0
2025-09-17,product,201,backorder_flag,0.0
2025-09-17,product,202,fg_stock,278.0
2025-09-17,product,202,planned_production,0.0
2025-09-17,product,202,actual_production,0.0
2025-09-17,product,202,production_shortfall,0.0
2025-09-17,product,202,demand_units,0.0
2025-09-17,product,202,due_backlog_units,0.0
2025-09-17,product,202,newly_backordered_units,0.0
2025-09-17,product,202,backorder_flag,0.0
2025-09-18,calendar,global,weekday,3.0
2025-09-18,calendar,global,month,9.0
2025-09-18,calendar,global,is_weekend,0.0
2025-09-18,supplier,1,po_delay_days,0.0
2025-09-18,supplier,1,receipt_fill_rate,1.0
2025-09-18,supplier,1,receipt_event_flag,0.0
2025-09-18,supplier,2,po_delay_days,0.0
2025-09-18,supplier,2,receipt_fill_rate,1.0
2025-09-18,supplier,2,receipt_event_flag,0.0
2025-09-18,supplier,3,po_delay_days,0.0
2025-09-18,supplier,3,receipt_fill_rate,1.0
2025-09-18,supplier,3,receipt_event_flag,0.0
2025-09-18,supplier,4,po_delay_days,0.0
2025-09-18,supplier,4,receipt_fill_rate,1.0
2025-09-18,supplier,4,receipt_event_flag,0.0
2025-09-18,supplier,5,po_delay_days,0.0
2025-09-18,supplier,5,receipt_fill_rate,1.0
2025-09-18,supplier,5,receipt_event_flag,0.0
2025-09-18,material,101,stock,6.0
2025-09-18,material,101,days_of_cover,0.24
2025-09-18,material,101,open_po_flag,1.0
2025-09-18,material,101,reorder_triggered,0.0
2025-09-18,material,102,stock,190.0
2025-09-18,material,102,days_of_cover,25.33
2025-09-18,material,102,open_po_flag,0.0
2025-09-18,material,102,reorder_triggered,0.0
2025-09-18,material,103,stock,68.0
2025-09-18,material,103,days_of_cover,14.32
2025-09-18,material,103,open_po_flag,1.0
2025-09-18,material,103,reorder_triggered,0.0
2025-09-18,product,201,fg_stock,427.0
2025-09-18,product,201,planned_production,30.0
2025-09-18,product,201,actual_production,10.0
2025-09-18,product,201,production_shortfall,20.0
2025-09-18,product,201,demand_units,0.0
2025-09-18,product,201,due_backlog_units,0.0
2025-09-18,product,201,newly_backordered_units,0.0
2025-09-18,product,201,backorder_flag,0.0
2025-09-18,product,202,fg_stock,278.0
2025-09-18,product,202,planned_production,20.0
2025-09-18,product,202,actual_production,0.0
2025-09-18,product,202,production_shortfall,20.0
2025-09-18,product,202,demand_units,0.0
2025-09-18,product,202,due_backlog_units,0.0
2025-09-18,product,202,newly_backordered_units,0.0
2025-09-18,product,202,backorder_flag,0.0
2025-09-19,calendar,global,weekday,4.0
2025-09-19,calendar,global,month,9.0
2025-09-19,calendar,global,is_weekend,0.0
2025-09-19,supplier,1,po_delay_days,0.0
2025-09-19,supplier,1,receipt_fill_rate,1.0
2025-09-19,supplier,1,receipt_event_flag,0.0
2025-09-19,supplier,2,po_delay_days,0.0
2025-09-19,supplier,2,receipt_fill_rate,1.0
2025-09-19,supplier,2,receipt_event_flag,0.0
2025-09-19,supplier,3,po_delay_days,0.0
2025-09-19,supplier,3,receipt_fill_rate,1.0
2025-09-19,supplier,3,receipt_event_flag,0.0
2025-09-19,supplier,4,po_delay_days,0.0
2025-09-19,supplier,4,receipt_fill_rate,1.0
2025-09-19,supplier,4,receipt_event_flag,0.0
2025-09-19,supplier,5,po_delay_days,0.0
2025-09-19,supplier,5,receipt_fill_rate,1.0
2025-09-19,supplier,5,receipt_event_flag,0.0
2025-09-19,material,101,stock,6.0
2025-09-19,material,101,days_of_cover,0.28
2025-09-19,material,101,open_po_flag,1.0
2025-09-19,material,101,reorder_triggered,0.0
2025-09-19,material,102,stock,190.0
2025-09-19,material,102,days_of_cover,29.56
2025-09-19,material,102,open_po_flag,0.0
2025-09-19,material,102,reorder_triggered,0.0
2025-09-19,material,103,stock,68.0
2025-09-19,material,103,days_of_cover,16.7
2025-09-19,material,103,open_po_flag,1.0
2025-09-19,material,103,reorder_triggered,0.0
2025-09-19,product,201,fg_stock,411.0
2025-09-19,product,201,planned_production,0.0
2025-09-19,product,201,actual_production,0.0
2025-09-19,product,201,production_shortfall,0.0
2025-09-19,product,201,demand_units,0.0
2025-09-19,product,201,due_backlog_units,0.0
2025-09-19,product,201,newly_backordered_units,0.0
2025-09-19,product,201,backorder_flag,0.0
2025-09-19,product,202,fg_stock,271.0
2025-09-19,product,202,planned_production,0.0
2025-09-19,product,202,actual_production,0.0
2025-09-19,product,202,production_shortfall,0.0
2025-09-19,product,202,demand_units,23.0
2025-09-19,product,202,due_backlog_units,0.0
2025-09-19,product,202,newly_backordered_units,0.0
2025-09-19,product,202,backorder_flag,0.0
2025-09-20,calendar,global,weekday,5.0
2025-09-20,calendar,global,month,9.0
2025-09-20,calendar,global,is_weekend,1.0
2025-09-20,supplier,1,po_delay_days,0.0
2025-09-20,supplier,1,receipt_fill_rate,1.0
2025-09-20,supplier,1,receipt_event_flag,0.0
2025-09-20,supplier,2,po_delay_days,0.0
2025-09-20,supplier,2,receipt_fill_rate,1.0
2025-09-20,supplier,2,receipt_event_flag,0.0
2025-09-20,supplier,3,po_delay_days,0.0
2025-09-20,supplier,3,receipt_fill_rate,1.0
2025-09-20,supplier,3,receipt_event_flag,0.0
2025-09-20,supplier,4,po_delay_days,0.0
2025-09-20,supplier,4,receipt_fill_rate,1.0
2025-09-20,supplier,4,receipt_event_flag,1.0
2025-09-20,supplier,5,po_delay_days,0.0
2025-09-20,supplier,5,receipt_fill_rate,1.0
2025-09-20,supplier,5,receipt_event_flag,0.0
2025-09-20,material,101,stock,411.0
2025-09-20,material,101,days_of_cover,19.37
2025-09-20,material,101,open_po_flag,0.0
2025-09-20,material,101,reorder_triggered,0.0
2025-09-20,material,102,stock,190.0
2025-09-20,material,102,days_of_cover,29.56
2025-09-20,material,102,open_po_flag,0.0
2025-09-20,material,102,reorder_triggered,0.0
2025-09-20,material,103,stock,68.0
2025-09-20,material,103,days_of_cover,16.7
2025-09-20,material,103,open_po_flag,1.0
2025-09-20,material,103,reorder_triggered,0.0
2025-09-20,product,201,fg_stock,398.0
2025-09-20,product,201,planned_production,0.0
2025-09-20,product,201,actual_production,0.0
2025-09-20,product,201,production_shortfall,0.0
2025-09-20,product,201,demand_units,0.0
2025-09-20,product,201,due_backlog_units,0.0
2025-09-20,product,201,newly_backordered_units,0.0
2025-09-20,product,201,backorder_flag,0.0
2025-09-20,product,202,fg_stock,271.0
2025-09-20,product,202,planned_production,0.0
2025-09-20,product,202,actual_production,0.0
2025-09-20,product,202,production_shortfall,0.0
2025-09-20,product,202,demand_units,0.0
2025-09-20,product,202,due_backlog_units,0.0
2025-09-20,product,202,newly_backordered_units,0.0
2025-09-20,product,202,backorder_flag,0.0
2025-09-21,calendar,global,weekday,6.0
2025-09-21,calendar,global,month,9.0
2025-09-21,calendar,global,is_weekend,1.0
2025-09-21,supplier,1,po_delay_days,0.0
2025-09-21,supplier,1,receipt_fill_rate,1.0
2025-09-21,supplier,1,receipt_event_flag,0.0
2025-09-21,supplier,2,po_delay_days,0.0
2025-09-21,supplier,2,receipt_fill_rate,1.0
2025-09-21,supplier,2,receipt_event_flag,0.0
2025-09-21,supplier,3,po_delay_days,0.0
2025-09-21,supplier,3,receipt_fill_rate,1.0
2025-09-21,supplier,3,receipt_event_flag,0.0
2025-09-21,supplier,4,po_delay_days,0.0
2025-09-21,supplier,4,receipt_fill_rate,1.0
2025-09-21,supplier,4,receipt_event_flag,0.0
2025-09-21,supplier,5,po_delay_days,0.0
2025-09-21,supplier,5,receipt_fill_rate,1.0
2025-09-21,supplier,5,receipt_event_flag,0.0
2025-09-21,material,101,stock,411.0
2025-09-21,material,101,days_of_cover,19.37
2025-09-21,material,101,open_po_flag,0.0
2025-09-21,material,101,reorder_triggered,0.0
2025-09-21,material,102,stock,190.0
2025-09-21,material,102,days_of_cover,29.56
2025-09-21,material,102,open_po_flag,0.0
2025-09-21,material,102,reorder_triggered,0.0
2025-09-21,material,103,stock,68.0
2025-09-21,material,103,days_of_cover,16.7
2025-09-21,material,103,open_po_flag,1.0
2025-09-21,material,103,reorder_triggered,0.0
2025-09-21,product,201,fg_stock,398.0
2025-09-21,product,201,planned_production,0.0
2025-09-21,product,201,actual_production,0.0
2025-09-21,product,201,production_shortfall,0.0
2025-09-21,product,201,demand_units,0.0
2025-09-21,product,201,due_backlog_units,0.0
2025-09-21,product,201,newly_backordered_units,0.0
2025-09-21,product,201,backorder_flag,0.0
2025-09-21,product,202,fg_stock,271.0
2025-09-21,product,202,planned_production,0.0
2025-09-21,product,202,actual_production,0.0
2025-09-21,product,202,production_shortfall,0.0
2025-09-21,product,202,demand_units,0.0
2025-09-21,product,202,due_backlog_units,0.0
2025-09-21,product,202,newly_backordered_units,0.0
2025-09-21,product,202,backorder_flag,0.0
2025-09-22,calendar,global,weekday,0.0
2025-09-22,calendar,global,month,9.0
2025-09-22,calendar,global,is_weekend,0.0
2025-09-22,supplier,1,po_delay_days,0.0
2025-09-22,supplier,1,receipt_fill_rate,1.0
2025-09-22,supplier,1,receipt_event_flag,0.0
2025-09-22,supplier,2,po_delay_days,0.0
2025-09-22,supplier,2,receipt_fill_rate,1.0
2025-09-22,supplier,2,receipt_event_flag,0.0
2025-09-22,supplier,3,po_delay_days,0.0
2025-09-22,supplier,3,receipt_fill_rate,1.0
2025-09-22,supplier,3,receipt_event_flag,0.0
2025-09-22,supplier,4,po_delay_days,0.0
2025-09-22,supplier,4,receipt_fill_rate,1.0
2025-09-22,supplier,4,receipt_event_flag,0.0
2025-09-22,supplier,5,po_delay_days,0.0
2025-09-22,supplier,5,receipt_fill_rate,1.0
2025-09-22,supplier,5,receipt_event_flag,0.0
2025-09-22,material,101,stock,411.0
2025-09-22,material,101,days_of_cover,23.25
2025-09-22,material,101,open_po_flag,0.0
2025-09-22,material,101,reorder_triggered,0.0
2025-09-22,material,102,stock,190.0
2025-09-22,material,102,days_of_cover,35.47
2025-09-22,material,102,open_po_flag,0.0
2025-09-22,material,102,reorder_triggered,0.0
2025-09-22,material,103,stock,68.0
2025-09-22,material,103,days_of_cover,20.04
2025-09-22,material,103,open_po_flag,1.0
2025-09-22,material,103,reorder_triggered,0.0
2025-09-22,product,201,fg_stock,398.0
2025-09-22,product,201,planned_production,0.0
2025-09-22,product,201,actual_production,0.0
2025-09-22,product,201,production_shortfall,0.0
2025-09-22,product,201,demand_units,0.0
2025-09-22,product,201,due_backlog_units,0.0
2025-09-22,product,201,newly_backordered_units,0.0
2025-09-22,product,201,backorder_flag,0.0
2025-09-22,product,202,fg_stock,271.0
2025-09-22,product,202,planned_production,0.0
2025-09-22,product,202,actual_production,0.0
2025-09-22,product,202,production_shortfall,0.0
2025-09-22,product,202,demand_units,0.0
2025-09-22,product,202,due_backlog_units,0.0
2025-09-22,product,202,newly_backordered_units,0.0
2025-09-22,product,202,backorder_flag,0.0
2025-09-23,calendar,global,weekday,1.0
2025-09-23,calendar,global,month,9.0
2025-09-23,calendar,global,is_weekend,0.0
2025-09-23,supplier,1,po_delay_days,0.0
2025-09-23,supplier,1,receipt_fill_rate,1.0
2025-09-23,supplier,1,receipt_event_flag,0.0
2025-09-23,supplier,2,po_delay_days,0.0
2025-09-23,supplier,2,receipt_fill_rate,1.0
2025-09-23,supplier,2,receipt_event_flag,0.0
2025-09-23,supplier,3,po_delay_days,0.0
2025-09-23,supplier,3,receipt_fill_rate,1.0
2025-09-23,supplier,3,receipt_event_flag,0.0
2025-09-23,supplier,4,po_delay_days,0.0
2025-09-23,supplier,4,receipt_fill_rate,1.0
2025-09-23,supplier,4,receipt_event_flag,0.0
2025-09-23,supplier,5,po_delay_days,0.0
2025-09-23,supplier,5,receipt_fill_rate,1.0
2025-09-23,supplier,5,receipt_event_flag,0.0
2025-09-23,material,101,stock,411.0
2025-09-23,material,101,days_of_cover,23.25
2025-09-23,material,101,open_po_flag,0.0
2025-09-23,material,101,reorder_triggered,0.0
2025-09-23,material,102,stock,190.0
2025-09-23,material,102,days_of_cover,35.47
2025-09-23,material,102,open_po_flag,0.0
2025-09-23,material,102,reorder_triggered,0.0
2025-09-23,material,103,stock,68.0
2025-09-23,material,103,days_of_cover,20.04
2025-09-23,material,103,open_po_flag,1.0
2025-09-23,material,103,reorder_triggered,0.0
2025-09-23,product,201,fg_stock,398.0
2025-09-23,product,201,planned_production,0.0
2025-09-23,product,201,actual_production,0.0
2025-09-23,product,201,production_shortfall,0.0
2025-09-23,product,201,demand_units,0.0
2025-09-23,product,201,due_backlog_units,0.0
2025-09-23,product,201,newly_backordered_units,0.0
2025-09-23,product,201,backorder_flag,0.0
2025-09-23,product,202,fg_stock,264.0
2025-09-23,product,202,planned_production,0.0
2025-09-23,product,202,actual_production,0.0
2025-09-23,product,202,production_shortfall,0.0
2025-09-23,product,202,demand_units,0.0
2025-09-23,product,202,due_backlog_units,0.0
2025-09-23,product,202,newly_backordered_units,0.0
2025-09-23,product,202,backorder_flag,0.0
2025-09-24,calendar,global,weekday,2.0
2025-09-24,calendar,global,month,9.0
2025-09-24,calendar,global,is_weekend,0.0
2025-09-24,supplier,1,po_delay_days,0.0
2025-09-24,supplier,1,receipt_fill_rate,1.0
2025-09-24,supplier,1,receipt_event_flag,0.0
2025-09-24,supplier,2,po_delay_days,0.0
2025-09-24,supplier,2,receipt_fill_rate,1.0
2025-09-24,supplier,2,receipt_event_flag,0.0
2025-09-24,supplier,3,po_delay_days,0.0
2025-09-24,supplier,3,receipt_fill_rate,1.0
2025-09-24,supplier,3,receipt_event_flag,0.0
2025-09-24,supplier,4,po_delay_days,0.0
2025-09-24,supplier,4,receipt_fill_rate,1.0
2025-09-24,supplier,4,receipt_event_flag,0.0
2025-09-24,supplier,5,po_delay_days,0.0
2025-09-24,supplier,5,receipt_fill_rate,1.0
2025-09-24,supplier,5,receipt_event_flag,1.0
2025-09-24,material,101,stock,411.0
2025-09-24,material,101,days_of_cover,29.06
2025-09-24,material,101,open_po_flag,0.0
2025-09-24,material,101,reorder_triggered,0.0
2025-09-24,material,102,stock,190.0
2025-09-24,material,102,days_of_cover,44.33
2025-09-24,material,102,open_po_flag,0.0
2025-09-24,material,102,reorder_triggered,0.0
2025-09-24,material,103,stock,208.0
2025-09-24,material,103,days_of_cover,76.63
2025-09-24,material,103,open_po_flag,0.0
2025-09-24,material,103,reorder_triggered,0.0
2025-09-24,product,201,fg_stock,398.0
2025-09-24,product,201,planned_production,0.0
2025-09-24,product,201,actual_production,0.0
2025-09-24,product,201,production_shortfall,0.0
2025-09-24,product,201,demand_units,0.0
2025-09-24,product,201,due_backlog_units,0.0
2025-09-24,product,201,newly_backordered_units,0.0
2025-09-24,product,201,backorder_flag,0.0
2025-09-24,product,202,fg_stock,257.0
2025-09-24,product,202,planned_production,0.0
2025-09-24,product,202,actual_production,0.0
2025-09-24,product,202,production_shortfall,0.0
2025-09-24,product,202,demand_units,0.0
2025-09-24,product,202,due_backlog_units,0.0
2025-09-24,product,202,newly_backordered_units,0.0
2025-09-24,product,202,backorder_flag,0.0
2025-09-25,calendar,global,weekday,3.0
2025-09-25,calendar,global,month,9.0
2025-09-25,calendar,global,is_weekend,0.0
2025-09-25,supplier,1,po_delay_days,0.0
2025-09-25,supplier,1,receipt_fill_rate,1.0
2025-09-25,supplier,1,receipt_event_flag,0.0
2025-09-25,supplier,2,po_delay_days,0.0
2025-09-25,supplier,2,receipt_fill_rate,1.0
2025-09-25,supplier,2,receipt_event_flag,0.0
2025-09-25,supplier,3,po_delay_days,0.0
2025-09-25,supplier,3,receipt_fill_rate,1.0
2025-09-25,supplier,3,receipt_event_flag,0.0
2025-09-25,supplier,4,po_delay_days,0.0
2025-09-25,supplier,4,receipt_fill_rate,1.0
2025-09-25,supplier,4,receipt_event_flag,0.0
2025-09-25,supplier,5,po_delay_days,0.0
2025-09-25,supplier,5,receipt_fill_rate,1.0
2025-09-25,supplier,5,receipt_event_flag,0.0
2025-09-25,material,101,stock,312.0
2025-09-25,material,101,days_of_cover,17.65
2025-09-25,material,101,open_po_flag,0.0
2025-09-25,material,101,reorder_triggered,0.0
2025-09-25,material,102,stock,160.0
2025-09-25,material,102,days_of_cover,29.87
2025-09-25,material,102,open_po_flag,0.0
2025-09-25,material,102,reorder_triggered,0.0
2025-09-25,material,103,stock,189.0
2025-09-25,material,103,days_of_cover,55.71
2025-09-25,material,103,open_po_flag,0.0
2025-09-25,material,103,reorder_triggered,0.0
2025-09-25,product,201,fg_stock,428.0
2025-09-25,product,201,planned_production,30.0
2025-09-25,product,201,actual_production,30.0
2025-09-25,product,201,production_shortfall,0.0
2025-09-25,product,201,demand_units,0.0
2025-09-25,product,201,due_backlog_units,0.0
2025-09-25,product,201,newly_backordered_units,0.0
2025-09-25,product,201,backorder_flag,0.0
2025-09-25,product,202,fg_stock,277.0
2025-09-25,product,202,planned_production,20.0
2025-09-25,product,202,actual_production,20.0
2025-09-25,product,202,production_shortfall,0.0
2025-09-25,product,202,demand_units,0.0
2025-09-25,product,202,due_backlog_units,0.0
2025-09-25,product,202,newly_backordered_units,0.0
2025-09-25,product,202,backorder_flag,0.0
2025-09-26,calendar,global,weekday,4.0
2025-09-26,calendar,global,month,9.0
2025-09-26,calendar,global,is_weekend,0.0
2025-09-26,supplier,1,po_delay_days,0.0
2025-09-26,supplier,1,receipt_fill_rate,1.0
2025-09-26,supplier,1,receipt_event_flag,0.0
2025-09-26,supplier,2,po_delay_days,0.0
2025-09-26,supplier,2,receipt_fill_rate,1.0
2025-09-26,supplier,2,receipt_event_flag,0.0
2025-09-26,supplier,3,po_delay_days,0.0
2025-09-26,supplier,3,receipt_fill_rate,1.0
2025-09-26,supplier,3,receipt_event_flag,0.0
2025-09-26,supplier,4,po_delay_days,0.0
2025-09-26,supplier,4,receipt_fill_rate,1.0
2025-09-26,supplier,4,receipt_event_flag,0.0
2025-09-26,supplier,5,po_delay_days,0.0
2025-09-26,supplier,5,receipt_fill_rate,1.0
2025-09-26,supplier,5,receipt_event_flag,0.0
2025-09-26,material,101,stock,312.0
2025-09-26,material,101,days_of_cover,17.65
2025-09-26,material,101,open_po_flag,0.0
2025-09-26,material,101,reorder_triggered,0.0
2025-09-26,material,102,stock,160.0
2025-09-26,material,102,days_of_cover,29.87
2025-09-26,material,102,open_po_flag,0.0
2025-09-26,material,102,reorder_triggered,0.0
2025-09-26,material,103,stock,189.0
2025-09-26,material,103,days_of_cover,55.71
2025-09-26,material,103,open_po_flag,0.0
2025-09-26,material,103,reorder_triggered,0.0
2025-09-26,product,201,fg_stock,428.0
2025-09-26,product,201,planned_production,0.0
2025-09-26,product,201,actual_production,0.0
2025-09-26,product,201,production_shortfall,0.0
2025-09-26,product,201,demand_units,0.0
2025-09-26,product,201,due_backlog_units,0.0
2025-09-26,product,201,newly_backordered_units,0.0
2025-09-26,product,201,backorder_flag,0.0
2025-09-26,product,202,fg_stock,277.0
2025-09-26,product,202,planned_production,0.0
2025-09-26,product,202,actual_production,0.0
2025-09-26,product,202,production_shortfall,0.0
2025-09-26,product,202,demand_units,0.0
2025-09-26,product,202,due_backlog_units,0.0
2025-09-26,product,202,newly_backordered_units,0.0
2025-09-26,product,202,backorder_flag,0.0
2025-09-27,calendar,global,weekday,5.0
2025-09-27,calendar,global,month,9.0
2025-09-27,calendar,global,is_weekend,1.0
2025-09-27,supplier,1,po_delay_days,0.0
2025-09-27,supplier,1,receipt_fill_rate,1.0
2025-09-27,supplier,1,receipt_event_flag,0.0
2025-09-27,supplier,2,po_delay_days,0.0
2025-09-27,supplier,2,receipt_fill_rate,1.0
2025-09-27,supplier,2,receipt_event_flag,0.0
2025-09-27,supplier,3,po_delay_days,0.0
2025-09-27,supplier,3,receipt_fill_rate,1.0
2025-09-27,supplier,3,receipt_event_flag,0.0
2025-09-27,supplier,4,po_delay_days,0.0
2025-09-27,supplier,4,receipt_fill_rate,1.0
2025-09-27,supplier,4,receipt_event_flag,0.0
2025-09-27,supplier,5,po_delay_days,0.0
2025-09-27,supplier,5,receipt_fill_rate,1.0
2025-09-27,supplier,5,receipt_event_flag,0.0
2025-09-27,material,101,stock,312.0
2025-09-27,material,101,days_of_cover,17.65
2025-09-27,material,101,open_po_flag,0.0
2025-09-27,material,101,reorder_triggered,0.0
2025-09-27,material,102,stock,160.0
2025-09-27,material,102,days_of_cover,29.87
2025-09-27,material,102,open_po_flag,0.0
2025-09-27,material,102,reorder_triggered,0.0
2025-09-27,material,103,stock,189.0
2025-09-27,material,103,days_of_cover,55.71
2025-09-27,material,103,open_po_flag,0.0
2025-09-27,material,103,reorder_triggered,0.0
2025-09-27,product,201,fg_stock,428.0
2025-09-27,product,201,planned_production,0.0
2025-09-27,product,201,actual_production,0.0
2025-09-27,product,201,production_shortfall,0.0
2025-09-27,product,201,demand_units,0.0
2025-09-27,product,201,due_backlog_units,0.0
2025-09-27,product,201,newly_backordered_units,0.0
2025-09-27,product,201,backorder_flag,0.0
2025-09-27,product,202,fg_stock,277.0
2025-09-27,product,202,planned_production,0.0
2025-09-27,product,202,actual_production,0.0
2025-09-27,product,202,production_shortfall,0.0
2025-09-27,product,202,demand_units,0.0
2025-09-27,product,202,due_backlog_units,0.0
2025-09-27,product,202,newly_backordered_units,0.0
2025-09-27,product,202,backorder_flag,0.0
2025-09-28,calendar,global,weekday,6.0
2025-09-28,calendar,global,month,9.0
2025-09-28,calendar,global,is_weekend,1.0
2025-09-28,supplier,1,po_delay_days,0.0
2025-09-28,supplier,1,receipt_fill_rate,1.0
2025-09-28,supplier,1,receipt_event_flag,0.0
2025-09-28,supplier,2,po_delay_days,0.0
2025-09-28,supplier,2,receipt_fill_rate,1.0
2025-09-28,supplier,2,receipt_event_flag,0.0
2025-09-28,supplier,3,po_delay_days,0.0
2025-09-28,supplier,3,receipt_fill_rate,1.0
2025-09-28,supplier,3,receipt_event_flag,0.0
2025-09-28,supplier,4,po_delay_days,0.0
2025-09-28,supplier,4,receipt_fill_rate,1.0
2025-09-28,supplier,4,receipt_event_flag,0.0
2025-09-28,supplier,5,po_delay_days,0.0
2025-09-28,supplier,5,receipt_fill_rate,1.0
2025-09-28,supplier,5,receipt_event_flag,0.0
2025-09-28,material,101,stock,312.0
2025-09-28,material,101,days_of_cover,17.65
2025-09-28,material,101,open_po_flag,0.0
2025-09-28,material,101,reorder_triggered,0.0
2025-09-28,material,102,stock,160.0
2025-09-28,material,102,days_of_cover,29.87
2025-09-28,material,102,open_po_flag,0.0
2025-09-28,material,102,reorder_triggered,0.0
2025-09-28,material,103,stock,189.0
2025-09-28,material,103,days_of_cover,55.71
2025-09-28,material,103,open_po_flag,0.0
2025-09-28,material,103,reorder_triggered,0.0
2025-09-28,product,201,fg_stock,428.0
2025-09-28,product,201,planned_production,0.0
2025-09-28,product,201,actual_production,0.0
2025-09-28,product,201,production_shortfall,0.0
2025-09-28,product,201,demand_units,0.0
2025-09-28,product,201,due_backlog_units,0.0
2025-09-28,product,201,newly_backordered_units,0.0
2025-09-28,product,201,backorder_flag,0.0
2025-09-28,product,202,fg_stock,261.0
2025-09-28,product,202,planned_production,0.0
2025-09-28,product,202,actual_production,0.0
2025-09-28,product,202,production_shortfall,0.0
2025-09-28,product,202,demand_units,0.0
2025-09-28,product,202,due_backlog_units,0.0
2025-09-28,product,202,newly_backordered_units,0.0
2025-09-28,product,202,backorder_flag,0.0
2025-09-29,calendar,global,weekday,0.0
2025-09-29,calendar,global,month,9.0
2025-09-29,calendar,global,is_weekend,0.0
2025-09-29,supplier,1,po_delay_days,0.0
2025-09-29,supplier,1,receipt_fill_rate,1.0
2025-09-29,supplier,1,receipt_event_flag,0.0
2025-09-29,supplier,2,po_delay_days,0.0
2025-09-29,supplier,2,receipt_fill_rate,1.0
2025-09-29,supplier,2,receipt_event_flag,0.0
2025-09-29,supplier,3,po_delay_days,0.0
2025-09-29,supplier,3,receipt_fill_rate,1.0
2025-09-29,supplier,3,receipt_event_flag,0.0
2025-09-29,supplier,4,po_delay_days,0.0
2025-09-29,supplier,4,receipt_fill_rate,1.0
2025-09-29,supplier,4,receipt_event_flag,0.0
2025-09-29,supplier,5,po_delay_days,0.0
2025-09-29,supplier,5,receipt_fill_rate,1.0
2025-09-29,supplier,5,receipt_event_flag,0.0
2025-09-29,material,101,stock,312.0
2025-09-29,material,101,days_of_cover,17.65
2025-09-29,material,101,open_po_flag,0.0
2025-09-29,material,101,reorder_triggered,0.0
2025-09-29,material,102,stock,160.0
2025-09-29,material,102,days_of_cover,29.87
2025-09-29,material,102,open_po_flag,0.0
2025-09-29,material,102,reorder_triggered,0.0
2025-09-29,material,103,stock,189.0
2025-09-29,material,103,days_of_cover,55.71
2025-09-29,material,103,open_po_flag,0.0
2025-09-29,material,103,reorder_triggered,0.0
2025-09-29,product,201,fg_stock,428.0
2025-09-29,product,201,planned_production,0.0
2025-09-29,product,201,actual_production,0.0
2025-09-29,product,201,production_shortfall,0.0
2025-09-29,product,201,demand_units,28.0
2025-09-29,product,201,due_backlog_units,0.0
2025-09-29,product,201,newly_backordered_units,0.0
2025-09-29,product,201,backorder_flag,0.0
2025-09-29,product,202,fg_stock,261.0
2025-09-29,product,202,planned_production,0.0
2025-09-29,product,202,actual_production,0.0
2025-09-29,product,202,production_shortfall,0.0
2025-09-29,product,202,demand_units,8.0
2025-09-29,product,202,due_backlog_units,0.0
2025-09-29,product,202,newly_backordered_units,0.0
2025-09-29,product,202,backorder_flag,0.0
2025-09-30,calendar,global,weekday,1.0
2025-09-30,calendar,global,month,9.0
2025-09-30,calendar,global,is_weekend,0.0
2025-09-30,supplier,1,po_delay_days,0.0
2025-09-30,supplier,1,receipt_fill_rate,1.0
2025-09-30,supplier,1,receipt_event_flag,0.0
2025-09-30,supplier,2,po_delay_days,0.0
2025-09-30,supplier,2,receipt_fill_rate,1.0
2025-09-30,supplier,2,receipt_event_flag,0.0
2025-09-30,supplier,3,po_delay_days,0.0
2025-09-30,supplier,3,receipt_fill_rate,1.0
2025-09-30,supplier,3,receipt_event_flag,0.0
2025-09-30,supplier,4,po_delay_days,0.0
2025-09-30,supplier,4,receipt_fill_rate,1.0
2025-09-30,supplier,4,receipt_event_flag,0.0
2025-09-30,supplier,5,po_delay_days,0.0
2025-09-30,supplier,5,receipt_fill_rate,1.0
2025-09-30,supplier,5,receipt_event_flag,0.0
2025-09-30,material,101,stock,312.0
2025-09-30,material,101,days_of_cover,17.65
2025-09-30,material,101,open_po_flag,0.0
2025-09-30,material,101,reorder_triggered,0.0
2025-09-30,material,102,stock,160.0
2025-09-30,material,102,days_of_cover,29.87
2025-09-30,material,102,open_po_flag,0.0
2025-09-30,material,102,reorder_triggered,0.0
2025-09-30,material,103,stock,189.0
2025-09-30,material,103,days_of_cover,55.71
2025-09-30,material,103,open_po_flag,0.0
2025-09-30,material,103,reorder_triggered,0.0
2025-09-30,product,201,fg_stock,428.0
2025-09-30,product,201,planned_production,0.0
2025-09-30,product,201,actual_production,0.0
2025-09-30,product,201,production_shortfall,0.0
2025-09-30,product,201,demand_units,8.0
2025-09-30,product,201,due_backlog_units,0.0
2025-09-30,product,201,newly_backordered_units,0.0
2025-09-30,product,201,backorder_flag,0.0
2025-09-30,product,202,fg_stock,261.0
2025-09-30,product,202,planned_production,0.0
2025-09-30,product,202,actual_production,0.0
2025-09-30,product,202,production_shortfall,0.0
2025-09-30,product,202,demand_units,0.0
2025-09-30,product,202,due_backlog_units,0.0
2025-09-30,product,202,newly_backordered_units,0.0
2025-09-30,product,202,backorder_flag,0.0
2025-10-01,calendar,global,weekday,2.0
2025-10-01,calendar,global,month,10.0
2025-10-01,calendar,global,is_weekend,0.0
2025-10-01,supplier,1,po_delay_days,0.0
2025-10-01,supplier,1,receipt_fill_rate,1.0
2025-10-01,supplier,1,receipt_event_flag,0.0
2025-10-01,supplier,2,po_delay_days,0.0
2025-10-01,supplier,2,receipt_fill_rate,1.0
2025-10-01,supplier,2,receipt_event_flag,0.0
2025-10-01,supplier,3,po_delay_days,0.0
2025-10-01,supplier,3,receipt_fill_rate,1.0
2025-10-01,supplier,3,receipt_event_flag,0.0
2025-10-01,supplier,4,po_delay_days,0.0
2025-10-01,supplier,4,receipt_fill_rate,1.0
2025-10-01,supplier,4,receipt_event_flag,0.0
2025-10-01,supplier,5,po_delay_days,0.0
2025-10-01,supplier,5,receipt_fill_rate,1.0
2025-10-01,supplier,5,receipt_event_flag,0.0
2025-10-01,material,101,stock,312.0
2025-10-01,material,101,days_of_cover,17.65
2025-10-01,material,101,open_po_flag,0.0
2025-10-01,material,101,reorder_triggered,0.0
2025-10-01,material,102,stock,160.0
2025-10-01,material,102,days_of_cover,29.87
2025-10-01,material,102,open_po_flag,0.0
2025-10-01,material,102,reorder_triggered,0.0
2025-10-01,material,103,stock,189.0
2025-10-01,material,103,days_of_cover,55.71
2025-10-01,material,103,open_po_flag,0.0
2025-10-01,material,103,reorder_triggered,0.0
2025-10-01,product,201,fg_stock,428.0
2025-10-01,product,201,planned_production,0.0
2025-10-01,product,201,actual_production,0.0
2025-10-01,product,201,production_shortfall,0.0
2025-10-01,product,201,demand_units,0.0
2025-10-01,product,201,due_backlog_units,0.0
2025-10-01,product,201,newly_backordered_units,0.0
2025-10-01,product,201,backorder_flag,0.0
2025-10-01,product,202,fg_stock,261.0
2025-10-01,product,202,planned_production,0.0
2025-10-01,product,202,actual_production,0.0
2025-10-01,product,202,production_shortfall,0.0
2025-10-01,product,202,demand_units,18.0
2025-10-01,product,202,due_backlog_units,0.0
2025-10-01,product,202,newly_backordered_units,0.0
2025-10-01,product,202,backorder_flag,0.0
2025-10-02,calendar,global,weekday,3.0
2025-10-02,calendar,global,month,10.0
2025-10-02,calendar,global,is_weekend,0.0
2025-10-02,supplier,1,po_delay_days,0.0
2025-10-02,supplier,1,receipt_fill_rate,1.0
2025-10-02,supplier,1,receipt_event_flag,0.0
2025-10-02,supplier,2,po_delay_days,0.0
2025-10-02,supplier,2,receipt_fill_rate,1.0
2025-10-02,supplier,2,receipt_event_flag,0.0
2025-10-02,supplier,3,po_delay_days,0.0
2025-10-02,supplier,3,receipt_fill_rate,1.0
2025-10-02,supplier,3,receipt_event_flag,0.0
2025-10-02,supplier,4,po_delay_days,0.0
2025-10-02,supplier,4,receipt_fill_rate,1.0
2025-10-02,supplier,4,receipt_event_flag,0.0
2025-10-02,supplier,5,po_delay_days,0.0
2025-10-02,supplier,5,receipt_fill_rate,1.0
2025-10-02,supplier,5,receipt_event_flag,0.0
2025-10-02,material,101,stock,213.0
2025-10-02,material,101,days_of_cover,10.04
2025-10-02,material,101,open_po_flag,0.0
2025-10-02,material,101,reorder_triggered,0.0
2025-10-02,material,102,stock,130.0
2025-10-02,material,102,days_of_cover,20.22
2025-10-02,material,102,open_po_flag,0.0
2025-10-02,material,102,reorder_triggered,0.0
2025-10-02,material,103,stock,170.0
2025-10-02,material,103,days_of_cover,41.75
2025-10-02,material,103,open_po_flag,0.0
2025-10-02,material,103,reorder_triggered,0.0
2025-10-02,product,201,fg_stock,446.0
2025-10-02,product,201,planned_production,30.0
2025-10-02,product,201,actual_production,30.0
2025-10-02,product,201,production_shortfall,0.0
2025-10-02,product,201,demand_units,0.0
2025-10-02,product,201,due_backlog_units,0.0
2025-10-02,product,201,newly_backordered_units,0.0
2025-10-02,product,201,backorder_flag,0.0
2025-10-02,product,202,fg_stock,281.0
2025-10-02,product,202,planned_production,20.0
2025-10-02,product,202,actual_production,20.0
2025-10-02,product,202,production_shortfall,0.0
2025-10-02,product,202,demand_units,32.0
2025-10-02,product,202,due_backlog_units,0.0
2025-10-02,product,202,newly_backordered_units,0.0
2025-10-02,product,202,backorder_flag,0.0
2025-10-03,calendar,global,weekday,4.0
2025-10-03,calendar,global,month,10.0
2025-10-03,calendar,global,is_weekend,0.0
2025-10-03,supplier,1,po_delay_days,0.0
2025-10-03,supplier,1,receipt_fill_rate,1.0
2025-10-03,supplier,1,receipt_event_flag,0.0
2025-10-03,supplier,2,po_delay_days,0.0
2025-10-03,supplier,2,receipt_fill_rate,1.0
2025-10-03,supplier,2,receipt_event_flag,0.0
2025-10-03,supplier,3,po_delay_days,0.0
2025-10-03,supplier,3,receipt_fill_rate,1.0
2025-10-03,supplier,3,receipt_event_flag,0.0
2025-10-03,supplier,4,po_delay_days,0.0
2025-10-03,supplier,4,receipt_fill_rate,1.0
2025-10-03,supplier,4,receipt_event_flag,0.0
2025-10-03,supplier,5,po_delay_days,0.0
2025-10-03,supplier,5,receipt_fill_rate,1.0
2025-10-03,supplier,5,receipt_event_flag,0.0
2025-10-03,material,101,stock,139.0
2025-10-03,material,101,days_of_cover,5.62
2025-10-03,material,101,open_po_flag,1.0
2025-10-03,material,101,reorder_triggered,1.0
2025-10-03,material,102,stock,110.0
2025-10-03,material,102,days_of_cover,14.67
2025-10-03,material,102,open_po_flag,1.0
2025-10-03,material,102,reorder_triggered,1.0
2025-10-03,material,103,stock,154.0
2025-10-03,material,103,days_of_cover,32.42
2025-10-03,material,103,open_po_flag,0.0
2025-10-03,material,103,reorder_triggered,0.0
2025-10-03,product,201,fg_stock,442.0
2025-10-03,product,201,planned_production,30.0
2025-10-03,product,201,actual_production,20.0
2025-10-03,product,201,production_shortfall,10.0
2025-10-03,product,201,demand_units,24.0
2025-10-03,product,201,due_backlog_units,0.0
2025-10-03,product,201,newly_backordered_units,0.0
2025-10-03,product,201,backorder_flag,0.0
2025-10-03,product,202,fg_stock,301.0
2025-10-03,product,202,planned_production,20.0
2025-10-03,product,202,actual_production,20.0
2025-10-03,product,202,production_shortfall,0.0
2025-10-03,product,202,demand_units,0.0
2025-10-03,product,202,due_backlog_units,0.0
2025-10-03,product,202,newly_backordered_units,0.0
2025-10-03,product,202,backorder_flag,0.0
2025-10-04,calendar,global,weekday,5.0
2025-10-04,calendar,global,month,10.0
2025-10-04,calendar,global,is_weekend,1.0
2025-10-04,supplier,1,po_delay_days,0.0
2025-10-04,supplier,1,receipt_fill_rate,1.0
2025-10-04,supplier,1,receipt_event_flag,0.0
2025-10-04,supplier,2,po_delay_days,0.0
2025-10-04,supplier,2,receipt_fill_rate,1.0
2025-10-04,supplier,2,receipt_event_flag,0.0
2025-10-04,supplier,3,po_delay_days,0.0
2025-10-04,supplier,3,receipt_fill_rate,1.0
2025-10-04,supplier,3,receipt_event_flag,0.0
2025-10-04,supplier,4,po_delay_days,0.0
2025-10-04,supplier,4,receipt_fill_rate,1.0
2025-10-04,supplier,4,receipt_event_flag,0.0
2025-10-04,supplier,5,po_delay_days,0.0
2025-10-04,supplier,5,receipt_fill_rate,1.0
2025-10-04,supplier,5,receipt_event_flag,0.0
2025-10-04,material,101,stock,139.0
2025-10-04,material,101,days_of_cover,5.62
2025-10-04,material,101,open_po_flag,1.0
2025-10-04,material,101,reorder_triggered,0.0
2025-10-04,material,102,stock,110.0
2025-10-04,material,102,days_of_cover,14.67
2025-10-04,material,102,open_po_flag,1.0
2025-10-04,material,102,reorder_triggered,0.0
2025-10-04,material,103,stock,154.0
2025-10-04,material,103,days_of_cover,32.42
2025-10-04,material,103,open_po_flag,0.0
2025-10-04,material,103,reorder_triggered,0.0
2025-10-04,product,201,fg_stock,442.0
2025-10-04,product,201,planned_production,0.0
2025-10-04,product,201,actual_production,0.0
2025-10-04,product,201,production_shortfall,0.0
2025-10-04,product,201,demand_units,0.0
2025-10-04,product,201,due_backlog_units,0.0
2025-10-04,product,201,newly_backordered_units,0.0
2025-10-04,product,201,backorder_flag,0.0
2025-10-04,product,202,fg_stock,291.0
2025-10-04,product,202,planned_production,0.0
2025-10-04,product,202,actual_production,0.0
2025-10-04,product,202,production_shortfall,0.0
2025-10-04,product,202,demand_units,0.0
2025-10-04,product,202,due_backlog_units,0.0
2025-10-04,product,202,newly_backordered_units,0.0
2025-10-04,product,202,backorder_flag,0.0
2025-10-05,calendar,global,weekday,6.0
2025-10-05,calendar,global,month,10.0
2025-10-05,calendar,global,is_weekend,1.0
2025-10-05,supplier,1,po_delay_days,0.0
2025-10-05,supplier,1,receipt_fill_rate,1.0
2025-10-05,supplier,1,receipt_event_flag,0.0
2025-10-05,supplier,2,po_delay_days,0.0
2025-10-05,supplier,2,receipt_fill_rate,1.0
2025-10-05,supplier,2,receipt_event_flag,0.0
2025-10-05,supplier,3,po_delay_days,0.0
2025-10-05,supplier,3,receipt_fill_rate,1.0
2025-10-05,supplier,3,receipt_event_flag,0.0
2025-10-05,supplier,4,po_delay_days,0.0
2025-10-05,supplier,4,receipt_fill_rate,1.0
2025-10-05,supplier,4,receipt_event_flag,0.0
2025-10-05,supplier,5,po_delay_days,0.0
2025-10-05,supplier,5,receipt_fill_rate,1.0
2025-10-05,supplier,5,receipt_event_flag,0.0
2025-10-05,material,101,stock,139.0
2025-10-05,material,101,days_of_cover,5.62
2025-10-05,material,101,open_po_flag,1.0
2025-10-05,material,101,reorder_triggered,0.0
2025-10-05,material,102,stock,110.0
2025-10-05,material,102,days_of_cover,14.67
2025-10-05,material,102,open_po_flag,1.0
2025-10-05,material,102,reorder_triggered,0.0
2025-10-05,material,103,stock,154.0
2025-10-05,material,103,days_of_cover,32.42
2025-10-05,material,103,open_po_flag,0.0
2025-10-05,material,103,reorder_triggered,0.0
2025-10-05,product,201,fg_stock,442.0
2025-10-05,product,201,planned_production,0.0
2025-10-05,product,201,actual_production,0.0
2025-10-05,product,201,production_shortfall,0.0
2025-10-05,product,201,demand_units,0.0
2025-10-05,product,201,due_backlog_units,0.0
2025-10-05,product,201,newly_backordered_units,0.0
2025-10-05,product,201,backorder_flag,0.0
2025-10-05,product,202,fg_stock,272.0
2025-10-05,product,202,planned_production,0.0
2025-10-05,product,202,actual_production,0.0
2025-10-05,product,202,production_shortfall,0.0
2025-10-05,product,202,demand_units,0.0
2025-10-05,product,202,due_backlog_units,0.0
2025-10-05,product,202,newly_backordered_units,0.0
2025-10-05,product,202,backorder_flag,0.0
2025-10-06,calendar,global,weekday,0.0
2025-10-06,calendar,global,month,10.0
2025-10-06,calendar,global,is_weekend,0.0
2025-10-06,supplier,1,po_delay_days,0.0
2025-10-06,supplier,1,receipt_fill_rate,1.0
2025-10-06,supplier,1,receipt_event_flag,0.0
2025-10-06,supplier,2,po_delay_days,0.0
2025-10-06,supplier,2,receipt_fill_rate,1.0
2025-10-06,supplier,2,receipt_event_flag,0.0
2025-10-06,supplier,3,po_delay_days,0.0
2025-10-06,supplier,3,receipt_fill_rate,1.0
2025-10-06,supplier,3,receipt_event_flag,0.0
2025-10-06,supplier,4,po_delay_days,0.0
2025-10-06,supplier,4,receipt_fill_rate,1.0
2025-10-06,supplier,4,receipt_event_flag,0.0
2025-10-06,supplier,5,po_delay_days,0.0
2025-10-06,supplier,5,receipt_fill_rate,1.0
2025-10-06,supplier,5,receipt_event_flag,0.0
2025-10-06,material,101,stock,139.0
2025-10-06,material,101,days_of_cover,5.62
2025-10-06,material,101,open_po_flag,1.0
2025-10-06,material,101,reorder_triggered,0.0
2025-10-06,material,102,stock,110.0
2025-10-06,material,102,days_of_cover,14.67
2025-10-06,material,102,open_po_flag,1.0
2025-10-06,material,102,reorder_triggered,0.0
2025-10-06,material,103,stock,154.0
2025-10-06,material,103,days_of_cover,32.42
2025-10-06,material,103,open_po_flag,0.0
2025-10-06,material,103,reorder_triggered,0.0
2025-10-06,product,201,fg_stock,442.0
2025-10-06,product,201,planned_production,0.0
2025-10-06,product,201,actual_production,0.0
2025-10-06,product,201,production_shortfall,0.0
2025-10-06,product,201,demand_units,40.0
2025-10-06,product,201,due_backlog_units,0.0
2025-10-06,product,201,newly_backordered_units,0.0
2025-10-06,product,201,backorder_flag,0.0
2025-10-06,product,202,fg_stock,272.0
2025-10-06,product,202,planned_production,0.0
2025-10-06,product,202,actual_production,0.0
2025-10-06,product,202,production_shortfall,0.0
2025-10-06,product,202,demand_units,0.0
2025-10-06,product,202,due_backlog_units,0.0
2025-10-06,product,202,newly_backordered_units,0.0
2025-10-06,product,202,backorder_flag,0.0
2025-10-07,calendar,global,weekday,1.0
2025-10-07,calendar,global,month,10.0
2025-10-07,calendar,global,is_weekend,0.0
2025-10-07,supplier,1,po_delay_days,0.0
2025-10-07,supplier,1,receipt_fill_rate,1.0
2025-10-07,supplier,1,receipt_event_flag,0.0
2025-10-07,supplier,2,po_delay_days,0.0
2025-10-07,supplier,2,receipt_fill_rate,1.0
2025-10-07,supplier,2,receipt_event_flag,0.0
2025-10-07,supplier,3,po_delay_days,0.0
2025-10-07,supplier,3,receipt_fill_rate,1.0
2025-10-07,supplier,3,receipt_event_flag,0.0
2025-10-07,supplier,4,po_delay_days,0.0
2025-10-07,supplier,4,receipt_fill_rate,1.0
2025-10-07,supplier,4,receipt_event_flag,0.0
2025-10-07,supplier,5,po_delay_days,0.0
2025-10-07,supplier,5,receipt_fill_rate,1.0
2025-10-07,supplier,5,receipt_event_flag,0.0
2025-10-07,material,101,stock,52.0
2025-10-07,material,101,days_of_cover,2.1
2025-10-07,material,101,open_po_flag,1.0
2025-10-07,material,101,reorder_triggered,0.0
2025-10-07,material,102,stock,80.0
2025-10-07,material,102,days_of_cover,10.67
2025-10-07,material,102,open_po_flag,1.0
2025-10-07,material,102,reorder_triggered,0.0
2025-10-07,material,103,stock,140.0
2025-10-07,material,103,days_of_cover,29.47
2025-10-07,material,103,open_po_flag,0.0
2025-10-07,material,103,reorder_triggered,0.0
2025-10-07,product,201,fg_stock,472.0
2025-10-07,product,201,planned_production,30.0
2025-10-07,product,201,actual_production,30.0
2025-10-07,product,201,production_shortfall,0.0
2025-10-07,product,201,demand_units,19.0
2025-10-07,product,201,due_backlog_units,0.0
2025-10-07,product,201,newly_backordered_units,0.0
2025-10-07,product,201,backorder_flag,0.0
2025-10-07,product,202,fg_stock,274.0
2025-10-07,product,202,planned_production,20.0
2025-10-07,product,202,actual_production,10.0
2025-10-07,product,202,production_shortfall,10.0
2025-10-07,product,202,demand_units,13.0
2025-10-07,product,202,due_backlog_units,0.0
2025-10-07,product,202,newly_backordered_units,0.0
2025-10-07,product,202,backorder_flag,0.0
2025-10-08,calendar,global,weekday,2.0
2025-10-08,calendar,global,month,10.0
2025-10-08,calendar,global,is_weekend,0.0
2025-10-08,supplier,1,po_delay_days,0.0
2025-10-08,supplier,1,receipt_fill_rate,1.0
2025-10-08,supplier,1,receipt_event_flag,0.0
2025-10-08,supplier,2,po_delay_days,0.0
2025-10-08,supplier,2,receipt_fill_rate,1.0
2025-10-08,supplier,2,receipt_event_flag,0.0
2025-10-08,supplier,3,po_delay_days,0.0
2025-10-08,supplier,3,receipt_fill_rate,1.0
2025-10-08,supplier,3,receipt_event_flag,0.0
2025-10-08,supplier,4,po_delay_days,0.0
2025-10-08,supplier,4,receipt_fill_rate,1.0
2025-10-08,supplier,4,receipt_event_flag,0.0
2025-10-08,supplier,5,po_delay_days,0.0
2025-10-08,supplier,5,receipt_fill_rate,1.0
2025-10-08,supplier,5,receipt_event_flag,0.0
2025-10-08,material,101,stock,52.0
2025-10-08,material,101,days_of_cover,2.1
2025-10-08,material,101,open_po_flag,1.0
2025-10-08,material,101,reorder_triggered,0.0
2025-10-08,material,102,stock,80.0
2025-10-08,material,102,days_of_cover,10.67
2025-10-08,material,102,open_po_flag,1.0
2025-10-08,material,102,reorder_triggered,0.0
2025-10-08,material,103,stock,140.0
2025-10-08,material,103,days_of_cover,29.47
2025-10-08,material,103,open_po_flag,0.0
2025-10-08,material,103,reorder_triggered,0.0
2025-10-08,product,201,fg_stock,472.0
2025-10-08,product,201,planned_production,0.0
2025-10-08,product,201,actual_production,0.0
2025-10-08,product,201,production_shortfall,0.0
2025-10-08,product,201,demand_units,0.0
2025-10-08,product,201,due_backlog_units,0.0
2025-10-08,product,201,newly_backordered_units,0.0
2025-10-08,product,201,backorder_flag,0.0
2025-10-08,product,202,fg_stock,253.0
2025-10-08,product,202,planned_production,0.0
2025-10-08,product,202,actual_production,0.0
2025-10-08,product,202,production_shortfall,0.0
2025-10-08,product,202,demand_units,0.0
2025-10-08,product,202,due_backlog_units,0.0
2025-10-08,product,202,newly_backordered_units,0.0
2025-10-08,product,202,backorder_flag,0.0
2025-10-09,calendar,global,weekday,3.0
2025-10-09,calendar,global,month,10.0
2025-10-09,calendar,global,is_weekend,0.0
2025-10-09,supplier,1,po_delay_days,0.0
2025-10-09,supplier,1,receipt_fill_rate,1.0
2025-10-09,supplier,1,receipt_event_flag,0.0
2025-10-09,supplier,2,po_delay_days,0.0
2025-10-09,supplier,2,receipt_fill_rate,1.0
2025-10-09,supplier,2,receipt_event_flag,0.0
2025-10-09,supplier,3,po_delay_days,0.0
2025-10-09,supplier,3,receipt_fill_rate,1.0
2025-10-09,supplier,3,receipt_event_flag,0.0
2025-10-09,supplier,4,po_delay_days,0.0
2025-10-09,supplier,4,receipt_fill_rate,1.0
2025-10-09,supplier,4,receipt_event_flag,0.0
2025-10-09,supplier,5,po_delay_days,0.0
2025-10-09,supplier,5,receipt_fill_rate,1.0
2025-10-09,supplier,5,receipt_event_flag,0.0
2025-10-09,material,101,stock,3.0
2025-10-09,material,101,days_of_cover,0.11
2025-10-09,material,101,open_po_flag,1.0
2025-10-09,material,101,reorder_triggered,0.0
2025-10-09,material,102,stock,70.0
2025-10-09,material,102,days_of_cover,8.17
2025-10-09,material,102,open_po_flag,1.0
2025-10-09,material,102,reorder_triggered,0.0
2025-10-09,material,103,stock,127.0
2025-10-09,material,103,days_of_cover,23.39
2025-10-09,material,103,open_po_flag,0.0
2025-10-09,material,103,reorder_triggered,0.0
2025-10-09,product,201,fg_stock,469.0
2025-10-09,product,201,planned_production,30.0
2025-10-09,product,201,actual_production,10.0
2025-10-09,product,201,production_shortfall,20.0
2025-10-09,product,201,demand_units,0.0
2025-10-09,product,201,due_backlog_units,0.0
2025-10-09,product,201,newly_backordered_units,0.0
2025-10-09,product,201,backorder_flag,0.0
2025-10-09,product,202,fg_stock,273.0
2025-10-09,product,202,planned_production,20.0
2025-10-09,product,202,actual_production,20.0
2025-10-09,product,202,production_shortfall,0.0
2025-10-09,product,202,demand_units,18.0
2025-10-09,product,202,due_backlog_units,0.0
2025-10-09,product,202,newly_backordered_units,0.0
2025-10-09,product,202,backorder_flag,0.0
2025-10-10,calendar,global,weekday,4.0
2025-10-10,calendar,global,month,10.0
2025-10-10,calendar,global,is_weekend,0.0
2025-10-10,supplier,1,po_delay_days,0.0
2025-10-10,supplier,1,receipt_fill_rate,1.0
2025-10-10,supplier,1,receipt_event_flag,0.0
2025-10-10,supplier,2,po_delay_days,0.0
2025-10-10,supplier,2,receipt_fill_rate,1.0
2025-10-10,supplier,2,receipt_event_flag,0.0
2025-10-10,supplier,3,po_delay_days,0.0
2025-10-10,supplier,3,receipt_fill_rate,1.0
2025-10-10,supplier,3,receipt_event_flag,0.0
2025-10-10,supplier,4,po_delay_days,0.0
2025-10-10,supplier,4,receipt_fill_rate,1.0
2025-10-10,supplier,4,receipt_event_flag,0.0
2025-10-10,supplier,5,po_delay_days,0.0
2025-10-10,supplier,5,receipt_fill_rate,1.0
2025-10-10,supplier,5,receipt_event_flag,0.0
2025-10-10,material,101,stock,3.0
2025-10-10,material,101,days_of_cover,0.12
2025-10-10,material,101,open_po_flag,1.0
2025-10-10,material,101,reorder_triggered,0.0
2025-10-10,material,102,stock,70.0
2025-10-10,material,102,days_of_cover,9.33
2025-10-10,material,102,open_po_flag,1.0
2025-10-10,material,102,reorder_triggered,0.0
2025-10-10,material,103,stock,127.0
2025-10-10,material,103,days_of_cover,26.74
2025-10-10,material,103,open_po_flag,0.0
2025-10-10,material,103,reorder_triggered,0.0
2025-10-10,product,201,fg_stock,469.0
2025-10-10,product,201,planned_production,0.0
2025-10-10,product,201,actual_production,0.0
2025-10-10,product,201,production_shortfall,0.0
2025-10-10,product,201,demand_units,0.0
2025-10-10,product,201,due_backlog_units,0.0
2025-10-10,product,201,newly_backordered_units,0.0
2025-10-10,product,201,backorder_flag,0.0
2025-10-10,product,202,fg_stock,260.0
2025-10-10,product,202,planned_production,0.0
2025-10-10,product,202,actual_production,0.0
2025-10-10,product,202,production_shortfall,0.0
2025-10-10,product,202,demand_units,0.0
2025-10-10,product,202,due_backlog_units,0.0
2025-10-10,product,202,newly_backordered_units,0.0
2025-10-10,product,202,backorder_flag,0.0
2025-10-11,calendar,global,weekday,5.0
2025-10-11,calendar,global,month,10.0
2025-10-11,calendar,global,is_weekend,1.0
2025-10-11,supplier,1,po_delay_days,0.0
2025-10-11,supplier,1,receipt_fill_rate,1.0
2025-10-11,supplier,1,receipt_event_flag,0.0
2025-10-11,supplier,2,po_delay_days,0.0
2025-10-11,supplier,2,receipt_fill_rate,1.0
2025-10-11,supplier,2,receipt_event_flag,0.0
2025-10-11,supplier,3,po_delay_days,0.0
2025-10-11,supplier,3,receipt_fill_rate,1.0
2025-10-11,supplier,3,receipt_event_flag,0.0
2025-10-11,supplier,4,po_delay_days,0.0
2025-10-11,supplier,4,receipt_fill_rate,1.0
2025-10-11,supplier,4,receipt_event_flag,0.0
2025-10-11,supplier,5,po_delay_days,0.0
2025-10-11,supplier,5,receipt_fill_rate,1.0
2025-10-11,supplier,5,receipt_event_flag,0.0
2025-10-11,material,101,stock,3.0
2025-10-11,material,101,days_of_cover,0.12
2025-10-11,material,101,open_po_flag,1.0
2025-10-11,material,101,reorder_triggered,0.0
2025-10-11,material,102,stock,70.0
2025-10-11,material,102,days_of_cover,9.33
2025-10-11,material,102,open_po_flag,1.0
2025-10-11,material,102,reorder_triggered,0.0
2025-10-11,material,103,stock,127.0
2025-10-11,material,103,days_of_cover,26.74
2025-10-11,material,103,open_po_flag,0.0
2025-10-11,material,103,reorder_triggered,0.0
2025-10-11,product,201,fg_stock,469.0
2025-10-11,product,201,planned_production,0.0
2025-10-11,product,201,actual_production,0.0
2025-10-11,product,201,production_shortfall,0.0
2025-10-11,product,201,demand_units,0.0
2025-10-11,product,201,due_backlog_units,0.0
2025-10-11,product,201,newly_backordered_units,0.0
2025-10-11,product,201,backorder_flag,0.0
2025-10-11,product,202,fg_stock,260.0
2025-10-11,product,202,planned_production,0.0
2025-10-11,product,202,actual_production,0.0
2025-10-11,product,202,production_shortfall,0.0
2025-10-11,product,202,demand_units,0.0
2025-10-11,product,202,due_backlog_units,0.0
2025-10-11,product,202,newly_backordered_units,0.0
2025-10-11,product,202,backorder_flag,0.0
2025-10-12,calendar,global,weekday,6.0
2025-10-12,calendar,global,month,10.0
2025-10-12,calendar,global,is_weekend,1.0
2025-10-12,supplier,1,po_delay_days,0.0
2025-10-12,supplier,1,receipt_fill_rate,1.0
2025-10-12,supplier,1,receipt_event_flag,0.0
2025-10-12,supplier,2,po_delay_days,0.0
2025-10-12,supplier,2,receipt_fill_rate,1.0
2025-10-12,supplier,2,receipt_event_flag,0.0
2025-10-12,supplier,3,po_delay_days,0.0
2025-10-12,supplier,3,receipt_fill_rate,1.0
2025-10-12,supplier,3,receipt_event_flag,0.0
2025-10-12,supplier,4,po_delay_days,0.0
2025-10-12,supplier,4,receipt_fill_rate,1.0
2025-10-12,supplier,4,receipt_event_flag,1.0
2025-10-12,supplier,5,po_delay_days,0.0
2025-10-12,supplier,5,receipt_fill_rate,1.0
2025-10-12,supplier,5,receipt_event_flag,0.0
2025-10-12,material,101,stock,313.0
2025-10-12,material,101,days_of_cover,12.65
2025-10-12,material,101,open_po_flag,0.0
2025-10-12,material,101,reorder_triggered,0.0
2025-10-12,material,102,stock,70.0
2025-10-12,material,102,days_of_cover,9.33
2025-10-12,material,102,open_po_flag,1.0
2025-10-12,material,102,reorder_triggered,0.0
2025-10-12,material,103,stock,127.0
2025-10-12,material,103,days_of_cover,26.74
2025-10-12,material,103,open_po_flag,0.0
2025-10-12,material,103,reorder_triggered,0.0
2025-10-12,product,201,fg_stock,441.0
2025-10-12,product,201,planned_production,0.0
2025-10-12,product,201,actual_production,0.0
2025-10-12,product,201,production_shortfall,0.0
2025-10-12,product,201,demand_units,0.0
2025-10-12,product,201,due_backlog_units,0.0
2025-10-12,product,201,newly_backordered_units,0.0
2025-10-12,product,201,backorder_flag,0.0
2025-10-12,product,202,fg_stock,260.0
2025-10-12,product,202,planned_production,0.0
2025-10-12,product,202,actual_production,0.0
2025-10-12,product,202,production_shortfall,0.0
2025-10-12,product,202,demand_units,0.0
2025-10-12,product,202,due_backlog_units,0.0
2025-10-12,product,202,newly_backordered_units,0.0
2025-10-12,product,202,backorder_flag,0.0
2025-10-13,calendar,global,weekday,0.0
2025-10-13,calendar,global,month,10.0
2025-10-13,calendar,global,is_weekend,0.0
2025-10-13,supplier,1,po_delay_days,0.0
2025-10-13,supplier,1,receipt_fill_rate,1.0
2025-10-13,supplier,1,receipt_event_flag,0.0
2025-10-13,supplier,2,po_delay_days,0.0
2025-10-13,supplier,2,receipt_fill_rate,1.0
2025-10-13,supplier,2,receipt_event_flag,0.0
2025-10-13,supplier,3,po_delay_days,0.0
2025-10-13,supplier,3,receipt_fill_rate,1.0
2025-10-13,supplier,3,receipt_event_flag,0.0
2025-10-13,supplier,4,po_delay_days,0.0
2025-10-13,supplier,4,receipt_fill_rate,1.0
2025-10-13,supplier,4,receipt_event_flag,0.0
2025-10-13,supplier,5,po_delay_days,0.0
2025-10-13,supplier,5,receipt_fill_rate,1.0
2025-10-13,supplier,5,receipt_event_flag,0.0
2025-10-13,material,101,stock,313.0
2025-10-13,material,101,days_of_cover,14.75
2025-10-13,material,101,open_po_flag,0.0
2025-10-13,material,101,reorder_triggered,0.0
2025-10-13,material,102,stock,70.0
2025-10-13,material,102,days_of_cover,10.89
2025-10-13,material,102,open_po_flag,1.0
2025-10-13,material,102,reorder_triggered,0.0
2025-10-13,material,103,stock,127.0
2025-10-13,material,103,days_of_cover,31.19
2025-10-13,material,103,open_po_flag,0.0
2025-10-13,material,103,reorder_triggered,0.0
2025-10-13,product,201,fg_stock,441.0
2025-10-13,product,201,planned_production,0.0
2025-10-13,product,201,actual_production,0.0
2025-10-13,product,201,production_shortfall,0.0
2025-10-13,product,201,demand_units,0.0
2025-10-13,product,201,due_backlog_units,0.0
2025-10-13,product,201,newly_backordered_units,0.0
2025-10-13,product,201,backorder_flag,0.0
2025-10-13,product,202,fg_stock,260.0
2025-10-13,product,202,planned_production,0.0
2025-10-13,product,202,actual_production,0.0
2025-10-13,product,202,production_shortfall,0.0
2025-10-13,product,202,demand_units,0.0
2025-10-13,product,202,due_backlog_units,0.0
2025-10-13,product,202,newly_backordered_units,0.0
2025-10-13,product,202,backorder_flag,0.0
2025-10-14,calendar,global,weekday,1.0
2025-10-14,calendar,global,month,10.0
2025-10-14,calendar,global,is_weekend,0.0
2025-10-14,supplier,1,po_delay_days,0.0
2025-10-14,supplier,1,receipt_fill_rate,1.0
2025-10-14,supplier,1,receipt_event_flag,0.0
2025-10-14,supplier,2,po_delay_days,0.0
2025-10-14,supplier,2,receipt_fill_rate,1.0
2025-10-14,supplier,2,receipt_event_flag,0.0
2025-10-14,supplier,3,po_delay_days,0.0
2025-10-14,supplier,3,receipt_fill_rate,1.0
2025-10-14,supplier,3,receipt_event_flag,0.0
2025-10-14,supplier,4,po_delay_days,0.0
2025-10-14,supplier,4,receipt_fill_rate,1.0
2025-10-14,supplier,4,receipt_event_flag,0.0
2025-10-14,supplier,5,po_delay_days,0.0
2025-10-14,supplier,5,receipt_fill_rate,1.0
2025-10-14,supplier,5,receipt_event_flag,0.0
2025-10-14,material,101,stock,313.0
2025-10-14,material,101,days_of_cover,14.75
2025-10-14,material,101,open_po_flag,0.0
2025-10-14,material,101,reorder_triggered,0.0
2025-10-14,material,102,stock,70.0
2025-10-14,material,102,days_of_cover,10.89
2025-10-14,material,102,open_po_flag,1.0
2025-10-14,material,102,reorder_triggered,0.0
2025-10-14,material,103,stock,127.0
2025-10-14,material,103,days_of_cover,31.19
2025-10-14,material,103,open_po_flag,0.0
2025-10-14,material,103,reorder_triggered,0.0
2025-10-14,product,201,fg_stock,430.0
2025-10-14,product,201,planned_production,0.0
2025-10-14,product,201,actual_production,0.0
2025-10-14,product,201,production_shortfall,0.0
2025-10-14,product,201,demand_units,0.0
2025-10-14,product,201,due_backlog_units,0.0
2025-10-14,product,201,newly_backordered_units,0.0
2025-10-14,product,201,backorder_flag,0.0
2025-10-14,product,202,fg_stock,250.0
2025-10-14,product,202,planned_production,0.0
2025-10-14,product,202,actual_production,0.0
2025-10-14,product,202,production_shortfall,0.0
2025-10-14,product,202,demand_units,0.0
2025-10-14,product,202,due_backlog_units,0.0
2025-10-14,product,202,newly_backordered_units,0.0
2025-10-14,product,202,backorder_flag,0.0
2025-10-15,calendar,global,weekday,2.0
2025-10-15,calendar,global,month,10.0
2025-10-15,calendar,global,is_weekend,0.0
2025-10-15,supplier,1,po_delay_days,0.0
2025-10-15,supplier,1,receipt_fill_rate,1.0
2025-10-15,supplier,1,receipt_event_flag,0.0
2025-10-15,supplier,2,po_delay_days,0.0
2025-10-15,supplier,2,receipt_fill_rate,1.0
2025-10-15,supplier,2,receipt_event_flag,0.0
2025-10-15,supplier,3,po_delay_days,0.0
2025-10-15,supplier,3,receipt_fill_rate,1.0
2025-10-15,supplier,3,receipt_event_flag,0.0
2025-10-15,supplier,4,po_delay_days,0.0
2025-10-15,supplier,4,receipt_fill_rate,1.0
2025-10-15,supplier,4,receipt_event_flag,0.0
2025-10-15,supplier,5,po_delay_days,0.0
2025-10-15,supplier,5,receipt_fill_rate,1.0
2025-10-15,supplier,5,receipt_event_flag,0.0
2025-10-15,material,101,stock,313.0
2025-10-15,material,101,days_of_cover,14.75
2025-10-15,material,101,open_po_flag,0.0
2025-10-15,material,101,reorder_triggered,0.0
2025-10-15,material,102,stock,70.0
2025-10-15,material,102,days_of_cover,10.89
2025-10-15,material,102,open_po_flag,1.0
2025-10-15,material,102,reorder_triggered,0.0
2025-10-15,material,103,stock,127.0
2025-10-15,material,103,days_of_cover,31.19
2025-10-15,material,103,open_po_flag,0.0
2025-10-15,material,103,reorder_triggered,0.0
2025-10-15,product,201,fg_stock,408.0
2025-10-15,product,201,planned_production,0.0
2025-10-15,product,201,actual_production,0.0
2025-10-15,product,201,production_shortfall,0.0
2025-10-15,product,201,demand_units,0.0
2025-10-15,product,201,due_backlog_units,0.0
2025-10-15,product,201,newly_backordered_units,0.0
2025-10-15,product,201,backorder_flag,0.0
2025-10-15,product,202,fg_stock,250.0
2025-10-15,product,202,planned_production,0.0
2025-10-15,product,202,actual_production,0.0
2025-10-15,product,202,production_shortfall,0.0
2025-10-15,product,202,demand_units,0.0
2025-10-15,product,202,due_backlog_units,0.0
2025-10-15,product,202,newly_backordered_units,0.0
2025-10-15,product,202,backorder_flag,0.0
2025-10-16,calendar,global,weekday,3.0
2025-10-16,calendar,global,month,10.0
2025-10-16,calendar,global,is_weekend,0.0
2025-10-16,supplier,1,po_delay_days,0.0
2025-10-16,supplier,1,receipt_fill_rate,1.0
2025-10-16,supplier,1,receipt_event_flag,0.0
2025-10-16,supplier,2,po_delay_days,0.0
2025-10-16,supplier,2,receipt_fill_rate,1.0
2025-10-16,supplier,2,receipt_event_flag,0.0
2025-10-16,supplier,3,po_delay_days,0.0
2025-10-16,supplier,3,receipt_fill_rate,1.0
2025-10-16,supplier,3,receipt_event_flag,0.0
2025-10-16,supplier,4,po_delay_days,0.0
2025-10-16,supplier,4,receipt_fill_rate,1.0
2025-10-16,supplier,4,receipt_event_flag,0.0
2025-10-16,supplier,5,po_delay_days,0.0
2025-10-16,supplier,5,receipt_fill_rate,1.0
2025-10-16,supplier,5,receipt_event_flag,0.0
2025-10-16,material,101,stock,313.0
2025-10-16,material,101,days_of_cover,17.71
2025-10-16,material,101,open_po_flag,0.0
2025-10-16,material,101,reorder_triggered,0.0
2025-10-16,material,102,stock,70.0
2025-10-16,material,102,days_of_cover,13.07
2025-10-16,material,102,open_po_flag,1.0
2025-10-16,material,102,reorder_triggered,0.0
2025-10-16,material,103,stock,127.0
2025-10-16,material,103,days_of_cover,37.43
2025-10-16,material,103,open_po_flag,0.0
2025-10-16,material,103,reorder_triggered,0.0
2025-10-16,product,201,fg_stock,399.0
2025-10-16,product,201,planned_production,0.0
2025-10-16,product,201,actual_production,0.0
2025-10-16,product,201,production_shortfall,0.0
2025-10-16,product,201,demand_units,0.0
2025-10-16,product,201,due_backlog_units,0.0
2025-10-16,product,201,newly_backordered_units,0.0
2025-10-16,product,201,backorder_flag,0.0
2025-10-16,product,202,fg_stock,250.0
2025-10-16,product,202,planned_production,0.0
2025-10-16,product,202,actual_production,0.0
2025-10-16,product,202,production_shortfall,0.0
2025-10-16,product,202,demand_units,0.0
2025-10-16,product,202,due_backlog_units,0.0
2025-10-16,product,202,newly_backordered_units,0.0
2025-10-16,product,202,backorder_flag,0.0
2025-10-17,calendar,global,weekday,4.0
2025-10-17,calendar,global,month,10.0
2025-10-17,calendar,global,is_weekend,0.0
2025-10-17,supplier,1,po_delay_days,0.0
2025-10-17,supplier,1,receipt_fill_rate,1.0
2025-10-17,supplier,1,receipt_event_flag,0.0
2025-10-17,supplier,2,po_delay_days,0.0
2025-10-17,supplier,2,receipt_fill_rate,1.0
2025-10-17,supplier,2,receipt_event_flag,0.0
2025-10-17,supplier,3,po_delay_days,0.0
2025-10-17,supplier,3,receipt_fill_rate,1.0
2025-10-17,supplier,3,receipt_event_flag,0.0
2025-10-17,supplier,4,po_delay_days,0.0
2025-10-17,supplier,4,receipt_fill_rate,1.0
2025-10-17,supplier,4,receipt_event_flag,0.0
2025-10-17,supplier,5,po_delay_days,0.0
2025-10-17,supplier,5,receipt_fill_rate,1.0
2025-10-17,supplier,5,receipt_event_flag,0.0
2025-10-17,material,101,stock,313.0
2025-10-17,material,101,days_of_cover,17.71
2025-10-17,material,101,open_po_flag,0.0
2025-10-17,material,101,reorder_triggered,0.0
2025-10-17,material,102,stock,70.0
2025-10-17,material,102,days_of_cover,13.07
2025-10-17,material,102,open_po_flag,1.0
2025-10-17,material,102,reorder_triggered,0.0
2025-10-17,material,103,stock,127.0
2025-10-17,material,103,days_of_cover,37.43
2025-10-17,material,103,open_po_flag,0.0
2025-10-17,material,103,reorder_triggered,0.0
2025-10-17,product,201,fg_stock,399.0
2025-10-17,product,201,planned_production,0.0
2025-10-17,product,201,actual_production,0.0
2025-10-17,product,201,production_shortfall,0.0
2025-10-17,product,201,demand_units,0.0
2025-10-17,product,201,due_backlog_units,0.0
2025-10-17,product,201,newly_backordered_units,0.0
2025-10-17,product,201,backorder_flag,0.0
2025-10-17,product,202,fg_stock,242.0
2025-10-17,product,202,planned_production,0.0
2025-10-17,product,202,actual_production,0.0
2025-10-17,product,202,production_shortfall,0.0
2025-10-17,product,202,demand_units,0.0
2025-10-17,product,202,due_backlog_units,0.0
2025-10-17,product,202,newly_backordered_units,0.0
2025-10-17,product,202,backorder_flag,0.0
2025-10-18,calendar,global,weekday,5.0
2025-10-18,calendar,global,month,10.0
2025-10-18,calendar,global,is_weekend,1.0
2025-10-18,supplier,1,po_delay_days,0.0
2025-10-18,supplier,1,receipt_fill_rate,1.0
2025-10-18,supplier,1,receipt_event_flag,0.0
2025-10-18,supplier,2,po_delay_days,0.0
2025-10-18,supplier,2,receipt_fill_rate,1.0
2025-10-18,supplier,2,receipt_event_flag,0.0
2025-10-18,supplier,3,po_delay_days,1.0
2025-10-18,supplier,3,receipt_fill_rate,1.0
2025-10-18,supplier,3,receipt_event_flag,0.0
2025-10-18,supplier,4,po_delay_days,0.0
2025-10-18,supplier,4,receipt_fill_rate,1.0
2025-10-18,supplier,4,receipt_event_flag,0.0
2025-10-18,supplier,5,po_delay_days,0.0
2025-10-18,supplier,5,receipt_fill_rate,1.0
2025-10-18,supplier,5,receipt_event_flag,0.0
2025-10-18,material,101,stock,313.0
2025-10-18,material,101,days_of_cover,17.71
2025-10-18,material,101,open_po_flag,0.0
2025-10-18,material,101,reorder_triggered,0.0
2025-10-18,material,102,stock,70.0
2025-10-18,material,102,days_of_cover,13.07
2025-10-18,material,102,open_po_flag,1.0
2025-10-18,material,102,reorder_triggered,0.0
2025-10-18,material,103,stock,127.0
2025-10-18,material,103,days_of_cover,37.43
2025-10-18,material,103,open_po_flag,0.0
2025-10-18,material,103,reorder_triggered,0.0
2025-10-18,product,201,fg_stock,399.0
2025-10-18,product,201,planned_production,0.0
2025-10-18,product,201,actual_production,0.0
2025-10-18,product,201,production_shortfall,0.0
2025-10-18,product,201,demand_units,0.0
2025-10-18,product,201,due_backlog_units,0.0
2025-10-18,product,201,newly_backordered_units,0.0
2025-10-18,product,201,backorder_flag,0.0
2025-10-18,product,202,fg_stock,242.0
2025-10-18,product,202,planned_production,0.0
2025-10-18,product,202,actual_production,0.0
2025-10-18,product,202,production_shortfall,0.0
2025-10-18,product,202,demand_units,0.0
2025-10-18,product,202,due_backlog_units,0.0
2025-10-18,product,202,newly_backordered_units,0.0
2025-10-18,product,202,backorder_flag,0.0
2025-10-19,calendar,global,weekday,6.0
2025-10-19,calendar,global,month,10.0
2025-10-19,calendar,global,is_weekend,1.0
2025-10-19,supplier,1,po_delay_days,0.0
2025-10-19,supplier,1,receipt_fill_rate,1.0
2025-10-19,supplier,1,receipt_event_flag,0.0
2025-10-19,supplier,2,po_delay_days,0.0
2025-10-19,supplier,2,receipt_fill_rate,1.0
2025-10-19,supplier,2,receipt_event_flag,0.0
2025-10-19,supplier,3,po_delay_days,2.0
2025-10-19,supplier,3,receipt_fill_rate,1.0
2025-10-19,supplier,3,receipt_event_flag,0.0
2025-10-19,supplier,4,po_delay_days,0.0
2025-10-19,supplier,4,receipt_fill_rate,1.0
2025-10-19,supplier,4,receipt_event_flag,0.0
2025-10-19,supplier,5,po_delay_days,0.0
2025-10-19,supplier,5,receipt_fill_rate,1.0
2025-10-19,supplier,5,receipt_event_flag,0.0
2025-10-19,material,101,stock,313.0
2025-10-19,material,101,days_of_cover,17.71
2025-10-19,material,101,open_po_flag,0.0
2025-10-19,material,101,reorder_triggered,0.0
2025-10-19,material,102,stock,70.0
2025-10-19,material,102,days_of_cover,13.07
2025-10-19,material,102,open_po_flag,1.0
2025-10-19,material,102,reorder_triggered,0.0
2025-10-19,material,103,stock,127.0
2025-10-19,material,103,days_of_cover,37.43
2025-10-19,material,103,open_po_flag,0.0
2025-10-19,material,103,reorder_triggered,0.0
2025-10-19,product,201,fg_stock,399.0
2025-10-19,product,201,planned_production,0.0
2025-10-19,product,201,actual_production,0.0
2025-10-19,product,201,production_shortfall,0.0
2025-10-19,product,201,demand_units,0.0
2025-10-19,product,201,due_backlog_units,0.0
2025-10-19,product,201,newly_backordered_units,0.0
2025-10-19,product,201,backorder_flag,0.0
2025-10-19,product,202,fg_stock,242.0
2025-10-19,product,202,planned_production,0.0
2025-10-19,product,202,actual_production,0.0
2025-10-19,product,202,production_shortfall,0.0
2025-10-19,product,202,demand_units,0.0
2025-10-19,product,202,due_backlog_units,0.0
2025-10-19,product,202,newly_backordered_units,0.0
2025-10-19,product,202,backorder_flag,0.0
2025-10-20,calendar,global,weekday,0.0
2025-10-20,calendar,global,month,10.0
2025-10-20,calendar,global,is_weekend,0.0
2025-10-20,supplier,1,po_delay_days,0.0
2025-10-20,supplier,1,receipt_fill_rate,1.0
2025-10-20,supplier,1,receipt_event_flag,0.0
2025-10-20,supplier,2,po_delay_days,0.0
2025-10-20,supplier,2,receipt_fill_rate,1.0
2025-10-20,supplier,2,receipt_event_flag,0.0
2025-10-20,supplier,3,po_delay_days,3.0
2025-10-20,supplier,3,receipt_fill_rate,1.0
2025-10-20,supplier,3,receipt_event_flag,0.0
2025-10-20,supplier,4,po_delay_days,0.0
2025-10-20,supplier,4,receipt_fill_rate,1.0
2025-10-20,supplier,4,receipt_event_flag,0.0
2025-10-20,supplier,5,po_delay_days,0.0
2025-10-20,supplier,5,receipt_fill_rate,1.0
2025-10-20,supplier,5,receipt_event_flag,0.0
2025-10-20,material,101,stock,313.0
2025-10-20,material,101,days_of_cover,17.71
2025-10-20,material,101,open_po_flag,0.0
2025-10-20,material,101,reorder_triggered,0.0
2025-10-20,material,102,stock,70.0
2025-10-20,material,102,days_of_cover,13.07
2025-10-20,material,102,open_po_flag,1.0
2025-10-20,material,102,reorder_triggered,0.0
2025-10-20,material,103,stock,127.0
2025-10-20,material,103,days_of_cover,37.43
2025-10-20,material,103,open_po_flag,0.0
2025-10-20,material,103,reorder_triggered,0.0
2025-10-20,product,201,fg_stock,399.0
2025-10-20,product,201,planned_production,0.0
2025-10-20,product,201,actual_production,0.0
2025-10-20,product,201,production_shortfall,0.0
2025-10-20,product,201,demand_units,0.0
2025-10-20,product,201,due_backlog_units,0.0
2025-10-20,product,201,newly_backordered_units,0.0
2025-10-20,product,201,backorder_flag,0.0
2025-10-20,product,202,fg_stock,242.0
2025-10-20,product,202,planned_production,0.0
2025-10-20,product,202,actual_production,0.0
2025-10-20,product,202,production_shortfall,0.0
2025-10-20,product,202,demand_units,0.0
2025-10-20,product,202,due_backlog_units,0.0
2025-10-20,product,202,newly_backordered_units,0.0
2025-10-20,product,202,backorder_flag,0.0
2025-10-21,calendar,global,weekday,1.0
2025-10-21,calendar,global,month,10.0
2025-10-21,calendar,global,is_weekend,0.0
2025-10-21,supplier,1,po_delay_days,0.0
2025-10-21,supplier,1,receipt_fill_rate,1.0
2025-10-21,supplier,1,receipt_event_flag,0.0
2025-10-21,supplier,2,po_delay_days,0.0
2025-10-21,supplier,2,receipt_fill_rate,1.0
2025-10-21,supplier,2,receipt_event_flag,0.0
2025-10-21,supplier,3,po_delay_days,4.0
2025-10-21,supplier,3,receipt_fill_rate,1.0
2025-10-21,supplier,3,receipt_event_flag,0.0
2025-10-21,supplier,4,po_delay_days,0.0
2025-10-21,supplier,4,receipt_fill_rate,1.0
2025-10-21,supplier,4,receipt_event_flag,0.0
2025-10-21,supplier,5,po_delay_days,0.0
2025-10-21,supplier,5,receipt_fill_rate,1.0
2025-10-21,supplier,5,receipt_event_flag,0.0
2025-10-21,material,101,stock,214.0
2025-10-21,material,101,days_of_cover,10.09
2025-10-21,material,101,open_po_flag,0.0
2025-10-21,material,101,reorder_triggered,0.0
2025-10-21,material,102,stock,40.0
2025-10-21,material,102,days_of_cover,6.22
2025-10-21,material,102,open_po_flag,1.0
2025-10-21,material,102,reorder_triggered,0.0
2025-10-21,material,103,stock,108.0
2025-10-21,material,103,days_of_cover,26.53
2025-10-21,material,103,open_po_flag,0.0
2025-10-21,material,103,reorder_triggered,0.0
2025-10-21,product,201,fg_stock,429.0
2025-10-21,product,201,planned_production,30.0
2025-10-21,product,201,actual_production,30.0
2025-10-21,product,201,production_shortfall,0.0
2025-10-21,product,201,demand_units,22.0
2025-10-21,product,201,due_backlog_units,0.0
2025-10-21,product,201,newly_backordered_units,0.0
2025-10-21,product,201,backorder_flag,0.0
2025-10-21,product,202,fg_stock,262.0
2025-10-21,product,202,planned_production,20.0
2025-10-21,product,202,actual_production,20.0
2025-10-21,product,202,production_shortfall,0.0
2025-10-21,product,202,demand_units,21.0
2025-10-21,product,202,due_backlog_units,0.0
2025-10-21,product,202,newly_backordered_units,0.0
2025-10-21,product,202,backorder_flag,0.0
2025-10-22,calendar,global,weekday,2.0
2025-10-22,calendar,global,month,10.0
2025-10-22,calendar,global,is_weekend,0.0
2025-10-22,supplier,1,po_delay_days,0.0
2025-10-22,supplier,1,receipt_fill_rate,1.0
2025-10-22,supplier,1,receipt_event_flag,0.0
2025-10-22,supplier,2,po_delay_days,0.0
2025-10-22,supplier,2,receipt_fill_rate,1.0
2025-10-22,supplier,2,receipt_event_flag,0.0
2025-10-22,supplier,3,po_delay_days,5.0
2025-10-22,supplier,3,receipt_fill_rate,1.0
2025-10-22,supplier,3,receipt_event_flag,0.0
2025-10-22,supplier,4,po_delay_days,0.0
2025-10-22,supplier,4,receipt_fill_rate,1.0
2025-10-22,supplier,4,receipt_event_flag,0.0
2025-10-22,supplier,5,po_delay_days,0.0
2025-10-22,supplier,5,receipt_fill_rate,1.0
2025-10-22,supplier,5,receipt_event_flag,0.0
2025-10-22,material,101,stock,115.0
2025-10-22,material,101,days_of_cover,4.65
2025-10-22,material,101,open_po_flag,1.0
2025-10-22,material,101,reorder_triggered,1.0
2025-10-22,material,102,stock,10.0
2025-10-22,material,102,days_of_cover,1.33
2025-10-22,material,102,open_po_flag,1.0
2025-10-22,material,102,reorder_triggered,0.0
2025-10-22,material,103,stock,89.0
2025-10-22,material,103,days_of_cover,18.74
2025-10-22,material,103,open_po_flag,1.0
2025-10-22,material,103,reorder_triggered,1.0
2025-10-22,product,201,fg_stock,459.0
2025-10-22,product,201,planned_production,30.0
2025-10-22,product,201,actual_production,30.0
2025-10-22,product,201,production_shortfall,0.0
2025-10-22,product,201,demand_units,0.0
2025-10-22,product,201,due_backlog_units,0.0
2025-10-22,product,201,newly_backordered_units,0.0
2025-10-22,product,201,backorder_flag,0.0
2025-10-22,product,202,fg_stock,282.0
2025-10-22,product,202,planned_production,20.0
2025-10-22,product,202,actual_production,20.0
2025-10-22,product,202,production_shortfall,0.0
2025-10-22,product,202,demand_units,0.0
2025-10-22,product,202,due_backlog_units,0.0
2025-10-22,product,202,newly_backordered_units,0.0
2025-10-22,product,202,backorder_flag,0.0
2025-10-23,calendar,global,weekday,3.0
2025-10-23,calendar,global,month,10.0
2025-10-23,calendar,global,is_weekend,0.0
2025-10-23,supplier,1,po_delay_days,0.0
2025-10-23,supplier,1,receipt_fill_rate,1.0
2025-10-23,supplier,1,receipt_event_flag,0.0
2025-10-23,supplier,2,po_delay_days,0.0
2025-10-23,supplier,2,receipt_fill_rate,1.0
2025-10-23,supplier,2,receipt_event_flag,0.0
2025-10-23,supplier,3,po_delay_days,6.0
2025-10-23,supplier,3,receipt_fill_rate,1.0
2025-10-23,supplier,3,receipt_event_flag,0.0
2025-10-23,supplier,4,po_delay_days,0.0
2025-10-23,supplier,4,receipt_fill_rate,1.0
2025-10-23,supplier,4,receipt_event_flag,0.0
2025-10-23,supplier,5,po_delay_days,0.0
2025-10-23,supplier,5,receipt_fill_rate,1.0
2025-10-23,supplier,5,receipt_event_flag,0.0
2025-10-23,material,101,stock,115.0
2025-10-23,material,101,days_of_cover,5.42
2025-10-23,material,101,open_po_flag,1.0
2025-10-23,material,101,reorder_triggered,0.0
2025-10-23,material,102,stock,10.0
2025-10-23,material,102,days_of_cover,1.56
2025-10-23,material,102,open_po_flag,1.0
2025-10-23,material,102,reorder_triggered,0.0
2025-10-23,material,103,stock,89.0
2025-10-23,material,103,days_of_cover,21.86
2025-10-23,material,103,open_po_flag,1.0
2025-10-23,material,103,reorder_triggered,0.0
2025-10-23,product,201,fg_stock,459.0
2025-10-23,product,201,planned_production,0.0
2025-10-23,product,201,actual_production,0.0
2025-10-23,product,201,production_shortfall,0.0
2025-10-23,product,201,demand_units,0.0
2025-10-23,product,201,due_backlog_units,0.0
2025-10-23,product,201,newly_backordered_units,0.0
2025-10-23,product,201,backorder_flag,0.0
2025-10-23,product,202,fg_stock,282.0
2025-10-23,product,202,planned_production,0.0
2025-10-23,product,202,actual_production,0.0
2025-10-23,product,202,production_shortfall,0.0
2025-10-23,product,202,demand_units,0.0
2025-10-23,product,202,due_backlog_units,0.0
2025-10-23,product,202,newly_backordered_units,0.0
2025-10-23,product,202,backorder_flag,0.0
2025-10-24,calendar,global,weekday,4.0
2025-10-24,calendar,global,month,10.0
2025-10-24,calendar,global,is_weekend,0.0
2025-10-24,supplier,1,po_delay_days,0.0
2025-10-24,supplier,1,receipt_fill_rate,1.0
2025-10-24,supplier,1,receipt_event_flag,0.0
2025-10-24,supplier,2,po_delay_days,0.0
2025-10-24,supplier,2,receipt_fill_rate,1.0
2025-10-24,supplier,2,receipt_event_flag,0.0
2025-10-24,supplier,3,po_delay_days,7.0
2025-10-24,supplier,3,receipt_fill_rate,1.0
2025-10-24,supplier,3,receipt_event_flag,1.0
2025-10-24,supplier,4,po_delay_days,0.0
2025-10-24,supplier,4,receipt_fill_rate,1.0
2025-10-24,supplier,4,receipt_event_flag,0.0
2025-10-24,supplier,5,po_delay_days,0.0
2025-10-24,supplier,5,receipt_fill_rate,1.0
2025-10-24,supplier,5,receipt_event_flag,0.0
2025-10-24,material,101,stock,115.0
2025-10-24,material,101,days_of_cover,5.42
2025-10-24,material,101,open_po_flag,1.0
2025-10-24,material,101,reorder_triggered,0.0
2025-10-24,material,102,stock,277.0
2025-10-24,material,102,days_of_cover,43.09
2025-10-24,material,102,open_po_flag,0.0
2025-10-24,material,102,reorder_triggered,0.0
2025-10-24,material,103,stock,89.0
2025-10-24,material,103,days_of_cover,21.86
2025-10-24,material,103,open_po_flag,1.0
2025-10-24,material,103,reorder_triggered,0.0
2025-10-24,product,201,fg_stock,459.0
2025-10-24,product,201,planned_production,0.0
2025-10-24,product,201,actual_production,0.0
2025-10-24,product,201,production_shortfall,0.0
2025-10-24,product,201,demand_units,10.0
2025-10-24,product,201,due_backlog_units,0.0
2025-10-24,product,201,newly_backordered_units,0.0
2025-10-24,product,201,backorder_flag,0.0
2025-10-24,product,202,fg_stock,282.0
2025-10-24,product,202,planned_production,0.0
2025-10-24,product,202,actual_production,0.0
2025-10-24,product,202,production_shortfall,0.0
2025-10-24,product,202,demand_units,15.0
2025-10-24,product,202,due_backlog_units,0.0
2025-10-24,product,202,newly_backordered_units,0.0
2025-10-24,product,202,backorder_flag,0.0
2025-10-25,calendar,global,weekday,5.0
2025-10-25,calendar,global,month,10.0
2025-10-25,calendar,global,is_weekend,1.0
2025-10-25,supplier,1,po_delay_days,0.0
2025-10-25,supplier,1,receipt_fill_rate,1.0
2025-10-25,supplier,1,receipt_event_flag,0.0
2025-10-25,supplier,2,po_delay_days,0.0
2025-10-25,supplier,2,receipt_fill_rate,1.0
2025-10-25,supplier,2,receipt_event_flag,0.0
2025-10-25,supplier,3,po_delay_days,0.0
2025-10-25,supplier,3,receipt_fill_rate,1.0
2025-10-25,supplier,3,receipt_event_flag,0.0
2025-10-25,supplier,4,po_delay_days,0.0
2025-10-25,supplier,4,receipt_fill_rate,1.0
2025-10-25,supplier,4,receipt_event_flag,0.0
2025-10-25,supplier,5,po_delay_days,0.0
2025-10-25,supplier,5,receipt_fill_rate,1.0
2025-10-25,supplier,5,receipt_event_flag,0.0
2025-10-25,material,101,stock,115.0
2025-10-25,material,101,days_of_cover,5.42
2025-10-25,material,101,open_po_flag,1.0
2025-10-25,material,101,reorder_triggered,0.0
2025-10-25,material,102,stock,277.0
2025-10-25,material,102,days_of_cover,43.09
2025-10-25,material,102,open_po_flag,0.0
2025-10-25,material,102,reorder_triggered,0.0
2025-10-25,material,103,stock,89.0
2025-10-25,material,103,days_of_cover,21.86
2025-10-25,material,103,open_po_flag,1.0
2025-10-25,material,103,reorder_triggered,0.0
2025-10-25,product,201,fg_stock,459.0
2025-10-25,product,201,planned_production,0.0
2025-10-25,product,201,actual_production,0.0
2025-10-25,product,201,production_shortfall,0.0
2025-10-25,product,201,demand_units,0.0
2025-10-25,product,201,due_backlog_units,0.0
2025-10-25,product,201,newly_backordered_units,0.0
2025-10-25,product,201,backorder_flag,0.0
2025-10-25,product,202,fg_stock,282.0
2025-10-25,product,202,planned_production,0.0
2025-10-25,product,202,actual_production,0.0
2025-10-25,product,202,production_shortfall,0.0
2025-10-25,product,202,demand_units,0.0
2025-10-25,product,202,due_backlog_units,0.0
2025-10-25,product,202,newly_backordered_units,0.0
2025-10-25,product,202,backorder_flag,0.0
2025-10-26,calendar,global,weekday,6.0
2025-10-26,calendar,global,month,10.0
2025-10-26,calendar,global,is_weekend,1.0
2025-10-26,supplier,1,po_delay_days,0.0
2025-10-26,supplier,1,receipt_fill_rate,1.0
2025-10-26,supplier,1,receipt_event_flag,0.0
2025-10-26,supplier,2,po_delay_days,0.0
2025-10-26,supplier,2,receipt_fill_rate,1.0
2025-10-26,supplier,2,receipt_event_flag,0.0
2025-10-26,supplier,3,po_delay_days,0.0
2025-10-26,supplier,3,receipt_fill_rate,1.0
2025-10-26,supplier,3,receipt_event_flag,0.0
2025-10-26,supplier,4,po_delay_days,0.0
2025-10-26,supplier,4,receipt_fill_rate,1.0
2025-10-26,supplier,4,receipt_event_flag,0.0
2025-10-26,supplier,5,po_delay_days,0.0
2025-10-26,supplier,5,receipt_fill_rate,1.0
2025-10-26,supplier,5,receipt_event_flag,0.0
2025-10-26,material,101,stock,115.0
2025-10-26,material,101,days_of_cover,5.42
2025-10-26,material,101,open_po_flag,1.0
2025-10-26,material,101,reorder_triggered,0.0
2025-10-26,material,102,stock,277.0
2025-10-26,material,102,days_of_cover,43.09
2025-10-26,material,102,open_po_flag,0.0
2025-10-26,material,102,reorder_triggered,0.0
2025-10-26,material,103,stock,89.0
2025-10-26,material,103,days_of_cover,21.86
2025-10-26,material,103,open_po_flag,1.0
2025-10-26,material,103,reorder_triggered,0.0
2025-10-26,product,201,fg_stock,459.0
2025-10-26,product,201,planned_production,0.0
2025-10-26,product,201,actual_production,0.0
2025-10-26,product,201,production_shortfall,0.0
2025-10-26,product,201,demand_units,0.0
2025-10-26,product,201,due_backlog_units,0.0
2025-10-26,product,201,newly_backordered_units,0.0
2025-10-26,product,201,backorder_flag,0.0
2025-10-26,product,202,fg_stock,282.0
2025-10-26,product,202,planned_production,0.0
2025-10-26,product,202,actual_production,0.0
2025-10-26,product,202,production_shortfall,0.0
2025-10-26,product,202,demand_units,0.0
2025-10-26,product,202,due_backlog_units,0.0
2025-10-26,product,202,newly_backordered_units,0.0
2025-10-26,product,202,backorder_flag,0.0
2025-10-27,calendar,global,weekday,0.0
2025-10-27,calendar,global,month,10.0
2025-10-27,calendar,global,is_weekend,0.0
2025-10-27,supplier,1,po_delay_days,0.0
2025-10-27,supplier,1,receipt_fill_rate,1.0
2025-10-27,supplier,1,receipt_event_flag,0.0
2025-10-27,supplier,2,po_delay_days,0.0
2025-10-27,supplier,2,receipt_fill_rate,1.0
2025-10-27,supplier,2,receipt_event_flag,0.0
2025-10-27,supplier,3,po_delay_days,0.0
2025-10-27,supplier,3,receipt_fill_rate,1.0
2025-10-27,supplier,3,receipt_event_flag,0.0
2025-10-27,supplier,4,po_delay_days,0.0
2025-10-27,supplier,4,receipt_fill_rate,1.0
2025-10-27,supplier,4,receipt_event_flag,0.0
2025-10-27,supplier,5,po_delay_days,0.0
2025-10-27,supplier,5,receipt_fill_rate,1.0
2025-10-27,supplier,5,receipt_event_flag,0.0
2025-10-27,material,101,stock,115.0
2025-10-27,material,101,days_of_cover,5.42
2025-10-27,material,101,open_po_flag,1.0
2025-10-27,material,101,reorder_triggered,0.0
2025-10-27,material,102,stock,277.0
2025-10-27,material,102,days_of_cover,43.09
2025-10-27,material,102,open_po_flag,0.0
2025-10-27,material,102,reorder_triggered,0.0
2025-10-27,material,103,stock,89.0
2025-10-27,material,103,days_of_cover,21.86
2025-10-27,material,103,open_po_flag,1.0
2025-10-27,material,103,reorder_triggered,0.0
2025-10-27,product,201,fg_stock,459.0
2025-10-27,product,201,planned_production,0.0
2025-10-27,product,201,actual_production,0.0
2025-10-27,product,201,production_shortfall,0.0
2025-10-27,product,201,demand_units,0.0
2025-10-27,product,201,due_backlog_units,0.0
2025-10-27,product,201,newly_backordered_units,0.0
2025-10-27,product,201,backorder_flag,0.0
2025-10-27,product,202,fg_stock,261.0
2025-10-27,product,202,planned_production,0.0
2025-10-27,product,202,actual_production,0.0
2025-10-27,product,202,production_shortfall,0.0
2025-10-27,product,202,demand_units,0.0
2025-10-27,product,202,due_backlog_units,0.0
2025-10-27,product,202,newly_backordered_units,0.0
2025-10-27,product,202,backorder_flag,0.0
2025-10-28,calendar,global,weekday,1.0
2025-10-28,calendar,global,month,10.0
2025-10-28,calendar,global,is_weekend,0.0
2025-10-28,supplier,1,po_delay_days,0.0
2025-10-28,supplier,1,receipt_fill_rate,1.0
2025-10-28,supplier,1,receipt_event_flag,0.0
2025-10-28,supplier,2,po_delay_days,0.0
2025-10-28,supplier,2,receipt_fill_rate,1.0
2025-10-28,supplier,2,receipt_event_flag,0.0
2025-10-28,supplier,3,po_delay_days,0.0
2025-10-28,supplier,3,receipt_fill_rate,1.0
2025-10-28,supplier,3,receipt_event_flag,0.0
2025-10-28,supplier,4,po_delay_days,0.0
2025-10-28,supplier,4,receipt_fill_rate,1.0
2025-10-28,supplier,4,receipt_event_flag,0.0
2025-10-28,supplier,5,po_delay_days,0.0
2025-10-28,supplier,5,receipt_fill_rate,1.0
2025-10-28,supplier,5,receipt_event_flag,0.0
2025-10-28,material,101,stock,16.0
2025-10-28,material,101,days_of_cover,0.65
2025-10-28,material,101,open_po_flag,1.0
2025-10-28,material,101,reorder_triggered,0.0
2025-10-28,material,102,stock,247.0
2025-10-28,material,102,days_of_cover,32.93
2025-10-28,material,102,open_po_flag,0.0
2025-10-28,material,102,reorder_triggered,0.0
2025-10-28,material,103,stock,70.0
2025-10-28,material,103,days_of_cover,14.74
2025-10-28,material,103,open_po_flag,1.0
2025-10-28,material,103,reorder_triggered,0.0
2025-10-28,product,201,fg_stock,489.0
2025-10-28,product,201,planned_production,30.0
2025-10-28,product,201,actual_production,30.0
2025-10-28,product,201,production_shortfall,0.0
2025-10-28,product,201,demand_units,0.0
2025-10-28,product,201,due_backlog_units,0.0
2025-10-28,product,201,newly_backordered_units,0.0
2025-10-28,product,201,backorder_flag,0.0
2025-10-28,product,202,fg_stock,281.0
2025-10-28,product,202,planned_production,20.0
2025-10-28,product,202,actual_production,20.0
2025-10-28,product,202,production_shortfall,0.0
2025-10-28,product,202,demand_units,0.0
2025-10-28,product,202,due_backlog_units,0.0
2025-10-28,product,202,newly_backordered_units,0.0
2025-10-28,product,202,backorder_flag,0.0
2025-10-29,calendar,global,weekday,2.0
2025-10-29,calendar,global,month,10.0
2025-10-29,calendar,global,is_weekend,0.0
2025-10-29,supplier,1,po_delay_days,0.0
2025-10-29,supplier,1,receipt_fill_rate,1.0
2025-10-29,supplier,1,receipt_event_flag,0.0
2025-10-29,supplier,2,po_delay_days,0.0
2025-10-29,supplier,2,receipt_fill_rate,1.0
2025-10-29,supplier,2,receipt_event_flag,0.0
2025-10-29,supplier,3,po_delay_days,0.0
2025-10-29,supplier,3,receipt_fill_rate,1.0
2025-10-29,supplier,3,receipt_event_flag,0.0
2025-10-29,supplier,4,po_delay_days,0.0
2025-10-29,supplier,4,receipt_fill_rate,1.0
2025-10-29,supplier,4,receipt_event_flag,0.0
2025-10-29,supplier,5,po_delay_days,0.0
2025-10-29,supplier,5,receipt_fill_rate,1.0
2025-10-29,supplier,5,receipt_event_flag,0.0
2025-10-29,material,101,stock,16.0
2025-10-29,material,101,days_of_cover,0.65
2025-10-29,material,101,open_po_flag,1.0
2025-10-29,material,101,reorder_triggered,0.0
2025-10-29,material,102,stock,247.0
2025-10-29,material,102,days_of_cover,32.93
2025-10-29,material,102,open_po_flag,0.0
2025-10-29,material,102,reorder_triggered,0.0
2025-10-29,material,103,stock,70.0
2025-10-29,material,103,days_of_cover,14.74
2025-10-29,material,103,open_po_flag,1.0
2025-10-29,material,103,reorder_triggered,0.0
2025-10-29,product,201,fg_stock,489.0
2025-10-29,product,201,planned_production,0.0
2025-10-29,product,201,actual_production,0.0
2025-10-29,product,201,production_shortfall,0.0
2025-10-29,product,201,demand_units,0.0
2025-10-29,product,201,due_backlog_units,0.0
2025-10-29,product,201,newly_backordered_units,0.0
2025-10-29,product,201,backorder_flag,0.0
2025-10-29,product,202,fg_stock,266.0
2025-10-29,product,202,planned_production,0.0
2025-10-29,product,202,actual_production,0.0
2025-10-29,product,202,production_shortfall,0.0
2025-10-29,product,202,demand_units,0.0
2025-10-29,product,202,due_backlog_units,0.0
2025-10-29,product,202,newly_backordered_units,0.0
2025-10-29,product,202,backorder_flag,0.0
2025-10-30,calendar,global,weekday,3.0
2025-10-30,calendar,global,month,10.0
2025-10-30,calendar,global,is_weekend,0.0
2025-10-30,supplier,1,po_delay_days,0.0
2025-10-30,supplier,1,receipt_fill_rate,1.0
2025-10-30,supplier,1,receipt_event_flag,0.0
2025-10-30,supplier,2,po_delay_days,0.0
2025-10-30,supplier,2,receipt_fill_rate,1.0
2025-10-30,supplier,2,receipt_event_flag,0.0
2025-10-30,supplier,3,po_delay_days,0.0
2025-10-30,supplier,3,receipt_fill_rate,1.0
2025-10-30,supplier,3,receipt_event_flag,0.0
2025-10-30,supplier,4,po_delay_days,0.0
2025-10-30,supplier,4,receipt_fill_rate,0.7175
2025-10-30,supplier,4,receipt_event_flag,1.0
2025-10-30,supplier,5,po_delay_days,0.0
2025-10-30,supplier,5,receipt_fill_rate,1.0
2025-10-30,supplier,5,receipt_event_flag,0.0
2025-10-30,material,101,stock,242.0
2025-10-30,material,101,days_of_cover,11.41
2025-10-30,material,101,open_po_flag,1.0
2025-10-30,material,101,reorder_triggered,0.0
2025-10-30,material,102,stock,247.0
2025-10-30,material,102,days_of_cover,38.42
2025-10-30,material,102,open_po_flag,0.0
2025-10-30,material,102,reorder_triggered,0.0
2025-10-30,material,103,stock,70.0
2025-10-30,material,103,days_of_cover,17.19
2025-10-30,material,103,open_po_flag,1.0
2025-10-30,material,103,reorder_triggered,0.0
2025-10-30,product,201,fg_stock,489.0
2025-10-30,product,201,planned_production,0.0
2025-10-30,product,201,actual_production,0.0
2025-10-30,product,201,production_shortfall,0.0
2025-10-30,product,201,demand_units,0.0
2025-10-30,product,201,due_backlog_units,0.0
2025-10-30,product,201,newly_backordered_units,0.0
2025-10-30,product,201,backorder_flag,0.0
2025-10-30,product,202,fg_stock,266.0
2025-10-30,product,202,planned_production,0.0
2025-10-30,product,202,actual_production,0.0
2025-10-30,product,202,production_shortfall,0.0
2025-10-30,product,202,demand_units,0.0
2025-10-30,product,202,due_backlog_units,0.0
2025-10-30,product,202,newly_backordered_units,0.0
2025-10-30,product,202,backorder_flag,0.0
2025-10-31,calendar,global,weekday,4.0
2025-10-31,calendar,global,month,10.0
2025-10-31,calendar,global,is_weekend,0.0
2025-10-31,supplier,1,po_delay_days,0.0
2025-10-31,supplier,1,receipt_fill_rate,1.0
2025-10-31,supplier,1,receipt_event_flag,0.0
2025-10-31,supplier,2,po_delay_days,0.0
2025-10-31,supplier,2,receipt_fill_rate,1.0
2025-10-31,supplier,2,receipt_event_flag,0.0
2025-10-31,supplier,3,po_delay_days,0.0
2025-10-31,supplier,3,receipt_fill_rate,1.0
2025-10-31,supplier,3,receipt_event_flag,0.0
2025-10-31,supplier,4,po_delay_days,0.0
2025-10-31,supplier,4,receipt_fill_rate,1.0
2025-10-31,supplier,4,receipt_event_flag,0.0
2025-10-31,supplier,5,po_delay_days,0.0
2025-10-31,supplier,5,receipt_fill_rate,1.0
2025-10-31,supplier,5,receipt_event_flag,0.0
2025-10-31,material,101,stock,242.0
2025-10-31,material,101,days_of_cover,13.69
2025-10-31,material,101,open_po_flag,1.0
2025-10-31,material,101,reorder_triggered,0.0
2025-10-31,material,102,stock,247.0
2025-10-31,material,102,days_of_cover,46.11
2025-10-31,material,102,open_po_flag,0.0
2025-10-31,material,102,reorder_triggered,0.0
2025-10-31,material,103,stock,70.0
2025-10-31,material,103,days_of_cover,20.63
2025-10-31,material,103,open_po_flag,1.0
2025-10-31,material,103,reorder_triggered,0.0
2025-10-31,product,201,fg_stock,457.0
2025-10-31,product,201,planned_production,0.0
2025-10-31,product,201,actual_production,0.0
2025-10-31,product,201,production_shortfall,0.0
2025-10-31,product,201,demand_units,0.0
2025-10-31,product,201,due_backlog_units,0.0
2025-10-31,product,201,newly_backordered_units,0.0
2025-10-31,product,201,backorder_flag,0.0
2025-10-31,product,202,fg_stock,266.0
2025-10-31,product,202,planned_production,0.0
2025-10-31,product,202,actual_production,0.0
2025-10-31,product,202,production_shortfall,0.0
2025-10-31,product,202,demand_units,26.0
2025-10-31,product,202,due_backlog_units,0.0
2025-10-31,product,202,newly_backordered_units,0.0
2025-10-31,product,202,backorder_flag,0.0
2025-11-01,calendar,global,weekday,5.0
2025-11-01,calendar,global,month,11.0
2025-11-01,calendar,global,is_weekend,1.0
2025-11-01,supplier,1,po_delay_days,0.0
2025-11-01,supplier,1,receipt_fill_rate,1.0
2025-11-01,supplier,1,receipt_event_flag,0.0
2025-11-01,supplier,2,po_delay_days,0.0
2025-11-01,supplier,2,receipt_fill_rate,1.0
2025-11-01,supplier,2,receipt_event_flag,0.0
2025-11-01,supplier,3,po_delay_days,0.0
2025-11-01,supplier,3,receipt_fill_rate,1.0
2025-11-01,supplier,3,receipt_event_flag,0.0
2025-11-01,supplier,4,po_delay_days,1.0
2025-11-01,supplier,4,receipt_fill_rate,1.0
2025-11-01,supplier,4,receipt_event_flag,0.0
2025-11-01,supplier,5,po_delay_days,0.0
2025-11-01,supplier,5,receipt_fill_rate,1.0
2025-11-01,supplier,5,receipt_event_flag,0.0
2025-11-01,material,101,stock,242.0
2025-11-01,material,101,days_of_cover,13.69
2025-11-01,material,101,open_po_flag,1.0
2025-11-01,material,101,reorder_triggered,0.0
2025-11-01,material,102,stock,247.0
2025-11-01,material,102,days_of_cover,46.11
2025-11-01,material,102,open_po_flag,0.0
2025-11-01,material,102,reorder_triggered,0.0
2025-11-01,material,103,stock,70.0
2025-11-01,material,103,days_of_cover,20.63
2025-11-01,material,103,open_po_flag,1.0
2025-11-01,material,103,reorder_triggered,0.0
2025-11-01,product,201,fg_stock,457.0
2025-11-01,product,201,planned_production,0.0
2025-11-01,product,201,actual_production,0.0
2025-11-01,product,201,production_shortfall,0.0
2025-11-01,product,201,demand_units,0.0
2025-11-01,product,201,due_backlog_units,0.0
2025-11-01,product,201,newly_backordered_units,0.0
2025-11-01,product,201,backorder_flag,0.0
2025-11-01,product,202,fg_stock,266.0
2025-11-01,product,202,planned_production,0.0
2025-11-01,product,202,actual_production,0.0
2025-11-01,product,202,production_shortfall,0.0
2025-11-01,product,202,demand_units,0.0
2025-11-01,product,202,due_backlog_units,0.0
2025-11-01,product,202,newly_backordered_units,0.0
2025-11-01,product,202,backorder_flag,0.0
2025-11-02,calendar,global,weekday,6.0
2025-11-02,calendar,global,month,11.0
2025-11-02,calendar,global,is_weekend,1.0
2025-11-02,supplier,1,po_delay_days,0.0
2025-11-02,supplier,1,receipt_fill_rate,1.0
2025-11-02,supplier,1,receipt_event_flag,0.0
2025-11-02,supplier,2,po_delay_days,0.0
2025-11-02,supplier,2,receipt_fill_rate,1.0
2025-11-02,supplier,2,receipt_event_flag,0.0
2025-11-02,supplier,3,po_delay_days,0.0
2025-11-02,supplier,3,receipt_fill_rate,1.0
2025-11-02,supplier,3,receipt_event_flag,0.0
2025-11-02,supplier,4,po_delay_days,2.0
2025-11-02,supplier,4,receipt_fill_rate,1.0
2025-11-02,supplier,4,receipt_event_flag,0.0
2025-11-02,supplier,5,po_delay_days,0.0
2025-11-02,supplier,5,receipt_fill_rate,1.0
2025-11-02,supplier,5,receipt_event_flag,0.0
2025-11-02,material,101,stock,242.0
2025-11-02,material,101,days_of_cover,13.69
2025-11-02,material,101,open_po_flag,1.0
2025-11-02,material,101,reorder_triggered,0.0
2025-11-02,material,102,stock,247.0
2025-11-02,material,102,days_of_cover,46.11
2025-11-02,material,102,open_po_flag,0.0
2025-11-02,material,102,reorder_triggered,0.0
2025-11-02,material,103,stock,70.0
2025-11-02,material,103,days_of_cover,20.63
2025-11-02,material,103,open_po_flag,1.0
2025-11-02,material,103,reorder_triggered,0.0
2025-11-02,product,201,fg_stock,457.0
2025-11-02,product,201,planned_production,0.0
2025-11-02,product,201,actual_production,0.0
2025-11-02,product,201,production_shortfall,0.0
2025-11-02,product,201,demand_units,0.0
2025-11-02,product,201,due_backlog_units,0.0
2025-11-02,product,201,newly_backordered_units,0.0
2025-11-02,product,201,backorder_flag,0.0
2025-11-02,product,202,fg_stock,266.0
2025-11-02,product,202,planned_production,0.0
2025-11-02,product,202,actual_production,0.0
2025-11-02,product,202,production_shortfall,0.0
2025-11-02,product,202,demand_units,0.0
2025-11-02,product,202,due_backlog_units,0.0
2025-11-02,product,202,newly_backordered_units,0.0
2025-11-02,product,202,backorder_flag,0.0
2025-11-03,calendar,global,weekday,0.0
2025-11-03,calendar,global,month,11.0
2025-11-03,calendar,global,is_weekend,0.0
2025-11-03,supplier,1,po_delay_days,0.0
2025-11-03,supplier,1,receipt_fill_rate,1.0
2025-11-03,supplier,1,receipt_event_flag,0.0
2025-11-03,supplier,2,po_delay_days,0.0
2025-11-03,supplier,2,receipt_fill_rate,1.0
2025-11-03,supplier,2,receipt_event_flag,0.0
2025-11-03,supplier,3,po_delay_days,0.0
2025-11-03,supplier,3,receipt_fill_rate,1.0
2025-11-03,supplier,3,receipt_event_flag,0.0
2025-11-03,supplier,4,po_delay_days,3.0
2025-11-03,supplier,4,receipt_fill_rate,1.0
2025-11-03,supplier,4,receipt_event_flag,0.0
2025-11-03,supplier,5,po_delay_days,0.0
2025-11-03,supplier,5,receipt_fill_rate,1.0
2025-11-03,supplier,5,receipt_event_flag,0.0
2025-11-03,material,101,stock,242.0
2025-11-03,material,101,days_of_cover,13.69
2025-11-03,material,101,open_po_flag,1.0
2025-11-03,material,101,reorder_triggered,0.0
2025-11-03,material,102,stock,247.0
2025-11-03,material,102,days_of_cover,46.11
2025-11-03,material,102,open_po_flag,0.0
2025-11-03,material,102,reorder_triggered,0.0
2025-11-03,material,103,stock,70.0
2025-11-03,material,103,days_of_cover,20.63
2025-11-03,material,103,open_po_flag,1.0
2025-11-03,material,103,reorder_triggered,0.0
2025-11-03,product,201,fg_stock,457.0
2025-11-03,product,201,planned_production,0.0
2025-11-03,product,201,actual_production,0.0
2025-11-03,product,201,production_shortfall,0.0
2025-11-03,product,201,demand_units,0.0
2025-11-03,product,201,due_backlog_units,0.0
2025-11-03,product,201,newly_backordered_units,0.0
2025-11-03,product,201,backorder_flag,0.0
2025-11-03,product,202,fg_stock,258.0
2025-11-03,product,202,planned_production,0.0
2025-11-03,product,202,actual_production,0.0
2025-11-03,product,202,production_shortfall,0.0
2025-11-03,product,202,demand_units,0.0
2025-11-03,product,202,due_backlog_units,0.0
2025-11-03,product,202,newly_backordered_units,0.0
2025-11-03,product,202,backorder_flag,0.0
2025-11-04,calendar,global,weekday,1.0
2025-11-04,calendar,global,month,11.0
2025-11-04,calendar,global,is_weekend,0.0
2025-11-04,supplier,1,po_delay_days,0.0
2025-11-04,supplier,1,receipt_fill_rate,1.0
2025-11-04,supplier,1,receipt_event_flag,0.0
2025-11-04,supplier,2,po_delay_days,0.0
2025-11-04,supplier,2,receipt_fill_rate,1.0
2025-11-04,supplier,2,receipt_event_flag,0.0
2025-11-04,supplier,3,po_delay_days,0.0
2025-11-04,supplier,3,receipt_fill_rate,1.0
2025-11-04,supplier,3,receipt_event_flag,0.0
2025-11-04,supplier,4,po_delay_days,4.0
2025-11-04,supplier,4,receipt_fill_rate,1.0
2025-11-04,supplier,4,receipt_event_flag,1.0
2025-11-04,supplier,5,po_delay_days,1.0
2025-11-04,supplier,5,receipt_fill_rate,1.0
2025-11-04,supplier,5,receipt_event_flag,0.0
2025-11-04,material,101,stock,331.0
2025-11-04,material,101,days_of_cover,23.4
2025-11-04,material,101,open_po_flag,0.0
2025-11-04,material,101,reorder_triggered,0.0
2025-11-04,material,102,stock,247.0
2025-11-04,material,102,days_of_cover,57.63
2025-11-04,material,102,open_po_flag,0.0
2025-11-04,material,102,reorder_triggered,0.0
2025-11-04,material,103,stock,70.0
2025-11-04,material,103,days_of_cover,25.79
2025-11-04,material,103,open_po_flag,1.0
2025-11-04,material,103,reorder_triggered,0.0
2025-11-04,product,201,fg_stock,457.0
2025-11-04,product,201,planned_production,0.0
2025-11-04,product,201,actual_production,0.0
2025-11-04,product,201,production_shortfall,0.0
2025-11-04,product,201,demand_units,0.0
2025-11-04,product,201,due_backlog_units,0.0
2025-11-04,product,201,newly_backordered_units,0.0
2025-11-04,product,201,backorder_flag,0.0
2025-11-04,product,202,fg_stock,258.0
2025-11-04,product,202,planned_production,0.0
2025-11-04,product,202,actual_production,0.0
2025-11-04,product,202,production_shortfall,0.0
2025-11-04,product,202,demand_units,0.0
2025-11-04,product,202,due_backlog_units,0.0
2025-11-04,product,202,newly_backordered_units,0.0
2025-11-04,product,202,backorder_flag,0.0
2025-11-05,calendar,global,weekday,2.0
2025-11-05,calendar,global,month,11.0
2025-11-05,calendar,global,is_weekend,0.0
2025-11-05,supplier,1,po_delay_days,0.0
2025-11-05,supplier,1,receipt_fill_rate,1.0
2025-11-05,supplier,1,receipt_event_flag,0.0
2025-11-05,supplier,2,po_delay_days,0.0
2025-11-05,supplier,2,receipt_fill_rate,1.0
2025-11-05,supplier,2,receipt_event_flag,0.0
2025-11-05,supplier,3,po_delay_days,0.0
2025-11-05,supplier,3,receipt_fill_rate,1.0
2025-11-05,supplier,3,receipt_event_flag,0.0
2025-11-05,supplier,4,po_delay_days,0.0
2025-11-05,supplier,4,receipt_fill_rate,1.0
2025-11-05,supplier,4,receipt_event_flag,0.0
2025-11-05,supplier,5,po_delay_days,2.0
2025-11-05,supplier,5,receipt_fill_rate,1.0
2025-11-05,supplier,5,receipt_event_flag,0.0
2025-11-05,material,101,stock,232.0
2025-11-05,material,101,days_of_cover,13.12
2025-11-05,material,101,open_po_flag,0.0
2025-11-05,material,101,reorder_triggered,0.0
2025-11-05,material,102,stock,217.0
2025-11-05,material,102,days_of_cover,40.51
2025-11-05,material,102,open_po_flag,0.0
2025-11-05,material,102,reorder_triggered,0.0
2025-11-05,material,103,stock,51.0
2025-11-05,material,103,days_of_cover,15.03
2025-11-05,material,103,open_po_flag,1.0
2025-11-05,material,103,reorder_triggered,0.0
2025-11-05,product,201,fg_stock,487.0
2025-11-05,product,201,planned_production,30.0
2025-11-05,product,201,actual_production,30.0
2025-11-05,product,201,production_shortfall,0.0
2025-11-05,product,201,demand_units,15.0
2025-11-05,product,201,due_backlog_units,0.0
2025-11-05,product,201,newly_backordered_units,0.0
2025-11-05,product,201,backorder_flag,0.0
2025-11-05,product,202,fg_stock,278.0
2025-11-05,product,202,planned_production,20.0
2025-11-05,product,202,actual_production,20.0
2025-11-05,product,202,production_shortfall,0.0
2025-11-05,product,202,demand_units,0.0
2025-11-05,product,202,due_backlog_units,0.0
2025-11-05,product,202,newly_backordered_units,0.0
2025-11-05,product,202,backorder_flag,0.0
2025-11-06,calendar,global,weekday,3.0
2025-11-06,calendar,global,month,11.0
2025-11-06,calendar,global,is_weekend,0.0
2025-11-06,supplier,1,po_delay_days,0.0
2025-11-06,supplier,1,receipt_fill_rate,1.0
2025-11-06,supplier,1,receipt_event_flag,0.0
2025-11-06,supplier,2,po_delay_days,0.0
2025-11-06,supplier,2,receipt_fill_rate,1.0
2025-11-06,supplier,2,receipt_event_flag,0.0
2025-11-06,supplier,3,po_delay_days,0.0
2025-11-06,supplier,3,receipt_fill_rate,1.0
2025-11-06,supplier,3,receipt_event_flag,0.0
2025-11-06,supplier,4,po_delay_days,0.0
2025-11-06,supplier,4,receipt_fill_rate,1.0
2025-11-06,supplier,4,receipt_event_flag,0.0
2025-11-06,supplier,5,po_delay_days,3.0
2025-11-06,supplier,5,receipt_fill_rate,1.0
2025-11-06,supplier,5,receipt_event_flag,1.0
2025-11-06,material,101,stock,232.0
2025-11-06,material,101,days_of_cover,16.4
2025-11-06,material,101,open_po_flag,0.0
2025-11-06,material,101,reorder_triggered,0.0
2025-11-06,material,102,stock,217.0
2025-11-06,material,102,days_of_cover,50.63
2025-11-06,material,102,open_po_flag,0.0
2025-11-06,material,102,reorder_triggered,0.0
2025-11-06,material,103,stock,200.0
2025-11-06,material,103,days_of_cover,73.68
2025-11-06,material,103,open_po_flag,0.0
2025-11-06,material,103,reorder_triggered,0.0
2025-11-06,product,201,fg_stock,487.0
2025-11-06,product,201,planned_production,0.0
2025-11-06,product,201,actual_production,0.0
2025-11-06,product,201,production_shortfall,0.0
2025-11-06,product,201,demand_units,0.0
2025-11-06,product,201,due_backlog_units,0.0
2025-11-06,product,201,newly_backordered_units,0.0
2025-11-06,product,201,backorder_flag,0.0
2025-11-06,product,202,fg_stock,268.0
2025-11-06,product,202,planned_production,0.0
2025-11-06,product,202,actual_production,0.0
2025-11-06,product,202,production_shortfall,0.0
2025-11-06,product,202,demand_units,0.0
2025-11-06,product,202,due_backlog_units,0.0
2025-11-06,product,202,newly_backordered_units,0.0
2025-11-06,product,202,backorder_flag,0.0
2025-11-07,calendar,global,weekday,4.0
2025-11-07,calendar,global,month,11.0
2025-11-07,calendar,global,is_weekend,0.0
2025-11-07,supplier,1,po_delay_days,0.0
2025-11-07,supplier,1,receipt_fill_rate,1.0
2025-11-07,supplier,1,receipt_event_flag,0.0
2025-11-07,supplier,2,po_delay_days,0.0
2025-11-07,supplier,2,receipt_fill_rate,1.0
2025-11-07,supplier,2,receipt_event_flag,0.0
2025-11-07,supplier,3,po_delay_days,0.0
2025-11-07,supplier,3,receipt_fill_rate,1.0
2025-11-07,supplier,3,receipt_event_flag,0.0
2025-11-07,supplier,4,po_delay_days,0.0
2025-11-07,supplier,4,receipt_fill_rate,1.0
2025-11-07,supplier,4,receipt_event_flag,0.0
2025-11-07,supplier,5,po_delay_days,0.0
2025-11-07,supplier,5,receipt_fill_rate,1.0
2025-11-07,supplier,5,receipt_event_flag,0.0
2025-11-07,material,101,stock,232.0
2025-11-07,material,101,days_of_cover,16.4
2025-11-07,material,101,open_po_flag,0.0
2025-11-07,material,101,reorder_triggered,0.0
2025-11-07,material,102,stock,217.0
2025-11-07,material,102,days_of_cover,50.63
2025-11-07,material,102,open_po_flag,0.0
2025-11-07,material,102,reorder_triggered,0.0
2025-11-07,material,103,stock,200.0
2025-11-07,material,103,days_of_cover,73.68
2025-11-07,material,103,open_po_flag,0.0
2025-11-07,material,103,reorder_triggered,0.0
2025-11-07,product,201,fg_stock,487.0
2025-11-07,product,201,planned_production,0.0
2025-11-07,product,201,actual_production,0.0
2025-11-07,product,201,production_shortfall,0.0
2025-11-07,product,201,demand_units,0.0
2025-11-07,product,201,due_backlog_units,0.0
2025-11-07,product,201,newly_backordered_units,0.0
2025-11-07,product,201,backorder_flag,0.0
2025-11-07,product,202,fg_stock,268.0
2025-11-07,product,202,planned_production,0.0
2025-11-07,product,202,actual_production,0.0
2025-11-07,product,202,production_shortfall,0.0
2025-11-07,product,202,demand_units,20.0
2025-11-07,product,202,due_backlog_units,0.0
2025-11-07,product,202,newly_backordered_units,0.0
2025-11-07,product,202,backorder_flag,0.0
2025-11-08,calendar,global,weekday,5.0
2025-11-08,calendar,global,month,11.0
2025-11-08,calendar,global,is_weekend,1.0
2025-11-08,supplier,1,po_delay_days,0.0
2025-11-08,supplier,1,receipt_fill_rate,1.0
2025-11-08,supplier,1,receipt_event_flag,0.0
2025-11-08,supplier,2,po_delay_days,0.0
2025-11-08,supplier,2,receipt_fill_rate,1.0
2025-11-08,supplier,2,receipt_event_flag,0.0
2025-11-08,supplier,3,po_delay_days,0.0
2025-11-08,supplier,3,receipt_fill_rate,1.0
2025-11-08,supplier,3,receipt_event_flag,0.0
2025-11-08,supplier,4,po_delay_days,0.0
2025-11-08,supplier,4,receipt_fill_rate,1.0
2025-11-08,supplier,4,receipt_event_flag,0.0
2025-11-08,supplier,5,po_delay_days,0.0
2025-11-08,supplier,5,receipt_fill_rate,1.0
2025-11-08,supplier,5,receipt_event_flag,0.0
2025-11-08,material,101,stock,232.0
2025-11-08,material,101,days_of_cover,16.4
2025-11-08,material,101,open_po_flag,0.0
2025-11-08,material,101,reorder_triggered,0.0
2025-11-08,material,102,stock,217.0
2025-11-08,material,102,days_of_cover,50.63
2025-11-08,material,102,open_po_flag,0.0
2025-11-08,material,102,reorder_triggered,0.0
2025-11-08,material,103,stock,200.0
2025-11-08,material,103,days_of_cover,73.68
2025-11-08,material,103,open_po_flag,0.0
2025-11-08,material,103,reorder_triggered,0.0
2025-11-08,product,201,fg_stock,487.0
2025-11-08,product,201,planned_production,0.0
2025-11-08,product,201,actual_production,0.0
2025-11-08,product,201,production_shortfall,0.0
2025-11-08,product,201,demand_units,0.0
2025-11-08,product,201,due_backlog_units,0.0
2025-11-08,product,201,newly_backordered_units,0.0
2025-11-08,product,201,backorder_flag,0.0
2025-11-08,product,202,fg_stock,268.0
2025-11-08,product,202,planned_production,0.0
2025-11-08,product,202,actual_production,0.0
2025-11-08,product,202,production_shortfall,0.0
2025-11-08,product,202,demand_units,0.0
2025-11-08,product,202,due_backlog_units,0.0
2025-11-08,product,202,newly_backordered_units,0.0
2025-11-08,product,202,backorder_flag,0.0
2025-11-09,calendar,global,weekday,6.0
2025-11-09,calendar,global,month,11.0
2025-11-09,calendar,global,is_weekend,1.0
2025-11-09,supplier,1,po_delay_days,0.0
2025-11-09,supplier,1,receipt_fill_rate,1.0
2025-11-09,supplier,1,receipt_event_flag,0.0
2025-11-09,supplier,2,po_delay_days,0.0
2025-11-09,supplier,2,receipt_fill_rate,1.0
2025-11-09,supplier,2,receipt_event_flag,0.0
2025-11-09,supplier,3,po_delay_days,0.0
2025-11-09,supplier,3,receipt_fill_rate,1.0
2025-11-09,supplier,3,receipt_event_flag,0.0
2025-11-09,supplier,4,po_delay_days,0.0
2025-11-09,supplier,4,receipt_fill_rate,1.0
2025-11-09,supplier,4,receipt_event_flag,0.0
2025-11-09,supplier,5,po_delay_days,0.0
2025-11-09,supplier,5,receipt_fill_rate,1.0
2025-11-09,supplier,5,receipt_event_flag,0.0
2025-11-09,material,101,stock,232.0
2025-11-09,material,101,days_of_cover,16.4
2025-11-09,material,101,open_po_flag,0.0
2025-11-09,material,101,reorder_triggered,0.0
2025-11-09,material,102,stock,217.0
2025-11-09,material,102,days_of_cover,50.63
2025-11-09,material,102,open_po_flag,0.0
2025-11-09,material,102,reorder_triggered,0.0
2025-11-09,material,103,stock,200.0
2025-11-09,material,103,days_of_cover,73.68
2025-11-09,material,103,open_po_flag,0.0
2025-11-09,material,103,reorder_triggered,0.0
2025-11-09,product,201,fg_stock,487.0
2025-11-09,product,201,planned_production,0.0
2025-11-09,product,201,actual_production,0.0
2025-11-09,product,201,production_shortfall,0.0
2025-11-09,product,201,demand_units,0.0
2025-11-09,product,201,due_backlog_units,0.0
2025-11-09,product,201,newly_backordered_units,0.0
2025-11-09,product,201,backorder_flag,0.0
2025-11-09,product,202,fg_stock,268.0
2025-11-09,product,202,planned_production,0.0
2025-11-09,product,202,actual_production,0.0
2025-11-09,product,202,production_shortfall,0.0
2025-11-09,product,202,demand_units,0.0
2025-11-09,product,202,due_backlog_units,0.0
2025-11-09,product,202,newly_backordered_units,0.0
2025-11-09,product,202,backorder_flag,0.0
2025-11-10,calendar,global,weekday,0.0
2025-11-10,calendar,global,month,11.0
2025-11-10,calendar,global,is_weekend,0.0
2025-11-10,supplier,1,po_delay_days,0.0
2025-11-10,supplier,1,receipt_fill_rate,1.0
2025-11-10,supplier,1,receipt_event_flag,0.0
2025-11-10,supplier,2,po_delay_days,0.0
2025-11-10,supplier,2,receipt_fill_rate,1.0
2025-11-10,supplier,2,receipt_event_flag,0.0
2025-11-10,supplier,3,po_delay_days,0.0
2025-11-10,supplier,3,receipt_fill_rate,1.0
2025-11-10,supplier,3,receipt_event_flag,0.0
2025-11-10,supplier,4,po_delay_days,0.0
2025-11-10,supplier,4,receipt_fill_rate,1.0
2025-11-10,supplier,4,receipt_event_flag,0.0
2025-11-10,supplier,5,po_delay_days,0.0
2025-11-10,supplier,5,receipt_fill_rate,1.0
2025-11-10,supplier,5,receipt_event_flag,0.0
2025-11-10,material,101,stock,232.0
2025-11-10,material,101,days_of_cover,16.4
2025-11-10,material,101,open_po_flag,0.0
2025-11-10,material,101,reorder_triggered,0.0
2025-11-10,material,102,stock,217.0
2025-11-10,material,102,days_of_cover,50.63
2025-11-10,material,102,open_po_flag,0.0
2025-11-10,material,102,reorder_triggered,0.0
2025-11-10,material,103,stock,200.0
2025-11-10,material,103,days_of_cover,73.68
2025-11-10,material,103,open_po_flag,0.0
2025-11-10,material,103,reorder_triggered,0.0
2025-11-10,product,201,fg_stock,487.0
2025-11-10,product,201,planned_production,0.0
2025-11-10,product,201,actual_production,0.0
2025-11-10,product,201,production_shortfall,0.0
2025-11-10,product,201,demand_units,0.0
2025-11-10,product,201,due_backlog_units,0.0
2025-11-10,product,201,newly_backordered_units,0.0
2025-11-10,product,201,backorder_flag,0.0
2025-11-10,product,202,fg_stock,260.0
2025-11-10,product,202,planned_production,0.0
2025-11-10,product,202,actual_production,0.0
2025-11-10,product,202,production_shortfall,0.0
2025-11-10,product,202,demand_units,0.0
2025-11-10,product,202,due_backlog_units,0.0
2025-11-10,product,202,newly_backordered_units,0.0
2025-11-10,product,202,backorder_flag,0.0
2025-11-11,calendar,global,weekday,1.0
2025-11-11,calendar,global,month,11.0
2025-11-11,calendar,global,is_weekend,0.0
2025-11-11,supplier,1,po_delay_days,0.0
2025-11-11,supplier,1,receipt_fill_rate,1.0
2025-11-11,supplier,1,receipt_event_flag,0.0
2025-11-11,supplier,2,po_delay_days,0.0
2025-11-11,supplier,2,receipt_fill_rate,1.0
2025-11-11,supplier,2,receipt_event_flag,0.0
2025-11-11,supplier,3,po_delay_days,0.0
2025-11-11,supplier,3,receipt_fill_rate,1.0
2025-11-11,supplier,3,receipt_event_flag,0.0
2025-11-11,supplier,4,po_delay_days,0.0
2025-11-11,supplier,4,receipt_fill_rate,1.0
2025-11-11,supplier,4,receipt_event_flag,0.0
2025-11-11,supplier,5,po_delay_days,0.0
2025-11-11,supplier,5,receipt_fill_rate,1.0
2025-11-11,supplier,5,receipt_event_flag,0.0
2025-11-11,material,101,stock,232.0
2025-11-11,material,101,days_of_cover,16.4
2025-11-11,material,101,open_po_flag,0.0
2025-11-11,material,101,reorder_triggered,0.0
2025-11-11,material,102,stock,217.0
2025-11-11,material,102,days_of_cover,50.63
2025-11-11,material,102,open_po_flag,0.0
2025-11-11,material,102,reorder_triggered,0.0
2025-11-11,material,103,stock,200.0
2025-11-11,material,103,days_of_cover,73.68
2025-11-11,material,103,open_po_flag,0.0
2025-11-11,material,103,reorder_triggered,0.0
2025-11-11,product,201,fg_stock,487.0
2025-11-11,product,201,planned_production,0.0
2025-11-11,product,201,actual_production,0.0
2025-11-11,product,201,production_shortfall,0.0
2025-11-11,product,201,demand_units,0.0
2025-11-11,product,201,due_backlog_units,0.0
2025-11-11,product,201,newly_backordered_units,0.0
2025-11-11,product,201,backorder_flag,0.0
2025-11-11,product,202,fg_stock,260.0
2025-11-11,product,202,planned_production,0.0
2025-11-11,product,202,actual_production,0.0
2025-11-11,product,202,production_shortfall,0.0
2025-11-11,product,202,demand_units,0.0
2025-11-11,product,202,due_backlog_units,0.0
2025-11-11,product,202,newly_backordered_units,0.0
2025-11-11,product,202,backorder_flag,0.0
2025-11-12,calendar,global,weekday,2.0
2025-11-12,calendar,global,month,11.0
2025-11-12,calendar,global,is_weekend,0.0
2025-11-12,supplier,1,po_delay_days,0.0
2025-11-12,supplier,1,receipt_fill_rate,1.0
2025-11-12,supplier,1,receipt_event_flag,0.0
2025-11-12,supplier,2,po_delay_days,0.0
2025-11-12,supplier,2,receipt_fill_rate,1.0
2025-11-12,supplier,2,receipt_event_flag,0.0
2025-11-12,supplier,3,po_delay_days,0.0
2025-11-12,supplier,3,receipt_fill_rate,1.0
2025-11-12,supplier,3,receipt_event_flag,0.0
2025-11-12,supplier,4,po_delay_days,0.0
2025-11-12,supplier,4,receipt_fill_rate,1.0
2025-11-12,supplier,4,receipt_event_flag,0.0
2025-11-12,supplier,5,po_delay_days,0.0
2025-11-12,supplier,5,receipt_fill_rate,1.0
2025-11-12,supplier,5,receipt_event_flag,0.0
2025-11-12,material,101,stock,232.0
2025-11-12,material,101,days_of_cover,16.4
2025-11-12,material,101,open_po_flag,0.0
2025-11-12,material,101,reorder_triggered,0.0
2025-11-12,material,102,stock,217.0
2025-11-12,material,102,days_of_cover,50.63
2025-11-12,material,102,open_po_flag,0.0
2025-11-12,material,102,reorder_triggered,0.0
2025-11-12,material,103,stock,200.0
2025-11-12,material,103,days_of_cover,73.68
2025-11-12,material,103,open_po_flag,0.0
2025-11-12,material,103,reorder_triggered,0.0
2025-11-12,product,201,fg_stock,487.0
2025-11-12,product,201,planned_production,0.0
2025-11-12,product,201,actual_production,0.0
2025-11-12,product,201,production_shortfall,0.0
2025-11-12,product,201,demand_units,0.0
2025-11-12,product,201,due_backlog_units,0.0
2025-11-12,product,201,newly_backordered_units,0.0
2025-11-12,product,201,backorder_flag,0.0
2025-11-12,product,202,fg_stock,240.0
2025-11-12,product,202,planned_production,0.0
2025-11-12,product,202,actual_production,0.0
2025-11-12,product,202,production_shortfall,0.0
2025-11-12,product,202,demand_units,16.0
2025-11-12,product,202,due_backlog_units,0.0
2025-11-12,product,202,newly_backordered_units,0.0
2025-11-12,product,202,backorder_flag,0.0
2025-11-13,calendar,global,weekday,3.0
2025-11-13,calendar,global,month,11.0
2025-11-13,calendar,global,is_weekend,0.0
2025-11-13,supplier,1,po_delay_days,0.0
2025-11-13,supplier,1,receipt_fill_rate,1.0
2025-11-13,supplier,1,receipt_event_flag,0.0
2025-11-13,supplier,2,po_delay_days,0.0
2025-11-13,supplier,2,receipt_fill_rate,1.0
2025-11-13,supplier,2,receipt_event_flag,0.0
2025-11-13,supplier,3,po_delay_days,0.0
2025-11-13,supplier,3,receipt_fill_rate,1.0
2025-11-13,supplier,3,receipt_event_flag,0.0
2025-11-13,supplier,4,po_delay_days,0.0
2025-11-13,supplier,4,receipt_fill_rate,1.0
2025-11-13,supplier,4,receipt_event_flag,0.0
2025-11-13,supplier,5,po_delay_days,0.0
2025-11-13,supplier,5,receipt_fill_rate,1.0
2025-11-13,supplier,5,receipt_event_flag,0.0
2025-11-13,material,101,stock,232.0
2025-11-13,material,101,days_of_cover,16.4
2025-11-13,material,101,open_po_flag,0.0
2025-11-13,material,101,reorder_triggered,0.0
2025-11-13,material,102,stock,217.0
2025-11-13,material,102,days_of_cover,50.63
2025-11-13,material,102,open_po_flag,0.0
2025-11-13,material,102,reorder_triggered,0.0
2025-11-13,material,103,stock,200.0
2025-11-13,material,103,days_of_cover,73.68
2025-11-13,material,103,open_po_flag,0.0
2025-11-13,material,103,reorder_triggered,0.0
2025-11-13,product,201,fg_stock,487.0
2025-11-13,product,201,planned_production,0.0
2025-11-13,product,201,actual_production,0.0
2025-11-13,product,201,production_shortfall,0.0
2025-11-13,product,201,demand_units,0.0
2025-11-13,product,201,due_backlog_units,0.0
2025-11-13,product,201,newly_backordered_units,0.0
2025-11-13,product,201,backorder_flag,0.0
2025-11-13,product,202,fg_stock,240.0
2025-11-13,product,202,planned_production,0.0
2025-11-13,product,202,actual_production,0.0
2025-11-13,product,202,production_shortfall,0.0
2025-11-13,product,202,demand_units,0.0
2025-11-13,product,202,due_backlog_units,0.0
2025-11-13,product,202,newly_backordered_units,0.0
2025-11-13,product,202,backorder_flag,0.0
2025-11-14,calendar,global,weekday,4.0
2025-11-14,calendar,global,month,11.0
2025-11-14,calendar,global,is_weekend,0.0
2025-11-14,supplier,1,po_delay_days,0.0
2025-11-14,supplier,1,receipt_fill_rate,1.0
2025-11-14,supplier,1,receipt_event_flag,0.0
2025-11-14,supplier,2,po_delay_days,0.0
2025-11-14,supplier,2,receipt_fill_rate,1.0
2025-11-14,supplier,2,receipt_event_flag,0.0
2025-11-14,supplier,3,po_delay_days,0.0
2025-11-14,supplier,3,receipt_fill_rate,1.0
2025-11-14,supplier,3,receipt_event_flag,0.0
2025-11-14,supplier,4,po_delay_days,0.0
2025-11-14,supplier,4,receipt_fill_rate,1.0
2025-11-14,supplier,4,receipt_event_flag,0.0
2025-11-14,supplier,5,po_delay_days,0.0
2025-11-14,supplier,5,receipt_fill_rate,1.0
2025-11-14,supplier,5,receipt_event_flag,0.0
2025-11-14,material,101,stock,232.0
2025-11-14,material,101,days_of_cover,16.4
2025-11-14,material,101,open_po_flag,0.0
2025-11-14,material,101,reorder_triggered,0.0
2025-11-14,material,102,stock,217.0
2025-11-14,material,102,days_of_cover,50.63
2025-11-14,material,102,open_po_flag,0.0
2025-11-14,material,102,reorder_triggered,0.0
2025-11-14,material,103,stock,200.0
2025-11-14,material,103,days_of_cover,73.68
2025-11-14,material,103,open_po_flag,0.0
2025-11-14,material,103,reorder_triggered,0.0
2025-11-14,product,201,fg_stock,472.0
2025-11-14,product,201,planned_production,0.0
2025-11-14,product,201,actual_production,0.0
2025-11-14,product,201,production_shortfall,0.0
2025-11-14,product,201,demand_units,13.0
2025-11-14,product,201,due_backlog_units,0.0
2025-11-14,product,201,newly_backordered_units,0.0
2025-11-14,product,201,backorder_flag,0.0
2025-11-14,product,202,fg_stock,240.0
2025-11-14,product,202,planned_production,0.0
2025-11-14,product,202,actual_production,0.0
2025-11-14,product,202,production_shortfall,0.0
2025-11-14,product,202,demand_units,10.0
2025-11-14,product,202,due_backlog_units,0.0
2025-11-14,product,202,newly_backordered_units,0.0
2025-11-14,product,202,backorder_flag,0.0
2025-11-15,calendar,global,weekday,5.0
2025-11-15,calendar,global,month,11.0
2025-11-15,calendar,global,is_weekend,1.0
2025-11-15,supplier,1,po_delay_days,0.0
2025-11-15,supplier,1,receipt_fill_rate,1.0
2025-11-15,supplier,1,receipt_event_flag,0.0
2025-11-15,supplier,2,po_delay_days,0.0
2025-11-15,supplier,2,receipt_fill_rate,1.0
2025-11-15,supplier,2,receipt_event_flag,0.0
2025-11-15,supplier,3,po_delay_days,0.0
2025-11-15,supplier,3,receipt_fill_rate,1.0
2025-11-15,supplier,3,receipt_event_flag,0.0
2025-11-15,supplier,4,po_delay_days,0.0
2025-11-15,supplier,4,receipt_fill_rate,1.0
2025-11-15,supplier,4,receipt_event_flag,0.0
2025-11-15,supplier,5,po_delay_days,0.0
2025-11-15,supplier,5,receipt_fill_rate,1.0
2025-11-15,supplier,5,receipt_event_flag,0.0
2025-11-15,material,101,stock,232.0
2025-11-15,material,101,days_of_cover,16.4
2025-11-15,material,101,open_po_flag,0.0
2025-11-15,material,101,reorder_triggered,0.0
2025-11-15,material,102,stock,217.0
2025-11-15,material,102,days_of_cover,50.63
2025-11-15,material,102,open_po_flag,0.0
2025-11-15,material,102,reorder_triggered,0.0
2025-11-15,material,103,stock,200.0
2025-11-15,material,103,days_of_cover,73.68
2025-11-15,material,103,open_po_flag,0.0
2025-11-15,material,103,reorder_triggered,0.0
2025-11-15,product,201,fg_stock,472.0
2025-11-15,product,201,planned_production,0.0
2025-11-15,product,201,actual_production,0.0
2025-11-15,product,201,production_shortfall,0.0
2025-11-15,product,201,demand_units,0.0
2025-11-15,product,201,due_backlog_units,0.0
2025-11-15,product,201,newly_backordered_units,0.0
2025-11-15,product,201,backorder_flag,0.0
2025-11-15,product,202,fg_stock,224.0
2025-11-15,product,202,planned_production,0.0
2025-11-15,product,202,actual_production,0.0
2025-11-15,product,202,production_shortfall,0.0
2025-11-15,product,202,demand_units,0.0
2025-11-15,product,202,due_backlog_units,0.0
2025-11-15,product,202,newly_backordered_units,0.0
2025-11-15,product,202,backorder_flag,0.0
2025-11-16,calendar,global,weekday,6.0
2025-11-16,calendar,global,month,11.0
2025-11-16,calendar,global,is_weekend,1.0
2025-11-16,supplier,1,po_delay_days,0.0
2025-11-16,supplier,1,receipt_fill_rate,1.0
2025-11-16,supplier,1,receipt_event_flag,0.0
2025-11-16,supplier,2,po_delay_days,0.0
2025-11-16,supplier,2,receipt_fill_rate,1.0
2025-11-16,supplier,2,receipt_event_flag,0.0
2025-11-16,supplier,3,po_delay_days,0.0
2025-11-16,supplier,3,receipt_fill_rate,1.0
2025-11-16,supplier,3,receipt_event_flag,0.0
2025-11-16,supplier,4,po_delay_days,0.0
2025-11-16,supplier,4,receipt_fill_rate,1.0
2025-11-16,supplier,4,receipt_event_flag,0.0
2025-11-16,supplier,5,po_delay_days,0.0
2025-11-16,supplier,5,receipt_fill_rate,1.0
2025-11-16,supplier,5,receipt_event_flag,0.0
2025-11-16,material,101,stock,232.0
2025-11-16,material,101,days_of_cover,16.4
2025-11-16,material,101,open_po_flag,0.0
2025-11-16,material,101,reorder_triggered,0.0
2025-11-16,material,102,stock,217.0
2025-11-16,material,102,days_of_cover,50.63
2025-11-16,material,102,open_po_flag,0.0
2025-11-16,material,102,reorder_triggered,0.0
2025-11-16,material,103,stock,200.0
2025-11-16,material,103,days_of_cover,73.68
2025-11-16,material,103,open_po_flag,0.0
2025-11-16,material,103,reorder_triggered,0.0
2025-11-16,product,201,fg_stock,472.0
2025-11-16,product,201,planned_production,0.0
2025-11-16,product,201,actual_production,0.0
2025-11-16,product,201,production_shortfall,0.0
2025-11-16,product,201,demand_units,0.0
2025-11-16,product,201,due_backlog_units,0.0
2025-11-16,product,201,newly_backordered_units,0.0
2025-11-16,product,201,backorder_flag,0.0
2025-11-16,product,202,fg_stock,224.0
2025-11-16,product,202,planned_production,0.0
2025-11-16,product,202,actual_production,0.0
2025-11-16,product,202,production_shortfall,0.0
2025-11-16,product,202,demand_units,0.0
2025-11-16,product,202,due_backlog_units,0.0
2025-11-16,product,202,newly_backordered_units,0.0
2025-11-16,product,202,backorder_flag,0.0
2025-11-17,calendar,global,weekday,0.0
2025-11-17,calendar,global,month,11.0
2025-11-17,calendar,global,is_weekend,0.0
2025-11-17,supplier,1,po_delay_days,0.0
2025-11-17,supplier,1,receipt_fill_rate,1.0
2025-11-17,supplier,1,receipt_event_flag,0.0
2025-11-17,supplier,2,po_delay_days,0.0
2025-11-17,supplier,2,receipt_fill_rate,1.0
2025-11-17,supplier,2,receipt_event_flag,0.0
2025-11-17,supplier,3,po_delay_days,0.0
2025-11-17,supplier,3,receipt_fill_rate,1.0
2025-11-17,supplier,3,receipt_event_flag,0.0
2025-11-17,supplier,4,po_delay_days,0.0
2025-11-17,supplier,4,receipt_fill_rate,1.0
2025-11-17,supplier,4,receipt_event_flag,0.0
2025-11-17,supplier,5,po_delay_days,0.0
2025-11-17,supplier,5,receipt_fill_rate,1.0
2025-11-17,supplier,5,receipt_event_flag,0.0
2025-11-17,material,101,stock,232.0
2025-11-17,material,101,days_of_cover,16.4
2025-11-17,material,101,open_po_flag,0.0
2025-11-17,material,101,reorder_triggered,0.0
2025-11-17,material,102,stock,217.0
2025-11-17,material,102,days_of_cover,50.63
2025-11-17,material,102,open_po_flag,0.0
2025-11-17,material,102,reorder_triggered,0.0
2025-11-17,material,103,stock,200.0
2025-11-17,material,103,days_of_cover,73.68
2025-11-17,material,103,open_po_flag,0.0
2025-11-17,material,103,reorder_triggered,0.0
2025-11-17,product,201,fg_stock,472.0
2025-11-17,product,201,planned_production,0.0
2025-11-17,product,201,actual_production,0.0
2025-11-17,product,201,production_shortfall,0.0
2025-11-17,product,201,demand_units,0.0
2025-11-17,product,201,due_backlog_units,0.0
2025-11-17,product,201,newly_backordered_units,0.0
2025-11-17,product,201,backorder_flag,0.0
2025-11-17,product,202,fg_stock,224.0
2025-11-17,product,202,planned_production,0.0
2025-11-17,product,202,actual_production,0.0
2025-11-17,product,202,production_shortfall,0.0
2025-11-17,product,202,demand_units,0.0
2025-11-17,product,202,due_backlog_units,0.0
2025-11-17,product,202,newly_backordered_units,0.0
2025-11-17,product,202,backorder_flag,0.0
2025-11-18,calendar,global,weekday,1.0
2025-11-18,calendar,global,month,11.0
2025-11-18,calendar,global,is_weekend,0.0
2025-11-18,supplier,1,po_delay_days,0.0
2025-11-18,supplier,1,receipt_fill_rate,1.0
2025-11-18,supplier,1,receipt_event_flag,0.0
2025-11-18,supplier,2,po_delay_days,0.0
2025-11-18,supplier,2,receipt_fill_rate,1.0
2025-11-18,supplier,2,receipt_event_flag,0.0
2025-11-18,supplier,3,po_delay_days,0.0
2025-11-18,supplier,3,receipt_fill_rate,1.0
2025-11-18,supplier,3,receipt_event_flag,0.0
2025-11-18,supplier,4,po_delay_days,0.0
2025-11-18,supplier,4,receipt_fill_rate,1.0
2025-11-18,supplier,4,receipt_event_flag,0.0
2025-11-18,supplier,5,po_delay_days,0.0
2025-11-18,supplier,5,receipt_fill_rate,1.0
2025-11-18,supplier,5,receipt_event_flag,0.0
2025-11-18,material,101,stock,232.0
2025-11-18,material,101,days_of_cover,21.87
2025-11-18,material,101,open_po_flag,0.0
2025-11-18,material,101,reorder_triggered,0.0
2025-11-18,material,102,stock,217.0
2025-11-18,material,102,days_of_cover,67.51
2025-11-18,material,102,open_po_flag,0.0
2025-11-18,material,102,reorder_triggered,0.0
2025-11-18,material,103,stock,200.0
2025-11-18,material,103,days_of_cover,98.25
2025-11-18,material,103,open_po_flag,0.0
2025-11-18,material,103,reorder_triggered,0.0
2025-11-18,product,201,fg_stock,472.0
2025-11-18,product,201,planned_production,0.0
2025-11-18,product,201,actual_production,0.0
2025-11-18,product,201,production_shortfall,0.0
2025-11-18,product,201,demand_units,0.0
2025-11-18,product,201,due_backlog_units,0.0
2025-11-18,product,201,newly_backordered_units,0.0
2025-11-18,product,201,backorder_flag,0.0
2025-11-18,product,202,fg_stock,224.0
2025-11-18,product,202,planned_production,0.0
2025-11-18,product,202,actual_production,0.0
2025-11-18,product,202,production_shortfall,0.0
2025-11-18,product,202,demand_units,0.0
2025-11-18,product,202,due_backlog_units,0.0
2025-11-18,product,202,newly_backordered_units,0.0
2025-11-18,product,202,backorder_flag,0.0
2025-11-19,calendar,global,weekday,2.0
2025-11-19,calendar,global,month,11.0
2025-11-19,calendar,global,is_weekend,0.0
2025-11-19,supplier,1,po_delay_days,0.0
2025-11-19,supplier,1,receipt_fill_rate,1.0
2025-11-19,supplier,1,receipt_event_flag,0.0
2025-11-19,supplier,2,po_delay_days,0.0
2025-11-19,supplier,2,receipt_fill_rate,1.0
2025-11-19,supplier,2,receipt_event_flag,0.0
2025-11-19,supplier,3,po_delay_days,0.0
2025-11-19,supplier,3,receipt_fill_rate,1.0
2025-11-19,supplier,3,receipt_event_flag,0.0
2025-11-19,supplier,4,po_delay_days,0.0
2025-11-19,supplier,4,receipt_fill_rate,1.0
2025-11-19,supplier,4,receipt_event_flag,0.0
2025-11-19,supplier,5,po_delay_days,0.0
2025-11-19,supplier,5,receipt_fill_rate,1.0
2025-11-19,supplier,5,receipt_event_flag,0.0
2025-11-19,material,101,stock,133.0
2025-11-19,material,101,days_of_cover,12.54
2025-11-19,material,101,open_po_flag,1.0
2025-11-19,material,101,reorder_triggered,1.0
2025-11-19,material,102,stock,187.0
2025-11-19,material,102,days_of_cover,58.18
2025-11-19,material,102,open_po_flag,0.0
2025-11-19,material,102,reorder_triggered,0.0
2025-11-19,material,103,stock,181.0
2025-11-19,material,103,days_of_cover,88.91
2025-11-19,material,103,open_po_flag,0.0
2025-11-19,material,103,reorder_triggered,0.0
2025-11-19,product,201,fg_stock,489.0
2025-11-19,product,201,planned_production,30.0
2025-11-19,product,201,actual_production,30.0
2025-11-19,product,201,production_shortfall,0.0
2025-11-19,product,201,demand_units,22.0
2025-11-19,product,201,due_backlog_units,0.0
2025-11-19,product,201,newly_backordered_units,0.0
2025-11-19,product,201,backorder_flag,0.0
2025-11-19,product,202,fg_stock,244.0
2025-11-19,product,202,planned_production,20.0
2025-11-19,product,202,actual_production,20.0
2025-11-19,product,202,production_shortfall,0.0
2025-11-19,product,202,demand_units,0.0
2025-11-19,product,202,due_backlog_units,0.0
2025-11-19,product,202,newly_backordered_units,0.0
2025-11-19,product,202,backorder_flag,0.0
2025-11-20,calendar,global,weekday,3.0
2025-11-20,calendar,global,month,11.0
2025-11-20,calendar,global,is_weekend,0.0
2025-11-20,supplier,1,po_delay_days,0.0
2025-11-20,supplier,1,receipt_fill_rate,1.0
2025-11-20,supplier,1,receipt_event_flag,0.0
2025-11-20,supplier,2,po_delay_days,0.0
2025-11-20,supplier,2,receipt_fill_rate,1.0
2025-11-20,supplier,2,receipt_event_flag,0.0
2025-11-20,supplier,3,po_delay_days,0.0
2025-11-20,supplier,3,receipt_fill_rate,1.0
2025-11-20,supplier,3,receipt_event_flag,0.0
2025-11-20,supplier,4,po_delay_days,0.0
2025-11-20,supplier,4,receipt_fill_rate,1.0
2025-11-20,supplier,4,receipt_event_flag,0.0
2025-11-20,supplier,5,po_delay_days,0.0
2025-11-20,supplier,5,receipt_fill_rate,1.0
2025-11-20,supplier,5,receipt_event_flag,0.0
2025-11-20,material,101,stock,133.0
2025-11-20,material,101,days_of_cover,12.54
2025-11-20,material,101,open_po_flag,1.0
2025-11-20,material,101,reorder_triggered,0.0
2025-11-20,material,102,stock,187.0
2025-11-20,material,102,days_of_cover,58.18
2025-11-20,material,102,open_po_flag,0.0
2025-11-20,material,102,reorder_triggered,0.0
2025-11-20,material,103,stock,181.0
2025-11-20,material,103,days_of_cover,88.91
2025-11-20,material,103,open_po_flag,0.0
2025-11-20,material,103,reorder_triggered,0.0
2025-11-20,product,201,fg_stock,489.0
2025-11-20,product,201,planned_production,0.0
2025-11-20,product,201,actual_production,0.0
2025-11-20,product,201,production_shortfall,0.0
2025-11-20,product,201,demand_units,27.0
2025-11-20,product,201,due_backlog_units,0.0
2025-11-20,product,201,newly_backordered_units,0.0
2025-11-20,product,201,backorder_flag,0.0
2025-11-20,product,202,fg_stock,244.0
2025-11-20,product,202,planned_production,0.0
2025-11-20,product,202,actual_production,0.0
2025-11-20,product,202,production_shortfall,0.0
2025-11-20,product,202,demand_units,0.0
2025-11-20,product,202,due_backlog_units,0.0
2025-11-20,product,202,newly_backordered_units,0.0
2025-11-20,product,202,backorder_flag,0.0
2025-11-21,calendar,global,weekday,4.0
2025-11-21,calendar,global,month,11.0
2025-11-21,calendar,global,is_weekend,0.0
2025-11-21,supplier,1,po_delay_days,0.0
2025-11-21,supplier,1,receipt_fill_rate,1.0
2025-11-21,supplier,1,receipt_event_flag,0.0
2025-11-21,supplier,2,po_delay_days,0.0
2025-11-21,supplier,2,receipt_fill_rate,1.0
2025-11-21,supplier,2,receipt_event_flag,0.0
2025-11-21,supplier,3,po_delay_days,0.0
2025-11-21,supplier,3,receipt_fill_rate,1.0
2025-11-21,supplier,3,receipt_event_flag,0.0
2025-11-21,supplier,4,po_delay_days,0.0
2025-11-21,supplier,4,receipt_fill_rate,1.0
2025-11-21,supplier,4,receipt_event_flag,0.0
2025-11-21,supplier,5,po_delay_days,0.0
2025-11-21,supplier,5,receipt_fill_rate,1.0
2025-11-21,supplier,5,receipt_event_flag,0.0
2025-11-21,material,101,stock,59.0
2025-11-21,material,101,days_of_cover,4.17
2025-11-21,material,101,open_po_flag,1.0
2025-11-21,material,101,reorder_triggered,0.0
2025-11-21,material,102,stock,167.0
2025-11-21,material,102,days_of_cover,38.97
2025-11-21,material,102,open_po_flag,0.0
2025-11-21,material,102,reorder_triggered,0.0
2025-11-21,material,103,stock,165.0
2025-11-21,material,103,days_of_cover,60.79
2025-11-21,material,103,open_po_flag,0.0
2025-11-21,material,103,reorder_triggered,0.0
2025-11-21,product,201,fg_stock,509.0
2025-11-21,product,201,planned_production,30.0
2025-11-21,product,201,actual_production,20.0
2025-11-21,product,201,production_shortfall,10.0
2025-11-21,product,201,demand_units,0.0
2025-11-21,product,201,due_backlog_units,0.0
2025-11-21,product,201,newly_backordered_units,0.0
2025-11-21,product,201,backorder_flag,0.0
2025-11-21,product,202,fg_stock,264.0
2025-11-21,product,202,planned_production,20.0
2025-11-21,product,202,actual_production,20.0
2025-11-21,product,202,production_shortfall,0.0
2025-11-21,product,202,demand_units,0.0
2025-11-21,product,202,due_backlog_units,0.0
2025-11-21,product,202,newly_backordered_units,0.0
2025-11-21,product,202,backorder_flag,0.0
2025-11-22,calendar,global,weekday,5.0
2025-11-22,calendar,global,month,11.0
2025-11-22,calendar,global,is_weekend,1.0
2025-11-22,supplier,1,po_delay_days,0.0
2025-11-22,supplier,1,receipt_fill_rate,1.0
2025-11-22,supplier,1,receipt_event_flag,0.0
2025-11-22,supplier,2,po_delay_days,0.0
2025-11-22,supplier,2,receipt_fill_rate,1.0
2025-11-22,supplier,2,receipt_event_flag,0.0
2025-11-22,supplier,3,po_delay_days,0.0
2025-11-22,supplier,3,receipt_fill_rate,1.0
2025-11-22,supplier,3,receipt_event_flag,0.0
2025-11-22,supplier,4,po_delay_days,0.0
2025-11-22,supplier,4,receipt_fill_rate,1.0
2025-11-22,supplier,4,receipt_event_flag,0.0
2025-11-22,supplier,5,po_delay_days,0.0
2025-11-22,supplier,5,receipt_fill_rate,1.0
2025-11-22,supplier,5,receipt_event_flag,0.0
2025-11-22,material,101,stock,59.0
2025-11-22,material,101,days_of_cover,4.17
2025-11-22,material,101,open_po_flag,1.0
2025-11-22,material,101,reorder_triggered,0.0
2025-11-22,material,102,stock,167.0
2025-11-22,material,102,days_of_cover,38.97
2025-11-22,material,102,open_po_flag,0.0
2025-11-22,material,102,reorder_triggered,0.0
2025-11-22,material,103,stock,165.0
2025-11-22,material,103,days_of_cover,60.79
2025-11-22,material,103,open_po_flag,0.0
2025-11-22,material,103,reorder_triggered,0.0
2025-11-22,product,201,fg_stock,509.0
2025-11-22,product,201,planned_production,0.0
2025-11-22,product,201,actual_production,0.0
2025-11-22,product,201,production_shortfall,0.0
2025-11-22,product,201,demand_units,0.0
2025-11-22,product,201,due_backlog_units,0.0
2025-11-22,product,201,newly_backordered_units,0.0
2025-11-22,product,201,backorder_flag,0.0
2025-11-22,product,202,fg_stock,264.0
2025-11-22,product,202,planned_production,0.0
2025-11-22,product,202,actual_production,0.0
2025-11-22,product,202,production_shortfall,0.0
2025-11-22,product,202,demand_units,0.0
2025-11-22,product,202,due_backlog_units,0.0
2025-11-22,product,202,newly_backordered_units,0.0
2025-11-22,product,202,backorder_flag,0.0
2025-11-23,calendar,global,weekday,6.0
2025-11-23,calendar,global,month,11.0
2025-11-23,calendar,global,is_weekend,1.0
2025-11-23,supplier,1,po_delay_days,0.0
2025-11-23,supplier,1,receipt_fill_rate,1.0
2025-11-23,supplier,1,receipt_event_flag,0.0
2025-11-23,supplier,2,po_delay_days,0.0
2025-11-23,supplier,2,receipt_fill_rate,1.0
2025-11-23,supplier,2,receipt_event_flag,0.0
2025-11-23,supplier,3,po_delay_days,0.0
2025-11-23,supplier,3,receipt_fill_rate,1.0
2025-11-23,supplier,3,receipt_event_flag,0.0
2025-11-23,supplier,4,po_delay_days,0.0
2025-11-23,supplier,4,receipt_fill_rate,1.0
2025-11-23,supplier,4,receipt_event_flag,0.0
2025-11-23,supplier,5,po_delay_days,0.0
2025-11-23,supplier,5,receipt_fill_rate,1.0
2025-11-23,supplier,5,receipt_event_flag,0.0
2025-11-23,material,101,stock,59.0
2025-11-23,material,101,days_of_cover,4.17
2025-11-23,material,101,open_po_flag,1.0
2025-11-23,material,101,reorder_triggered,0.0
2025-11-23,material,102,stock,167.0
2025-11-23,material,102,days_of_cover,38.97
2025-11-23,material,102,open_po_flag,0.0
2025-11-23,material,102,reorder_triggered,0.0
2025-11-23,material,103,stock,165.0
2025-11-23,material,103,days_of_cover,60.79
2025-11-23,material,103,open_po_flag,0.0
2025-11-23,material,103,reorder_triggered,0.0
2025-11-23,product,201,fg_stock,509.0
2025-11-23,product,201,planned_production,0.0
2025-11-23,product,201,actual_production,0.0
2025-11-23,product,201,production_shortfall,0.0
2025-11-23,product,201,demand_units,0.0
2025-11-23,product,201,due_backlog_units,0.0
2025-11-23,product,201,newly_backordered_units,0.0
2025-11-23,product,201,backorder_flag,0.0
2025-11-23,product,202,fg_stock,264.0
2025-11-23,product,202,planned_production,0.0
2025-11-23,product,202,actual_production,0.0
2025-11-23,product,202,production_shortfall,0.0
2025-11-23,product,202,demand_units,0.0
2025-11-23,product,202,due_backlog_units,0.0
2025-11-23,product,202,newly_backordered_units,0.0
2025-11-23,product,202,backorder_flag,0.0
2025-11-24,calendar,global,weekday,0.0
2025-11-24,calendar,global,month,11.0
2025-11-24,calendar,global,is_weekend,0.0
2025-11-24,supplier,1,po_delay_days,0.0
2025-11-24,supplier,1,receipt_fill_rate,1.0
2025-11-24,supplier,1,receipt_event_flag,0.0
2025-11-24,supplier,2,po_delay_days,0.0
2025-11-24,supplier,2,receipt_fill_rate,1.0
2025-11-24,supplier,2,receipt_event_flag,0.0
2025-11-24,supplier,3,po_delay_days,0.0
2025-11-24,supplier,3,receipt_fill_rate,1.0
2025-11-24,supplier,3,receipt_event_flag,0.0
2025-11-24,supplier,4,po_delay_days,0.0
2025-11-24,supplier,4,receipt_fill_rate,1.0
2025-11-24,supplier,4,receipt_event_flag,0.0
2025-11-24,supplier,5,po_delay_days,0.0
2025-11-24,supplier,5,receipt_fill_rate,1.0
2025-11-24,supplier,5,receipt_event_flag,0.0
2025-11-24,material,101,stock,59.0
2025-11-24,material,101,days_of_cover,4.17
2025-11-24,material,101,open_po_flag,1.0
2025-11-24,material,101,reorder_triggered,0.0
2025-11-24,material,102,stock,167.0
2025-11-24,material,102,days_of_cover,38.97
2025-11-24,material,102,open_po_flag,0.0
2025-11-24,material,102,reorder_triggered,0.0
2025-11-24,material,103,stock,165.0
2025-11-24,material,103,days_of_cover,60.79
2025-11-24,material,103,open_po_flag,0.0
2025-11-24,material,103,reorder_triggered,0.0
2025-11-24,product,201,fg_stock,509.0
2025-11-24,product,201,planned_production,0.0
2025-11-24,product,201,actual_production,0.0
2025-11-24,product,201,production_shortfall,0.0
2025-11-24,product,201,demand_units,8.0
2025-11-24,product,201,due_backlog_units,0.0
2025-11-24,product,201,newly_backordered_units,0.0
2025-11-24,product,201,backorder_flag,0.0
2025-11-24,product,202,fg_stock,254.0
2025-11-24,product,202,planned_production,0.0
2025-11-24,product,202,actual_production,0.0
2025-11-24,product,202,production_shortfall,0.0
2025-11-24,product,202,demand_units,28.0
2025-11-24,product,202,due_backlog_units,0.0
2025-11-24,product,202,newly_backordered_units,0.0
2025-11-24,product,202,backorder_flag,0.0
2025-11-25,calendar,global,weekday,1.0
2025-11-25,calendar,global,month,11.0
2025-11-25,calendar,global,is_weekend,0.0
2025-11-25,supplier,1,po_delay_days,0.0
2025-11-25,supplier,1,receipt_fill_rate,1.0
2025-11-25,supplier,1,receipt_event_flag,0.0
2025-11-25,supplier,2,po_delay_days,0.0
2025-11-25,supplier,2,receipt_fill_rate,1.0
2025-11-25,supplier,2,receipt_event_flag,0.0
2025-11-25,supplier,3,po_delay_days,0.0
2025-11-25,supplier,3,receipt_fill_rate,1.0
2025-11-25,supplier,3,receipt_event_flag,0.0
2025-11-25,supplier,4,po_delay_days,0.0
2025-11-25,supplier,4,receipt_fill_rate,1.0
2025-11-25,supplier,4,receipt_event_flag,0.0
2025-11-25,supplier,5,po_delay_days,0.0
2025-11-25,supplier,5,receipt_fill_rate,1.0
2025-11-25,supplier,5,receipt_event_flag,0.0
2025-11-25,material,101,stock,59.0
2025-11-25,material,101,days_of_cover,5.56
2025-11-25,material,101,open_po_flag,1.0
2025-11-25,material,101,reorder_triggered,0.0
2025-11-25,material,102,stock,167.0
2025-11-25,material,102,days_of_cover,51.96
2025-11-25,material,102,open_po_flag,0.0
2025-11-25,material,102,reorder_triggered,0.0
2025-11-25,material,103,stock,165.0
2025-11-25,material,103,days_of_cover,81.05
2025-11-25,material,103,open_po_flag,0.0
2025-11-25,material,103,reorder_triggered,0.0
2025-11-25,product,201,fg_stock,509.0
2025-11-25,product,201,planned_production,0.0
2025-11-25,product,201,actual_production,0.0
2025-11-25,product,201,production_shortfall,0.0
2025-11-25,product,201,demand_units,0.0
2025-11-25,product,201,due_backlog_units,0.0
2025-11-25,product,201,newly_backordered_units,0.0
2025-11-25,product,201,backorder_flag,0.0
2025-11-25,product,202,fg_stock,254.0
2025-11-25,product,202,planned_production,0.0
2025-11-25,product,202,actual_production,0.0
2025-11-25,product,202,production_shortfall,0.0
2025-11-25,product,202,demand_units,0.0
2025-11-25,product,202,due_backlog_units,0.0
2025-11-25,product,202,newly_backordered_units,0.0
2025-11-25,product,202,backorder_flag,0.0
2025-11-26,calendar,global,weekday,2.0
2025-11-26,calendar,global,month,11.0
2025-11-26,calendar,global,is_weekend,0.0
2025-11-26,supplier,1,po_delay_days,0.0
2025-11-26,supplier,1,receipt_fill_rate,1.0
2025-11-26,supplier,1,receipt_event_flag,0.0
2025-11-26,supplier,2,po_delay_days,0.0
2025-11-26,supplier,2,receipt_fill_rate,1.0
2025-11-26,supplier,2,receipt_event_flag,0.0
2025-11-26,supplier,3,po_delay_days,0.0
2025-11-26,supplier,3,receipt_fill_rate,1.0
2025-11-26,supplier,3,receipt_event_flag,0.0
2025-11-26,supplier,4,po_delay_days,0.0
2025-11-26,supplier,4,receipt_fill_rate,1.0
2025-11-26,supplier,4,receipt_event_flag,0.0
2025-11-26,supplier,5,po_delay_days,0.0
2025-11-26,supplier,5,receipt_fill_rate,1.0
2025-11-26,supplier,5,receipt_event_flag,0.0
2025-11-26,material,101,stock,59.0
2025-11-26,material,101,days_of_cover,5.56
2025-11-26,material,101,open_po_flag,1.0
2025-11-26,material,101,reorder_triggered,0.0
2025-11-26,material,102,stock,167.0
2025-11-26,material,102,days_of_cover,51.96
2025-11-26,material,102,open_po_flag,0.0
2025-11-26,material,102,reorder_triggered,0.0
2025-11-26,material,103,stock,165.0
2025-11-26,material,103,days_of_cover,81.05
2025-11-26,material,103,open_po_flag,0.0
2025-11-26,material,103,reorder_triggered,0.0
2025-11-26,product,201,fg_stock,509.0
2025-11-26,product,201,planned_production,0.0
2025-11-26,product,201,actual_production,0.0
2025-11-26,product,201,production_shortfall,0.0
2025-11-26,product,201,demand_units,0.0
2025-11-26,product,201,due_backlog_units,0.0
2025-11-26,product,201,newly_backordered_units,0.0
2025-11-26,product,201,backorder_flag,0.0
2025-11-26,product,202,fg_stock,254.0
2025-11-26,product,202,planned_production,0.0
2025-11-26,product,202,actual_production,0.0
2025-11-26,product,202,production_shortfall,0.0
2025-11-26,product,202,demand_units,0.0
2025-11-26,product,202,due_backlog_units,0.0
2025-11-26,product,202,newly_backordered_units,0.0
2025-11-26,product,202,backorder_flag,0.0
2025-11-27,calendar,global,weekday,3.0
2025-11-27,calendar,global,month,11.0
2025-11-27,calendar,global,is_weekend,0.0
2025-11-27,supplier,1,po_delay_days,0.0
2025-11-27,supplier,1,receipt_fill_rate,1.0
2025-11-27,supplier,1,receipt_event_flag,0.0
2025-11-27,supplier,2,po_delay_days,0.0
2025-11-27,supplier,2,receipt_fill_rate,1.0
2025-11-27,supplier,2,receipt_event_flag,0.0
2025-11-27,supplier,3,po_delay_days,0.0
2025-11-27,supplier,3,receipt_fill_rate,1.0
2025-11-27,supplier,3,receipt_event_flag,0.0
2025-11-27,supplier,4,po_delay_days,0.0
2025-11-27,supplier,4,receipt_fill_rate,0.754
2025-11-27,supplier,4,receipt_event_flag,1.0
2025-11-27,supplier,5,po_delay_days,0.0
2025-11-27,supplier,5,receipt_fill_rate,1.0
2025-11-27,supplier,5,receipt_event_flag,0.0
2025-11-27,material,101,stock,341.0
2025-11-27,material,101,days_of_cover,32.15
2025-11-27,material,101,open_po_flag,1.0
2025-11-27,material,101,reorder_triggered,0.0
2025-11-27,material,102,stock,167.0
2025-11-27,material,102,days_of_cover,51.96
2025-11-27,material,102,open_po_flag,0.0
2025-11-27,material,102,reorder_triggered,0.0
2025-11-27,material,103,stock,165.0
2025-11-27,material,103,days_of_cover,81.05
2025-11-27,material,103,open_po_flag,0.0
2025-11-27,material,103,reorder_triggered,0.0
2025-11-27,product,201,fg_stock,469.0
2025-11-27,product,201,planned_production,0.0
2025-11-27,product,201,actual_production,0.0
2025-11-27,product,201,production_shortfall,0.0
2025-11-27,product,201,demand_units,29.0
2025-11-27,product,201,due_backlog_units,0.0
2025-11-27,product,201,newly_backordered_units,0.0
2025-11-27,product,201,backorder_flag,0.0
2025-11-27,product,202,fg_stock,239.0
2025-11-27,product,202,planned_production,0.0
2025-11-27,product,202,actual_production,0.0
2025-11-27,product,202,production_shortfall,0.0
2025-11-27,product,202,demand_units,10.0
2025-11-27,product,202,due_backlog_units,0.0
2025-11-27,product,202,newly_backordered_units,0.0
2025-11-27,product,202,backorder_flag,0.0
2025-11-28,calendar,global,weekday,4.0
2025-11-28,calendar,global,month,11.0
2025-11-28,calendar,global,is_weekend,0.0
2025-11-28,supplier,1,po_delay_days,0.0
2025-11-28,supplier,1,receipt_fill_rate,1.0
2025-11-28,supplier,1,receipt_event_flag,0.0
2025-11-28,supplier,2,po_delay_days,0.0
2025-11-28,supplier,2,receipt_fill_rate,1.0
2025-11-28,supplier,2,receipt_event_flag,0.0
2025-11-28,supplier,3,po_delay_days,0.0
2025-11-28,supplier,3,receipt_fill_rate,1.0
2025-11-28,supplier,3,receipt_event_flag,0.0
2025-11-28,supplier,4,po_delay_days,0.0
2025-11-28,supplier,4,receipt_fill_rate,1.0
2025-11-28,supplier,4,receipt_event_flag,0.0
2025-11-28,supplier,5,po_delay_days,0.0
2025-11-28,supplier,5,receipt_fill_rate,1.0
2025-11-28,supplier,5,receipt_event_flag,0.0
2025-11-28,material,101,stock,341.0
2025-11-28,material,101,days_of_cover,32.15
2025-11-28,material,101,open_po_flag,1.0
2025-11-28,material,101,reorder_triggered,0.0
2025-11-28,material,102,stock,167.0
2025-11-28,material,102,days_of_cover,51.96
2025-11-28,material,102,open_po_flag,0.0
2025-11-28,material,102,reorder_triggered,0.0
2025-11-28,material,103,stock,165.0
2025-11-28,material,103,days_of_cover,81.05
2025-11-28,material,103,open_po_flag,0.0
2025-11-28,material,103,reorder_triggered,0.0
2025-11-28,product,201,fg_stock,460.0
2025-11-28,product,201,planned_production,0.0
2025-11-28,product,201,actual_production,0.0
2025-11-28,product,201,production_shortfall,0.0
2025-11-28,product,201,demand_units,50.0
2025-11-28,product,201,due_backlog_units,0.0
2025-11-28,product,201,newly_backordered_units,0.0
2025-11-28,product,201,backorder_flag,0.0
2025-11-28,product,202,fg_stock,226.0
2025-11-28,product,202,planned_production,0.0
2025-11-28,product,202,actual_production,0.0
2025-11-28,product,202,production_shortfall,0.0
2025-11-28,product,202,demand_units,0.0
2025-11-28,product,202,due_backlog_units,0.0
2025-11-28,product,202,newly_backordered_units,0.0
2025-11-28,product,202,backorder_flag,0.0
2025-11-29,calendar,global,weekday,5.0
2025-11-29,calendar,global,month,11.0
2025-11-29,calendar,global,is_weekend,1.0
2025-11-29,supplier,1,po_delay_days,0.0
2025-11-29,supplier,1,receipt_fill_rate,1.0
2025-11-29,supplier,1,receipt_event_flag,0.0
2025-11-29,supplier,2,po_delay_days,0.0
2025-11-29,supplier,2,receipt_fill_rate,1.0
2025-11-29,supplier,2,receipt_event_flag,0.0
2025-11-29,supplier,3,po_delay_days,0.0
2025-11-29,supplier,3,receipt_fill_rate,1.0
2025-11-29,supplier,3,receipt_event_flag,0.0
2025-11-29,supplier,4,po_delay_days,1.0
2025-11-29,supplier,4,receipt_fill_rate,1.0
2025-11-29,supplier,4,receipt_event_flag,1.0
2025-11-29,supplier,5,po_delay_days,0.0
2025-11-29,supplier,5,receipt_fill_rate,1.0
2025-11-29,supplier,5,receipt_event_flag,0.0
2025-11-29,material,101,stock,433.0
2025-11-29,material,101,days_of_cover,40.82
2025-11-29,material,101,open_po_flag,0.0
2025-11-29,material,101,reorder_triggered,0.0
2025-11-29,material,102,stock,167.0
2025-11-29,material,102,days_of_cover,51.96
2025-11-29,material,102,open_po_flag,0.0
2025-11-29,material,102,reorder_triggered,0.0
2025-11-29,material,103,stock,165.0
2025-11-29,material,103,days_of_cover,81.05
2025-11-29,material,103,open_po_flag,0.0
2025-11-29,material,103,reorder_triggered,0.0
2025-11-29,product,201,fg_stock,460.0
2025-11-29,product,201,planned_production,0.0
2025-11-29,product,201,actual_production,0.0
2025-11-29,product,201,production_shortfall,0.0
2025-11-29,product,201,demand_units,0.0
2025-11-29,product,201,due_backlog_units,0.0
2025-11-29,product,201,newly_backordered_units,0.0
2025-11-29,product,201,backorder_flag,0.0
2025-11-29,product,202,fg_stock,226.0
2025-11-29,product,202,planned_production,0.0
2025-11-29,product,202,actual_production,0.0
2025-11-29,product,202,production_shortfall,0.0
2025-11-29,product,202,demand_units,0.0
2025-11-29,product,202,due_backlog_units,0.0
2025-11-29,product,202,newly_backordered_units,0.0
2025-11-29,product,202,backorder_flag,0.0
2025-11-30,calendar,global,weekday,6.0
2025-11-30,calendar,global,month,11.0
2025-11-30,calendar,global,is_weekend,1.0
2025-11-30,supplier,1,po_delay_days,0.0
2025-11-30,supplier,1,receipt_fill_rate,1.0
2025-11-30,supplier,1,receipt_event_flag,0.0
2025-11-30,supplier,2,po_delay_days,0.0
2025-11-30,supplier,2,receipt_fill_rate,1.0
2025-11-30,supplier,2,receipt_event_flag,0.0
2025-11-30,supplier,3,po_delay_days,0.0
2025-11-30,supplier,3,receipt_fill_rate,1.0
2025-11-30,supplier,3,receipt_event_flag,0.0
2025-11-30,supplier,4,po_delay_days,0.0
2025-11-30,supplier,4,receipt_fill_rate,1.0
2025-11-30,supplier,4,receipt_event_flag,0.0
2025-11-30,supplier,5,po_delay_days,0.0
2025-11-30,supplier,5,receipt_fill_rate,1.0
2025-11-30,supplier,5,receipt_event_flag,0.0
2025-11-30,material,101,stock,433.0
2025-11-30,material,101,days_of_cover,40.82
2025-11-30,material,101,open_po_flag,0.0
2025-11-30,material,101,reorder_triggered,0.0
2025-11-30,material,102,stock,167.0
2025-11-30,material,102,days_of_cover,51.96
2025-11-30,material,102,open_po_flag,0.0
2025-11-30,material,102,reorder_triggered,0.0
2025-11-30,material,103,stock,165.0
2025-11-30,material,103,days_of_cover,81.05
2025-11-30,material,103,open_po_flag,0.0
2025-11-30,material,103,reorder_triggered,0.0
2025-11-30,product,201,fg_stock,460.0
2025-11-30,product,201,planned_production,0.0
2025-11-30,product,201,actual_production,0.0
2025-11-30,product,201,production_shortfall,0.0
2025-11-30,product,201,demand_units,0.0
2025-11-30,product,201,due_backlog_units,0.0
2025-11-30,product,201,newly_backordered_units,0.0
2025-11-30,product,201,backorder_flag,0.0
2025-11-30,product,202,fg_stock,226.0
2025-11-30,product,202,planned_production,0.0
2025-11-30,product,202,actual_production,0.0
2025-11-30,product,202,production_shortfall,0.0
2025-11-30,product,202,demand_units,0.0
2025-11-30,product,202,due_backlog_units,0.0
2025-11-30,product,202,newly_backordered_units,0.0
2025-11-30,product,202,backorder_flag,0.0
2025-12-01,calendar,global,weekday,0.0
2025-12-01,calendar,global,month,12.0
2025-12-01,calendar,global,is_weekend,0.0
2025-12-01,supplier,1,po_delay_days,0.0
2025-12-01,supplier,1,receipt_fill_rate,1.0
2025-12-01,supplier,1,receipt_event_flag,0.0
2025-12-01,supplier,2,po_delay_days,0.0
2025-12-01,supplier,2,receipt_fill_rate,1.0
2025-12-01,supplier,2,receipt_event_flag,0.0
2025-12-01,supplier,3,po_delay_days,0.0
2025-12-01,supplier,3,receipt_fill_rate,1.0
2025-12-01,supplier,3,receipt_event_flag,0.0
2025-12-01,supplier,4,po_delay_days,0.0
2025-12-01,supplier,4,receipt_fill_rate,1.0
2025-12-01,supplier,4,receipt_event_flag,0.0
2025-12-01,supplier,5,po_delay_days,0.0
2025-12-01,supplier,5,receipt_fill_rate,1.0
2025-12-01,supplier,5,receipt_event_flag,0.0
2025-12-01,material,101,stock,334.0
2025-12-01,material,101,days_of_cover,23.62
2025-12-01,material,101,open_po_flag,0.0
2025-12-01,material,101,reorder_triggered,0.0
2025-12-01,material,102,stock,137.0
2025-12-01,material,102,days_of_cover,31.97
2025-12-01,material,102,open_po_flag,0.0
2025-12-01,material,102,reorder_triggered,0.0
2025-12-01,material,103,stock,146.0
2025-12-01,material,103,days_of_cover,53.79
2025-12-01,material,103,open_po_flag,0.0
2025-12-01,material,103,reorder_triggered,0.0
2025-12-01,product,201,fg_stock,454.0
2025-12-01,product,201,planned_production,30.0
2025-12-01,product,201,actual_production,30.0
2025-12-01,product,201,production_shortfall,0.0
2025-12-01,product,201,demand_units,0.0
2025-12-01,product,201,due_backlog_units,0.0
2025-12-01,product,201,newly_backordered_units,0.0
2025-12-01,product,201,backorder_flag,0.0
2025-12-01,product,202,fg_stock,246.0
2025-12-01,product,202,planned_production,20.0
2025-12-01,product,202,actual_production,20.0
2025-12-01,product,202,production_shortfall,0.0
2025-12-01,product,202,demand_units,0.0
2025-12-01,product,202,due_backlog_units,0.0
2025-12-01,product,202,newly_backordered_units,0.0
2025-12-01,product,202,backorder_flag,0.0
2025-12-02,calendar,global,weekday,1.0
2025-12-02,calendar,global,month,12.0
2025-12-02,calendar,global,is_weekend,0.0
2025-12-02,supplier,1,po_delay_days,0.0
2025-12-02,supplier,1,receipt_fill_rate,1.0
2025-12-02,supplier,1,receipt_event_flag,0.0
2025-12-02,supplier,2,po_delay_days,0.0
2025-12-02,supplier,2,receipt_fill_rate,1.0
2025-12-02,supplier,2,receipt_event_flag,0.0
2025-12-02,supplier,3,po_delay_days,0.0
2025-12-02,supplier,3,receipt_fill_rate,1.0
2025-12-02,supplier,3,receipt_event_flag,0.0
2025-12-02,supplier,4,po_delay_days,0.0
2025-12-02,supplier,4,receipt_fill_rate,1.0
2025-12-02,supplier,4,receipt_event_flag,0.0
2025-12-02,supplier,5,po_delay_days,0.0
2025-12-02,supplier,5,receipt_fill_rate,1.0
2025-12-02,supplier,5,receipt_event_flag,0.0
2025-12-02,material,101,stock,334.0
2025-12-02,material,101,days_of_cover,23.62
2025-12-02,material,101,open_po_flag,0.0
2025-12-02,material,101,reorder_triggered,0.0
2025-12-02,material,102,stock,137.0
2025-12-02,material,102,days_of_cover,31.97
2025-12-02,material,102,open_po_flag,0.0
2025-12-02,material,102,reorder_triggered,0.0
2025-12-02,material,103,stock,146.0
2025-12-02,material,103,days_of_cover,53.79
2025-12-02,material,103,open_po_flag,0.0
2025-12-02,material,103,reorder_triggered,0.0
2025-12-02,product,201,fg_stock,442.0
2025-12-02,product,201,planned_production,0.0
2025-12-02,product,201,actual_production,0.0
2025-12-02,product,201,production_shortfall,0.0
2025-12-02,product,201,demand_units,0.0
2025-12-02,product,201,due_backlog_units,0.0
2025-12-02,product,201,newly_backordered_units,0.0
2025-12-02,product,201,backorder_flag,0.0
2025-12-02,product,202,fg_stock,236.0
2025-12-02,product,202,planned_production,0.0
2025-12-02,product,202,actual_production,0.0
2025-12-02,product,202,production_shortfall,0.0
2025-12-02,product,202,demand_units,0.0
2025-12-02,product,202,due_backlog_units,0.0
2025-12-02,product,202,newly_backordered_units,0.0
2025-12-02,product,202,backorder_flag,0.0
2025-12-03,calendar,global,weekday,2.0
2025-12-03,calendar,global,month,12.0
2025-12-03,calendar,global,is_weekend,0.0
2025-12-03,supplier,1,po_delay_days,0.0
2025-12-03,supplier,1,receipt_fill_rate,1.0
2025-12-03,supplier,1,receipt_event_flag,0.0
2025-12-03,supplier,2,po_delay_days,0.0
2025-12-03,supplier,2,receipt_fill_rate,1.0
2025-12-03,supplier,2,receipt_event_flag,0.0
2025-12-03,supplier,3,po_delay_days,0.0
2025-12-03,supplier,3,receipt_fill_rate,1.0
2025-12-03,supplier,3,receipt_event_flag,0.0
2025-12-03,supplier,4,po_delay_days,0.0
2025-12-03,supplier,4,receipt_fill_rate,1.0
2025-12-03,supplier,4,receipt_event_flag,0.0
2025-12-03,supplier,5,po_delay_days,0.0
2025-12-03,supplier,5,receipt_fill_rate,1.0
2025-12-03,supplier,5,receipt_event_flag,0.0
2025-12-03,material,101,stock,334.0
2025-12-03,material,101,days_of_cover,31.49
2025-12-03,material,101,open_po_flag,0.0
2025-12-03,material,101,reorder_triggered,0.0
2025-12-03,material,102,stock,137.0
2025-12-03,material,102,days_of_cover,42.62
2025-12-03,material,102,open_po_flag,0.0
2025-12-03,material,102,reorder_triggered,0.0
2025-12-03,material,103,stock,146.0
2025-12-03,material,103,days_of_cover,71.72
2025-12-03,material,103,open_po_flag,0.0
2025-12-03,material,103,reorder_triggered,0.0
2025-12-03,product,201,fg_stock,403.0
2025-12-03,product,201,planned_production,0.0
2025-12-03,product,201,actual_production,0.0
2025-12-03,product,201,production_shortfall,0.0
2025-12-03,product,201,demand_units,0.0
2025-12-03,product,201,due_backlog_units,0.0
2025-12-03,product,201,newly_backordered_units,0.0
2025-12-03,product,201,backorder_flag,0.0
2025-12-03,product,202,fg_stock,236.0
2025-12-03,product,202,planned_production,0.0
2025-12-03,product,202,actual_production,0.0
2025-12-03,product,202,production_shortfall,0.0
2025-12-03,product,202,demand_units,10.0
2025-12-03,product,202,due_backlog_units,0.0
2025-12-03,product,202,newly_backordered_units,0.0
2025-12-03,product,202,backorder_flag,0.0
2025-12-04,calendar,global,weekday,3.0
2025-12-04,calendar,global,month,12.0
2025-12-04,calendar,global,is_weekend,0.0
2025-12-04,supplier,1,po_delay_days,0.0
2025-12-04,supplier,1,receipt_fill_rate,1.0
2025-12-04,supplier,1,receipt_event_flag,0.0
2025-12-04,supplier,2,po_delay_days,0.0
2025-12-04,supplier,2,receipt_fill_rate,1.0
2025-12-04,supplier,2,receipt_event_flag,0.0
2025-12-04,supplier,3,po_delay_days,0.0
2025-12-04,supplier,3,receipt_fill_rate,1.0
2025-12-04,supplier,3,receipt_event_flag,0.0
2025-12-04,supplier,4,po_delay_days,0.0
2025-12-04,supplier,4,receipt_fill_rate,1.0
2025-12-04,supplier,4,receipt_event_flag,0.0
2025-12-04,supplier,5,po_delay_days,0.0
2025-12-04,supplier,5,receipt_fill_rate,1.0
2025-12-04,supplier,5,receipt_event_flag,0.0
2025-12-04,material,101,stock,235.0
2025-12-04,material,101,days_of_cover,16.62
2025-12-04,material,101,open_po_flag,0.0
2025-12-04,material,101,reorder_triggered,0.0
2025-12-04,material,102,stock,107.0
2025-12-04,material,102,days_of_cover,24.97
2025-12-04,material,102,open_po_flag,1.0
2025-12-04,material,102,reorder_triggered,1.0
2025-12-04,material,103,stock,127.0
2025-12-04,material,103,days_of_cover,46.79
2025-12-04,material,103,open_po_flag,0.0
2025-12-04,material,103,reorder_triggered,0.0
2025-12-04,product,201,fg_stock,433.0
2025-12-04,product,201,planned_production,30.0
2025-12-04,product,201,actual_production,30.0
2025-12-04,product,201,production_shortfall,0.0
2025-12-04,product,201,demand_units,0.0
2025-12-04,product,201,due_backlog_units,0.0
2025-12-04,product,201,newly_backordered_units,0.0
2025-12-04,product,201,backorder_flag,0.0
2025-12-04,product,202,fg_stock,256.0
2025-12-04,product,202,planned_production,20.0
2025-12-04,product,202,actual_production,20.0
2025-12-04,product,202,production_shortfall,0.0
2025-12-04,product,202,demand_units,0.0
2025-12-04,product,202,due_backlog_units,0.0
2025-12-04,product,202,newly_backordered_units,0.0
2025-12-04,product,202,backorder_flag,0.0
2025-12-05,calendar,global,weekday,4.0
2025-12-05,calendar,global,month,12.0
2025-12-05,calendar,global,is_weekend,0.0
2025-12-05,supplier,1,po_delay_days,0.0
2025-12-05,supplier,1,receipt_fill_rate,1.0
2025-12-05,supplier,1,receipt_event_flag,0.0
2025-12-05,supplier,2,po_delay_days,0.0
2025-12-05,supplier,2,receipt_fill_rate,1.0
2025-12-05,supplier,2,receipt_event_flag,0.0
2025-12-05,supplier,3,po_delay_days,0.0
2025-12-05,supplier,3,receipt_fill_rate,1.0
2025-12-05,supplier,3,receipt_event_flag,0.0
2025-12-05,supplier,4,po_delay_days,0.0
2025-12-05,supplier,4,receipt_fill_rate,1.0
2025-12-05,supplier,4,receipt_event_flag,0.0
2025-12-05,supplier,5,po_delay_days,0.0
2025-12-05,supplier,5,receipt_fill_rate,1.0
2025-12-05,supplier,5,receipt_event_flag,0.0
2025-12-05,material,101,stock,235.0
2025-12-05,material,101,days_of_cover,16.62
2025-12-05,material,101,open_po_flag,0.0
2025-12-05,material,101,reorder_triggered,0.0
2025-12-05,material,102,stock,107.0
2025-12-05,material,102,days_of_cover,24.97
2025-12-05,material,102,open_po_flag,1.0
2025-12-05,material,102,reorder_triggered,0.0
2025-12-05,material,103,stock,127.0
2025-12-05,material,103,days_of_cover,46.79
2025-12-05,material,103,open_po_flag,0.0
2025-12-05,material,103,reorder_triggered,0.0
2025-12-05,product,201,fg_stock,433.0
2025-12-05,product,201,planned_production,0.0
2025-12-05,product,201,actual_production,0.0
2025-12-05,product,201,production_shortfall,0.0
2025-12-05,product,201,demand_units,0.0
2025-12-05,product,201,due_backlog_units,0.0
2025-12-05,product,201,newly_backordered_units,0.0
2025-12-05,product,201,backorder_flag,0.0
2025-12-05,product,202,fg_stock,256.0
2025-12-05,product,202,planned_production,0.0
2025-12-05,product,202,actual_production,0.0
2025-12-05,product,202,production_shortfall,0.0
2025-12-05,product,202,demand_units,0.0
2025-12-05,product,202,due_backlog_units,0.0
2025-12-05,product,202,newly_backordered_units,0.0
2025-12-05,product,202,backorder_flag,0.0
2025-12-06,calendar,global,weekday,5.0
2025-12-06,calendar,global,month,12.0
2025-12-06,calendar,global,is_weekend,1.0
2025-12-06,supplier,1,po_delay_days,0.0
2025-12-06,supplier,1,receipt_fill_rate,1.0
2025-12-06,supplier,1,receipt_event_flag,0.0
2025-12-06,supplier,2,po_delay_days,0.0
2025-12-06,supplier,2,receipt_fill_rate,1.0
2025-12-06,supplier,2,receipt_event_flag,0.0
2025-12-06,supplier,3,po_delay_days,0.0
2025-12-06,supplier,3,receipt_fill_rate,1.0
2025-12-06,supplier,3,receipt_event_flag,0.0
2025-12-06,supplier,4,po_delay_days,0.0
2025-12-06,supplier,4,receipt_fill_rate,1.0
2025-12-06,supplier,4,receipt_event_flag,0.0
2025-12-06,supplier,5,po_delay_days,0.0
2025-12-06,supplier,5,receipt_fill_rate,1.0
2025-12-06,supplier,5,receipt_event_flag,0.0
2025-12-06,material,101,stock,235.0
2025-12-06,material,101,days_of_cover,16.62
2025-12-06,material,101,open_po_flag,0.0
2025-12-06,material,101,reorder_triggered,0.0
2025-12-06,material,102,stock,107.0
2025-12-06,material,102,days_of_cover,24.97
2025-12-06,material,102,open_po_flag,1.0
2025-12-06,material,102,reorder_triggered,0.0
2025-12-06,material,103,stock,127.0
2025-12-06,material,103,days_of_cover,46.79
2025-12-06,material,103,open_po_flag,0.0
2025-12-06,material,103,reorder_triggered,0.0
2025-12-06,product,201,fg_stock,433.0
2025-12-06,product,201,planned_production,0.0
2025-12-06,product,201,actual_production,0.0
2025-12-06,product,201,production_shortfall,0.0
2025-12-06,product,201,demand_units,0.0
2025-12-06,product,201,due_backlog_units,0.0
2025-12-06,product,201,newly_backordered_units,0.0
2025-12-06,product,201,backorder_flag,0.0
2025-12-06,product,202,fg_stock,256.0
2025-12-06,product,202,planned_production,0.0
2025-12-06,product,202,actual_production,0.0
2025-12-06,product,202,production_shortfall,0.0
2025-12-06,product,202,demand_units,0.0
2025-12-06,product,202,due_backlog_units,0.0
2025-12-06,product,202,newly_backordered_units,0.0
2025-12-06,product,202,backorder_flag,0.0
2025-12-07,calendar,global,weekday,6.0
2025-12-07,calendar,global,month,12.0
2025-12-07,calendar,global,is_weekend,1.0
2025-12-07,supplier,1,po_delay_days,0.0
2025-12-07,supplier,1,receipt_fill_rate,1.0
2025-12-07,supplier,1,receipt_event_flag,0.0
2025-12-07,supplier,2,po_delay_days,0.0
2025-12-07,supplier,2,receipt_fill_rate,1.0
2025-12-07,supplier,2,receipt_event_flag,0.0
2025-12-07,supplier,3,po_delay_days,0.0
2025-12-07,supplier,3,receipt_fill_rate,1.0
2025-12-07,supplier,3,receipt_event_flag,0.0
2025-12-07,supplier,4,po_delay_days,0.0
2025-12-07,supplier,4,receipt_fill_rate,1.0
2025-12-07,supplier,4,receipt_event_flag,0.0
2025-12-07,supplier,5,po_delay_days,0.0
2025-12-07,supplier,5,receipt_fill_rate,1.0
2025-12-07,supplier,5,receipt_event_flag,0.0
2025-12-07,material,101,stock,235.0
2025-12-07,material,101,days_of_cover,16.62
2025-12-07,material,101,open_po_flag,0.0
2025-12-07,material,101,reorder_triggered,0.0
2025-12-07,material,102,stock,107.0
2025-12-07,material,102,days_of_cover,24.97
2025-12-07,material,102,open_po_flag,1.0
2025-12-07,material,102,reorder_triggered,0.0
2025-12-07,material,103,stock,127.0
2025-12-07,material,103,days_of_cover,46.79
2025-12-07,material,103,open_po_flag,0.0
2025-12-07,material,103,reorder_triggered,0.0
2025-12-07,product,201,fg_stock,433.0
2025-12-07,product,201,planned_production,0.0
2025-12-07,product,201,actual_production,0.0
2025-12-07,product,201,production_shortfall,0.0
2025-12-07,product,201,demand_units,0.0
2025-12-07,product,201,due_backlog_units,0.0
2025-12-07,product,201,newly_backordered_units,0.0
2025-12-07,product,201,backorder_flag,0.0
2025-12-07,product,202,fg_stock,256.0
2025-12-07,product,202,planned_production,0.0
2025-12-07,product,202,actual_production,0.0
2025-12-07,product,202,production_shortfall,0.0
2025-12-07,product,202,demand_units,0.0
2025-12-07,product,202,due_backlog_units,0.0
2025-12-07,product,202,newly_backordered_units,0.0
2025-12-07,product,202,backorder_flag,0.0
2025-12-08,calendar,global,weekday,0.0
2025-12-08,calendar,global,month,12.0
2025-12-08,calendar,global,is_weekend,0.0
2025-12-08,supplier,1,po_delay_days,0.0
2025-12-08,supplier,1,receipt_fill_rate,1.0
2025-12-08,supplier,1,receipt_event_flag,0.0
2025-12-08,supplier,2,po_delay_days,0.0
2025-12-08,supplier,2,receipt_fill_rate,1.0
2025-12-08,supplier,2,receipt_event_flag,0.0
2025-12-08,supplier,3,po_delay_days,0.0
2025-12-08,supplier,3,receipt_fill_rate,1.0
2025-12-08,supplier,3,receipt_event_flag,0.0
2025-12-08,supplier,4,po_delay_days,0.0
2025-12-08,supplier,4,receipt_fill_rate,1.0
2025-12-08,supplier,4,receipt_event_flag,0.0
2025-12-08,supplier,5,po_delay_days,0.0
2025-12-08,supplier,5,receipt_fill_rate,1.0
2025-12-08,supplier,5,receipt_event_flag,0.0
2025-12-08,material,101,stock,136.0
2025-12-08,material,101,days_of_cover,7.69
2025-12-08,material,101,open_po_flag,1.0
2025-12-08,material,101,reorder_triggered,1.0
2025-12-08,material,102,stock,77.0
2025-12-08,material,102,days_of_cover,14.37
2025-12-08,material,102,open_po_flag,1.0
2025-12-08,material,102,reorder_triggered,0.0
2025-12-08,material,103,stock,108.0
2025-12-08,material,103,days_of_cover,31.83
2025-12-08,material,103,open_po_flag,0.0
2025-12-08,material,103,reorder_triggered,0.0
2025-12-08,product,201,fg_stock,463.0
2025-12-08,product,201,planned_production,30.0
2025-12-08,product,201,actual_production,30.0
2025-12-08,product,201,production_shortfall,0.0
2025-12-08,product,201,demand_units,0.0
2025-12-08,product,201,due_backlog_units,0.0
2025-12-08,product,201,newly_backordered_units,0.0
2025-12-08,product,201,backorder_flag,0.0
2025-12-08,product,202,fg_stock,266.0
2025-12-08,product,202,planned_production,20.0
2025-12-08,product,202,actual_production,20.0
2025-12-08,product,202,production_shortfall,0.0
2025-12-08,product,202,demand_units,0.0
2025-12-08,product,202,due_backlog_units,0.0
2025-12-08,product,202,newly_backordered_units,0.0
2025-12-08,product,202,backorder_flag,0.0
2025-12-09,calendar,global,weekday,1.0
2025-12-09,calendar,global,month,12.0
2025-12-09,calendar,global,is_weekend,0.0
2025-12-09,supplier,1,po_delay_days,0.0
2025-12-09,supplier,1,receipt_fill_rate,1.0
2025-12-09,supplier,1,receipt_event_flag,0.0
2025-12-09,supplier,2,po_delay_days,0.0
2025-12-09,supplier,2,receipt_fill_rate,1.0
2025-12-09,supplier,2,receipt_event_flag,0.0
2025-12-09,supplier,3,po_delay_days,0.0
2025-12-09,supplier,3,receipt_fill_rate,1.0
2025-12-09,supplier,3,receipt_event_flag,0.0
2025-12-09,supplier,4,po_delay_days,0.0
2025-12-09,supplier,4,receipt_fill_rate,1.0
2025-12-09,supplier,4,receipt_event_flag,0.0
2025-12-09,supplier,5,po_delay_days,0.0
2025-12-09,supplier,5,receipt_fill_rate,1.0
2025-12-09,supplier,5,receipt_event_flag,0.0
2025-12-09,material,101,stock,136.0
2025-12-09,material,101,days_of_cover,7.69
2025-12-09,material,101,open_po_flag,1.0
2025-12-09,material,101,reorder_triggered,0.0
2025-12-09,material,102,stock,77.0
2025-12-09,material,102,days_of_cover,14.37
2025-12-09,material,102,open_po_flag,1.0
2025-12-09,material,102,reorder_triggered,0.0
2025-12-09,material,103,stock,108.0
2025-12-09,material,103,days_of_cover,31.83
2025-12-09,material,103,open_po_flag,0.0
2025-12-09,material,103,reorder_triggered,0.0
2025-12-09,product,201,fg_stock,463.0
2025-12-09,product,201,planned_production,0.0
2025-12-09,product,201,actual_production,0.0
2025-12-09,product,201,production_shortfall,0.0
2025-12-09,product,201,demand_units,0.0
2025-12-09,product,201,due_backlog_units,0.0
2025-12-09,product,201,newly_backordered_units,0.0
2025-12-09,product,201,backorder_flag,0.0
2025-12-09,product,202,fg_stock,266.0
2025-12-09,product,202,planned_production,0.0
2025-12-09,product,202,actual_production,0.0
2025-12-09,product,202,production_shortfall,0.0
2025-12-09,product,202,demand_units,0.0
2025-12-09,product,202,due_backlog_units,0.0
2025-12-09,product,202,newly_backordered_units,0.0
2025-12-09,product,202,backorder_flag,0.0
2025-12-10,calendar,global,weekday,2.0
2025-12-10,calendar,global,month,12.0
2025-12-10,calendar,global,is_weekend,0.0
2025-12-10,supplier,1,po_delay_days,0.0
2025-12-10,supplier,1,receipt_fill_rate,1.0
2025-12-10,supplier,1,receipt_event_flag,0.0
2025-12-10,supplier,2,po_delay_days,0.0
2025-12-10,supplier,2,receipt_fill_rate,1.0
2025-12-10,supplier,2,receipt_event_flag,0.0
2025-12-10,supplier,3,po_delay_days,0.0
2025-12-10,supplier,3,receipt_fill_rate,1.0
2025-12-10,supplier,3,receipt_event_flag,0.0
2025-12-10,supplier,4,po_delay_days,0.0
2025-12-10,supplier,4,receipt_fill_rate,1.0
2025-12-10,supplier,4,receipt_event_flag,0.0
2025-12-10,supplier,5,po_delay_days,0.0
2025-12-10,supplier,5,receipt_fill_rate,1.0
2025-12-10,supplier,5,receipt_event_flag,0.0
2025-12-10,material,101,stock,136.0
2025-12-10,material,101,days_of_cover,7.69
2025-12-10,material,101,open_po_flag,1.0
2025-12-10,material,101,reorder_triggered,0.0
2025-12-10,material,102,stock,77.0
2025-12-10,material,102,days_of_cover,14.37
2025-12-10,material,102,open_po_flag,1.0
2025-12-10,material,102,reorder_triggered,0.0
2025-12-10,material,103,stock,108.0
2025-12-10,material,103,days_of_cover,31.83
2025-12-10,material,103,open_po_flag,0.0
2025-12-10,material,103,reorder_triggered,0.0
2025-12-10,product,201,fg_stock,463.0
2025-12-10,product,201,planned_production,0.0
2025-12-10,product,201,actual_production,0.0
2025-12-10,product,201,production_shortfall,0.0
2025-12-10,product,201,demand_units,0.0
2025-12-10,product,201,due_backlog_units,0.0
2025-12-10,product,201,newly_backordered_units,0.0
2025-12-10,product,201,backorder_flag,0.0
2025-12-10,product,202,fg_stock,266.0
2025-12-10,product,202,planned_production,0.0
2025-12-10,product,202,actual_production,0.0
2025-12-10,product,202,production_shortfall,0.0
2025-12-10,product,202,demand_units,0.0
2025-12-10,product,202,due_backlog_units,0.0
2025-12-10,product,202,newly_backordered_units,0.0
2025-12-10,product,202,backorder_flag,0.0
2025-12-11,calendar,global,weekday,3.0
2025-12-11,calendar,global,month,12.0
2025-12-11,calendar,global,is_weekend,0.0
2025-12-11,supplier,1,po_delay_days,0.0
2025-12-11,supplier,1,receipt_fill_rate,1.0
2025-12-11,supplier,1,receipt_event_flag,0.0
2025-12-11,supplier,2,po_delay_days,0.0
2025-12-11,supplier,2,receipt_fill_rate,1.0
2025-12-11,supplier,2,receipt_event_flag,0.0
2025-12-11,supplier,3,po_delay_days,0.0
2025-12-11,supplier,3,receipt_fill_rate,1.0
2025-12-11,supplier,3,receipt_event_flag,0.0
2025-12-11,supplier,4,po_delay_days,0.0
2025-12-11,supplier,4,receipt_fill_rate,1.0
2025-12-11,supplier,4,receipt_event_flag,0.0
2025-12-11,supplier,5,po_delay_days,0.0
2025-12-11,supplier,5,receipt_fill_rate,1.0
2025-12-11,supplier,5,receipt_event_flag,0.0
2025-12-11,material,101,stock,136.0
2025-12-11,material,101,days_of_cover,7.69
2025-12-11,material,101,open_po_flag,1.0
2025-12-11,material,101,reorder_triggered,0.0
2025-12-11,material,102,stock,77.0
2025-12-11,material,102,days_of_cover,14.37
2025-12-11,material,102,open_po_flag,1.0
2025-12-11,material,102,reorder_triggered,0.0
2025-12-11,material,103,stock,108.0
2025-12-11,material,103,days_of_cover,31.83
2025-12-11,material,103,open_po_flag,0.0
2025-12-11,material,103,reorder_triggered,0.0
2025-12-11,product,201,fg_stock,463.0
2025-12-11,product,201,planned_production,0.0
2025-12-11,product,201,actual_production,0.0
2025-12-11,product,201,production_shortfall,0.0
2025-12-11,product,201,demand_units,36.0
2025-12-11,product,201,due_backlog_units,0.0
2025-12-11,product,201,newly_backordered_units,0.0
2025-12-11,product,201,backorder_flag,0.0
2025-12-11,product,202,fg_stock,266.0
2025-12-11,product,202,planned_production,0.0
2025-12-11,product,202,actual_production,0.0
2025-12-11,product,202,production_shortfall,0.0
2025-12-11,product,202,demand_units,13.0
2025-12-11,product,202,due_backlog_units,0.0
2025-12-11,product,202,newly_backordered_units,0.0
2025-12-11,product,202,backorder_flag,0.0
2025-12-12,calendar,global,weekday,4.0
2025-12-12,calendar,global,month,12.0
2025-12-12,calendar,global,is_weekend,0.0
2025-12-12,supplier,1,po_delay_days,0.0
2025-12-12,supplier,1,receipt_fill_rate,1.0
2025-12-12,supplier,1,receipt_event_flag,0.0
2025-12-12,supplier,2,po_delay_days,0.0
2025-12-12,supplier,2,receipt_fill_rate,1.0
2025-12-12,supplier,2,receipt_event_flag,0.0
2025-12-12,supplier,3,po_delay_days,0.0
2025-12-12,supplier,3,receipt_fill_rate,1.0
2025-12-12,supplier,3,receipt_event_flag,0.0
2025-12-12,supplier,4,po_delay_days,0.0
2025-12-12,supplier,4,receipt_fill_rate,1.0
2025-12-12,supplier,4,receipt_event_flag,0.0
2025-12-12,supplier,5,po_delay_days,0.0
2025-12-12,supplier,5,receipt_fill_rate,1.0
2025-12-12,supplier,5,receipt_event_flag,0.0
2025-12-12,material,101,stock,136.0
2025-12-12,material,101,days_of_cover,7.69
2025-12-12,material,101,open_po_flag,1.0
2025-12-12,material,101,reorder_triggered,0.0
2025-12-12,material,102,stock,77.0
2025-12-12,material,102,days_of_cover,14.37
2025-12-12,material,102,open_po_flag,1.0
2025-12-12,material,102,reorder_triggered,0.0
2025-12-12,material,103,stock,108.0
2025-12-12,material,103,days_of_cover,31.83
2025-12-12,material,103,open_po_flag,0.0
2025-12-12,material,103,reorder_triggered,0.0
2025-12-12,product,201,fg_stock,463.0
2025-12-12,product,201,planned_production,0.0
2025-12-12,product,201,actual_production,0.0
2025-12-12,product,201,production_shortfall,0.0
2025-12-12,product,201,demand_units,0.0
2025-12-12,product,201,due_backlog_units,0.0
2025-12-12,product,201,newly_backordered_units,0.0
2025-12-12,product,201,backorder_flag,0.0
2025-12-12,product,202,fg_stock,266.0
2025-12-12,product,202,planned_production,0.0
2025-12-12,product,202,actual_production,0.0
2025-12-12,product,202,production_shortfall,0.0
2025-12-12,product,202,demand_units,0.0
2025-12-12,product,202,due_backlog_units,0.0
2025-12-12,product,202,newly_backordered_units,0.0
2025-12-12,product,202,backorder_flag,0.0
2025-12-13,calendar,global,weekday,5.0
2025-12-13,calendar,global,month,12.0
2025-12-13,calendar,global,is_weekend,1.0
2025-12-13,supplier,1,po_delay_days,0.0
2025-12-13,supplier,1,receipt_fill_rate,1.0
2025-12-13,supplier,1,receipt_event_flag,0.0
2025-12-13,supplier,2,po_delay_days,0.0
2025-12-13,supplier,2,receipt_fill_rate,1.0
2025-12-13,supplier,2,receipt_event_flag,0.0
2025-12-13,supplier,3,po_delay_days,0.0
2025-12-13,supplier,3,receipt_fill_rate,1.0
2025-12-13,supplier,3,receipt_event_flag,0.0
2025-12-13,supplier,4,po_delay_days,0.0
2025-12-13,supplier,4,receipt_fill_rate,1.0
2025-12-13,supplier,4,receipt_event_flag,0.0
2025-12-13,supplier,5,po_delay_days,0.0
2025-12-13,supplier,5,receipt_fill_rate,1.0
2025-12-13,supplier,5,receipt_event_flag,0.0
2025-12-13,material,101,stock,136.0
2025-12-13,material,101,days_of_cover,7.69
2025-12-13,material,101,open_po_flag,1.0
2025-12-13,material,101,reorder_triggered,0.0
2025-12-13,material,102,stock,77.0
2025-12-13,material,102,days_of_cover,14.37
2025-12-13,material,102,open_po_flag,1.0
2025-12-13,material,102,reorder_triggered,0.0
2025-12-13,material,103,stock,108.0
2025-12-13,material,103,days_of_cover,31.83
2025-12-13,material,103,open_po_flag,0.0
2025-12-13,material,103,reorder_triggered,0.0
2025-12-13,product,201,fg_stock,463.0
2025-12-13,product,201,planned_production,0.0
2025-12-13,product,201,actual_production,0.0
2025-12-13,product,201,production_shortfall,0.0
2025-12-13,product,201,demand_units,0.0
2025-12-13,product,201,due_backlog_units,0.0
2025-12-13,product,201,newly_backordered_units,0.0
2025-12-13,product,201,backorder_flag,0.0
2025-12-13,product,202,fg_stock,266.0
2025-12-13,product,202,planned_production,0.0
2025-12-13,product,202,actual_production,0.0
2025-12-13,product,202,production_shortfall,0.0
2025-12-13,product,202,demand_units,0.0
2025-12-13,product,202,due_backlog_units,0.0
2025-12-13,product,202,newly_backordered_units,0.0
2025-12-13,product,202,backorder_flag,0.0
2025-12-14,calendar,global,weekday,6.0
2025-12-14,calendar,global,month,12.0
2025-12-14,calendar,global,is_weekend,1.0
2025-12-14,supplier,1,po_delay_days,0.0
2025-12-14,supplier,1,receipt_fill_rate,1.0
2025-12-14,supplier,1,receipt_event_flag,0.0
2025-12-14,supplier,2,po_delay_days,0.0
2025-12-14,supplier,2,receipt_fill_rate,1.0
2025-12-14,supplier,2,receipt_event_flag,0.0
2025-12-14,supplier,3,po_delay_days,0.0
2025-12-14,supplier,3,receipt_fill_rate,1.0
2025-12-14,supplier,3,receipt_event_flag,0.0
2025-12-14,supplier,4,po_delay_days,0.0
2025-12-14,supplier,4,receipt_fill_rate,1.0
2025-12-14,supplier,4,receipt_event_flag,0.0
2025-12-14,supplier,5,po_delay_days,0.0
2025-12-14,supplier,5,receipt_fill_rate,1.0
2025-12-14,supplier,5,receipt_event_flag,0.0
2025-12-14,material,101,stock,136.0
2025-12-14,material,101,days_of_cover,7.69
2025-12-14,material,101,open_po_flag,1.0
2025-12-14,material,101,reorder_triggered,0.0
2025-12-14,material,102,stock,77.0
2025-12-14,material,102,days_of_cover,14.37
2025-12-14,material,102,open_po_flag,1.0
2025-12-14,material,102,reorder_triggered,0.0
2025-12-14,material,103,stock,108.0
2025-12-14,material,103,days_of_cover,31.83
2025-12-14,material,103,open_po_flag,0.0
2025-12-14,material,103,reorder_triggered,0.0
2025-12-14,product,201,fg_stock,450.0
2025-12-14,product,201,planned_production,0.0
2025-12-14,product,201,actual_production,0.0
2025-12-14,product,201,production_shortfall,0.0
2025-12-14,product,201,demand_units,0.0
2025-12-14,product,201,due_backlog_units,0.0
2025-12-14,product,201,newly_backordered_units,0.0
2025-12-14,product,201,backorder_flag,0.0
2025-12-14,product,202,fg_stock,266.0
2025-12-14,product,202,planned_production,0.0
2025-12-14,product,202,actual_production,0.0
2025-12-14,product,202,production_shortfall,0.0
2025-12-14,product,202,demand_units,0.0
2025-12-14,product,202,due_backlog_units,0.0
2025-12-14,product,202,newly_backordered_units,0.0
2025-12-14,product,202,backorder_flag,0.0
2025-12-15,calendar,global,weekday,0.0
2025-12-15,calendar,global,month,12.0
2025-12-15,calendar,global,is_weekend,0.0
2025-12-15,supplier,1,po_delay_days,0.0
2025-12-15,supplier,1,receipt_fill_rate,1.0
2025-12-15,supplier,1,receipt_event_flag,0.0
2025-12-15,supplier,2,po_delay_days,0.0
2025-12-15,supplier,2,receipt_fill_rate,1.0
2025-12-15,supplier,2,receipt_event_flag,0.0
2025-12-15,supplier,3,po_delay_days,0.0
2025-12-15,supplier,3,receipt_fill_rate,1.0
2025-12-15,supplier,3,receipt_event_flag,0.0
2025-12-15,supplier,4,po_delay_days,0.0
2025-12-15,supplier,4,receipt_fill_rate,1.0
2025-12-15,supplier,4,receipt_event_flag,0.0
2025-12-15,supplier,5,po_delay_days,0.0
2025-12-15,supplier,5,receipt_fill_rate,1.0
2025-12-15,supplier,5,receipt_event_flag,0.0
2025-12-15,material,101,stock,136.0
2025-12-15,material,101,days_of_cover,7.69
2025-12-15,material,101,open_po_flag,1.0
2025-12-15,material,101,reorder_triggered,0.0
2025-12-15,material,102,stock,77.0
2025-12-15,material,102,days_of_cover,14.37
2025-12-15,material,102,open_po_flag,1.0
2025-12-15,material,102,reorder_triggered,0.0
2025-12-15,material,103,stock,108.0
2025-12-15,material,103,days_of_cover,31.83
2025-12-15,material,103,open_po_flag,0.0
2025-12-15,material,103,reorder_triggered,0.0
2025-12-15,product,201,fg_stock,427.0
2025-12-15,product,201,planned_production,0.0
2025-12-15,product,201,actual_production,0.0
2025-12-15,product,201,production_shortfall,0.0
2025-12-15,product,201,demand_units,0.0
2025-12-15,product,201,due_backlog_units,0.0
2025-12-15,product,201,newly_backordered_units,0.0
2025-12-15,product,201,backorder_flag,0.0
2025-12-15,product,202,fg_stock,266.0
2025-12-15,product,202,planned_production,0.0
2025-12-15,product,202,actual_production,0.0
2025-12-15,product,202,production_shortfall,0.0
2025-12-15,product,202,demand_units,0.0
2025-12-15,product,202,due_backlog_units,0.0
2025-12-15,product,202,newly_backordered_units,0.0
2025-12-15,product,202,backorder_flag,0.0
2025-12-16,calendar,global,weekday,1.0
2025-12-16,calendar,global,month,12.0
2025-12-16,calendar,global,is_weekend,0.0
2025-12-16,supplier,1,po_delay_days,0.0
2025-12-16,supplier,1,receipt_fill_rate,1.0
2025-12-16,supplier,1,receipt_event_flag,0.0
2025-12-16,supplier,2,po_delay_days,0.0
2025-12-16,supplier,2,receipt_fill_rate,1.0
2025-12-16,supplier,2,receipt_event_flag,0.0
2025-12-16,supplier,3,po_delay_days,0.0
2025-12-16,supplier,3,receipt_fill_rate,1.0
2025-12-16,supplier,3,receipt_event_flag,0.0
2025-12-16,supplier,4,po_delay_days,0.0
2025-12-16,supplier,4,receipt_fill_rate,1.0
2025-12-16,supplier,4,receipt_event_flag,0.0
2025-12-16,supplier,5,po_delay_days,0.0
2025-12-16,supplier,5,receipt_fill_rate,1.0
2025-12-16,supplier,5,receipt_event_flag,0.0
2025-12-16,material,101,stock,136.0
2025-12-16,material,101,days_of_cover,7.69
2025-12-16,material,101,open_po_flag,1.0
2025-12-16,material,101,reorder_triggered,0.0
2025-12-16,material,102,stock,77.0
2025-12-16,material,102,days_of_cover,14.37
2025-12-16,material,102,open_po_flag,1.0
2025-12-16,material,102,reorder_triggered,0.0
2025-12-16,material,103,stock,108.0
2025-12-16,material,103,days_of_cover,31.83
2025-12-16,material,103,open_po_flag,0.0
2025-12-16,material,103,reorder_triggered,0.0
2025-12-16,product,201,fg_stock,427.0
2025-12-16,product,201,planned_production,0.0
2025-12-16,product,201,actual_production,0.0
2025-12-16,product,201,production_shortfall,0.0
2025-12-16,product,201,demand_units,0.0
2025-12-16,product,201,due_backlog_units,0.0
2025-12-16,product,201,newly_backordered_units,0.0
2025-12-16,product,201,backorder_flag,0.0
2025-12-16,product,202,fg_stock,266.0
2025-12-16,product,202,planned_production,0.0
2025-12-16,product,202,actual_production,0.0
2025-12-16,product,202,production_shortfall,0.0
2025-12-16,product,202,demand_units,0.0
2025-12-16,product,202,due_backlog_units,0.0
2025-12-16,product,202,newly_backordered_units,0.0
2025-12-16,product,202,backorder_flag,0.0
2025-12-17,calendar,global,weekday,2.0
2025-12-17,calendar,global,month,12.0
2025-12-17,calendar,global,is_weekend,0.0
2025-12-17,supplier,1,po_delay_days,0.0
2025-12-17,supplier,1,receipt_fill_rate,1.0
2025-12-17,supplier,1,receipt_event_flag,0.0
2025-12-17,supplier,2,po_delay_days,0.0
2025-12-17,supplier,2,receipt_fill_rate,1.0
2025-12-17,supplier,2,receipt_event_flag,0.0
2025-12-17,supplier,3,po_delay_days,0.0
2025-12-17,supplier,3,receipt_fill_rate,1.0
2025-12-17,supplier,3,receipt_event_flag,0.0
2025-12-17,supplier,4,po_delay_days,0.0
2025-12-17,supplier,4,receipt_fill_rate,1.0
2025-12-17,supplier,4,receipt_event_flag,0.0
2025-12-17,supplier,5,po_delay_days,0.0
2025-12-17,supplier,5,receipt_fill_rate,1.0
2025-12-17,supplier,5,receipt_event_flag,0.0
2025-12-17,material,101,stock,37.0
2025-12-17,material,101,days_of_cover,2.09
2025-12-17,material,101,open_po_flag,1.0
2025-12-17,material,101,reorder_triggered,0.0
2025-12-17,material,102,stock,47.0
2025-12-17,material,102,days_of_cover,8.77
2025-12-17,material,102,open_po_flag,1.0
2025-12-17,material,102,reorder_triggered,0.0
2025-12-17,material,103,stock,89.0
2025-12-17,material,103,days_of_cover,26.23
2025-12-17,material,103,open_po_flag,1.0
2025-12-17,material,103,reorder_triggered,1.0
2025-12-17,product,201,fg_stock,457.0
2025-12-17,product,201,planned_production,30.0
2025-12-17,product,201,actual_production,30.0
2025-12-17,product,201,production_shortfall,0.0
2025-12-17,product,201,demand_units,17.0
2025-12-17,product,201,due_backlog_units,0.0
2025-12-17,product,201,newly_backordered_units,0.0
2025-12-17,product,201,backorder_flag,0.0
2025-12-17,product,202,fg_stock,286.0
2025-12-17,product,202,planned_production,20.0
2025-12-17,product,202,actual_production,20.0
2025-12-17,product,202,production_shortfall,0.0
2025-12-17,product,202,demand_units,0.0
2025-12-17,product,202,due_backlog_units,0.0
2025-12-17,product,202,newly_backordered_units,0.0
2025-12-17,product,202,backorder_flag,0.0
2025-12-18,calendar,global,weekday,3.0
2025-12-18,calendar,global,month,12.0
2025-12-18,calendar,global,is_weekend,0.0
2025-12-18,supplier,1,po_delay_days,0.0
2025-12-18,supplier,1,receipt_fill_rate,1.0
2025-12-18,supplier,1,receipt_event_flag,0.0
2025-12-18,supplier,2,po_delay_days,0.0
2025-12-18,supplier,2,receipt_fill_rate,1.0
2025-12-18,supplier,2,receipt_event_flag,0.0
2025-12-18,supplier,3,po_delay_days,0.0
2025-12-18,supplier,3,receipt_fill_rate,1.0
2025-12-18,supplier,3,receipt_event_flag,0.0
2025-12-18,supplier,4,po_delay_days,1.0
2025-12-18,supplier,4,receipt_fill_rate,1.0
2025-12-18,supplier,4,receipt_event_flag,0.0
2025-12-18,supplier,5,po_delay_days,0.0
2025-12-18,supplier,5,receipt_fill_rate,1.0
2025-12-18,supplier,5,receipt_event_flag,0.0
2025-12-18,material,101,stock,13.0
2025-12-18,material,101,days_of_cover,0.61
2025-12-18,material,101,open_po_flag,1.0
2025-12-18,material,101,reorder_triggered,0.0
2025-12-18,material,102,stock,47.0
2025-12-18,material,102,days_of_cover,7.31
2025-12-18,material,102,open_po_flag,1.0
2025-12-18,material,102,reorder_triggered,0.0
2025-12-18,material,103,stock,79.0
2025-12-18,material,103,days_of_cover,19.4
2025-12-18,material,103,open_po_flag,1.0
2025-12-18,material,103,reorder_triggered,0.0
2025-12-18,product,201,fg_stock,457.0
2025-12-18,product,201,planned_production,30.0
2025-12-18,product,201,actual_production,0.0
2025-12-18,product,201,production_shortfall,30.0
2025-12-18,product,201,demand_units,12.0
2025-12-18,product,201,due_backlog_units,0.0
2025-12-18,product,201,newly_backordered_units,0.0
2025-12-18,product,201,backorder_flag,0.0
2025-12-18,product,202,fg_stock,306.0
2025-12-18,product,202,planned_production,20.0
2025-12-18,product,202,actual_production,20.0
2025-12-18,product,202,production_shortfall,0.0
2025-12-18,product,202,demand_units,0.0
2025-12-18,product,202,due_backlog_units,0.0
2025-12-18,product,202,newly_backordered_units,0.0
2025-12-18,product,202,backorder_flag,0.0
2025-12-19,calendar,global,weekday,4.0
2025-12-19,calendar,global,month,12.0
2025-12-19,calendar,global,is_weekend,0.0
2025-12-19,supplier,1,po_delay_days,0.0
2025-12-19,supplier,1,receipt_fill_rate,1.0
2025-12-19,supplier,1,receipt_event_flag,0.0
2025-12-19,supplier,2,po_delay_days,0.0
2025-12-19,supplier,2,receipt_fill_rate,1.0
2025-12-19,supplier,2,receipt_event_flag,0.0
2025-12-19,supplier,3,po_delay_days,1.0
2025-12-19,supplier,3,receipt_fill_rate,1.0
2025-12-19,supplier,3,receipt_event_flag,1.0
2025-12-19,supplier,4,po_delay_days,2.0
2025-12-19,supplier,4,receipt_fill_rate,1.0
2025-12-19,supplier,4,receipt_event_flag,0.0
2025-12-19,supplier,5,po_delay_days,0.0
2025-12-19,supplier,5,receipt_fill_rate,1.0
2025-12-19,supplier,5,receipt_event_flag,0.0
2025-12-19,material,101,stock,13.0
2025-12-19,material,101,days_of_cover,0.74
2025-12-19,material,101,open_po_flag,1.0
2025-12-19,material,101,reorder_triggered,0.0
2025-12-19,material,102,stock,325.0
2025-12-19,material,102,days_of_cover,60.67
2025-12-19,material,102,open_po_flag,0.0
2025-12-19,material,102,reorder_triggered,0.0
2025-12-19,material,103,stock,79.0
2025-12-19,material,103,days_of_cover,23.28
2025-12-19,material,103,open_po_flag,1.0
2025-12-19,material,103,reorder_triggered,0.0
2025-12-19,product,201,fg_stock,457.0
2025-12-19,product,201,planned_production,0.0
2025-12-19,product,201,actual_production,0.0
2025-12-19,product,201,production_shortfall,0.0
2025-12-19,product,201,demand_units,0.0
2025-12-19,product,201,due_backlog_units,0.0
2025-12-19,product,201,newly_backordered_units,0.0
2025-12-19,product,201,backorder_flag,0.0
2025-12-19,product,202,fg_stock,293.0
2025-12-19,product,202,planned_production,0.0
2025-12-19,product,202,actual_production,0.0
2025-12-19,product,202,production_shortfall,0.0
2025-12-19,product,202,demand_units,0.0
2025-12-19,product,202,due_backlog_units,0.0
2025-12-19,product,202,newly_backordered_units,0.0
2025-12-19,product,202,backorder_flag,0.0
2025-12-20,calendar,global,weekday,5.0
2025-12-20,calendar,global,month,12.0
2025-12-20,calendar,global,is_weekend,1.0
2025-12-20,supplier,1,po_delay_days,0.0
2025-12-20,supplier,1,receipt_fill_rate,1.0
2025-12-20,supplier,1,receipt_event_flag,0.0
2025-12-20,supplier,2,po_delay_days,0.0
2025-12-20,supplier,2,receipt_fill_rate,1.0
2025-12-20,supplier,2,receipt_event_flag,0.0
2025-12-20,supplier,3,po_delay_days,0.0
2025-12-20,supplier,3,receipt_fill_rate,1.0
2025-12-20,supplier,3,receipt_event_flag,0.0
2025-12-20,supplier,4,po_delay_days,3.0
2025-12-20,supplier,4,receipt_fill_rate,1.0
2025-12-20,supplier,4,receipt_event_flag,0.0
2025-12-20,supplier,5,po_delay_days,0.0
2025-12-20,supplier,5,receipt_fill_rate,1.0
2025-12-20,supplier,5,receipt_event_flag,0.0
2025-12-20,material,101,stock,13.0
2025-12-20,material,101,days_of_cover,0.74
2025-12-20,material,101,open_po_flag,1.0
2025-12-20,material,101,reorder_triggered,0.0
2025-12-20,material,102,stock,325.0
2025-12-20,material,102,days_of_cover,60.67
2025-12-20,material,102,open_po_flag,0.0
2025-12-20,material,102,reorder_triggered,0.0
2025-12-20,material,103,stock,79.0
2025-12-20,material,103,days_of_cover,23.28
2025-12-20,material,103,open_po_flag,1.0
2025-12-20,material,103,reorder_triggered,0.0
2025-12-20,product,201,fg_stock,457.0
2025-12-20,product,201,planned_production,0.0
2025-12-20,product,201,actual_production,0.0
2025-12-20,product,201,production_shortfall,0.0
2025-12-20,product,201,demand_units,0.0
2025-12-20,product,201,due_backlog_units,0.0
2025-12-20,product,201,newly_backordered_units,0.0
2025-12-20,product,201,backorder_flag,0.0
2025-12-20,product,202,fg_stock,293.0
2025-12-20,product,202,planned_production,0.0
2025-12-20,product,202,actual_production,0.0
2025-12-20,product,202,production_shortfall,0.0
2025-12-20,product,202,demand_units,0.0
2025-12-20,product,202,due_backlog_units,0.0
2025-12-20,product,202,newly_backordered_units,0.0
2025-12-20,product,202,backorder_flag,0.0
2025-12-21,calendar,global,weekday,6.0
2025-12-21,calendar,global,month,12.0
2025-12-21,calendar,global,is_weekend,1.0
2025-12-21,supplier,1,po_delay_days,0.0
2025-12-21,supplier,1,receipt_fill_rate,1.0
2025-12-21,supplier,1,receipt_event_flag,0.0
2025-12-21,supplier,2,po_delay_days,0.0
2025-12-21,supplier,2,receipt_fill_rate,1.0
2025-12-21,supplier,2,receipt_event_flag,0.0
2025-12-21,supplier,3,po_delay_days,0.0
2025-12-21,supplier,3,receipt_fill_rate,1.0
2025-12-21,supplier,3,receipt_event_flag,0.0
2025-12-21,supplier,4,po_delay_days,4.0
2025-12-21,supplier,4,receipt_fill_rate,1.0
2025-12-21,supplier,4,receipt_event_flag,0.0
2025-12-21,supplier,5,po_delay_days,0.0
2025-12-21,supplier,5,receipt_fill_rate,1.0
2025-12-21,supplier,5,receipt_event_flag,0.0
2025-12-21,material,101,stock,13.0
2025-12-21,material,101,days_of_cover,0.74
2025-12-21,material,101,open_po_flag,1.0
2025-12-21,material,101,reorder_triggered,0.0
2025-12-21,material,102,stock,325.0
2025-12-21,material,102,days_of_cover,60.67
2025-12-21,material,102,open_po_flag,0.0
2025-12-21,material,102,reorder_triggered,0.0
2025-12-21,material,103,stock,79.0
2025-12-21,material,103,days_of_cover,23.28
2025-12-21,material,103,open_po_flag,1.0
2025-12-21,material,103,reorder_triggered,0.0
2025-12-21,product,201,fg_stock,457.0
2025-12-21,product,201,planned_production,0.0
2025-12-21,product,201,actual_production,0.0
2025-12-21,product,201,production_shortfall,0.0
2025-12-21,product,201,demand_units,0.0
2025-12-21,product,201,due_backlog_units,0.0
2025-12-21,product,201,newly_backordered_units,0.0
2025-12-21,product,201,backorder_flag,0.0
2025-12-21,product,202,fg_stock,293.0
2025-12-21,product,202,planned_production,0.0
2025-12-21,product,202,actual_production,0.0
2025-12-21,product,202,production_shortfall,0.0
2025-12-21,product,202,demand_units,0.0
2025-12-21,product,202,due_backlog_units,0.0
2025-12-21,product,202,newly_backordered_units,0.0
2025-12-21,product,202,backorder_flag,0.0
2025-12-22,calendar,global,weekday,0.0
2025-12-22,calendar,global,month,12.0
2025-12-22,calendar,global,is_weekend,0.0
2025-12-22,supplier,1,po_delay_days,0.0
2025-12-22,supplier,1,receipt_fill_rate,1.0
2025-12-22,supplier,1,receipt_event_flag,0.0
2025-12-22,supplier,2,po_delay_days,0.0
2025-12-22,supplier,2,receipt_fill_rate,1.0
2025-12-22,supplier,2,receipt_event_flag,0.0
2025-12-22,supplier,3,po_delay_days,0.0
2025-12-22,supplier,3,receipt_fill_rate,1.0
2025-12-22,supplier,3,receipt_event_flag,0.0
2025-12-22,supplier,4,po_delay_days,5.0
2025-12-22,supplier,4,receipt_fill_rate,1.0
2025-12-22,supplier,4,receipt_event_flag,0.0
2025-12-22,supplier,5,po_delay_days,0.0
2025-12-22,supplier,5,receipt_fill_rate,1.0
2025-12-22,supplier,5,receipt_event_flag,0.0
2025-12-22,material,101,stock,13.0
2025-12-22,material,101,days_of_cover,0.74
2025-12-22,material,101,open_po_flag,1.0
2025-12-22,material,101,reorder_triggered,0.0
2025-12-22,material,102,stock,325.0
2025-12-22,material,102,days_of_cover,60.67
2025-12-22,material,102,open_po_flag,0.0
2025-12-22,material,102,reorder_triggered,0.0
2025-12-22,material,103,stock,79.0
2025-12-22,material,103,days_of_cover,23.28
2025-12-22,material,103,open_po_flag,1.0
2025-12-22,material,103,reorder_triggered,0.0
2025-12-22,product,201,fg_stock,457.0
2025-12-22,product,201,planned_production,0.0
2025-12-22,product,201,actual_production,0.0
2025-12-22,product,201,production_shortfall,0.0
2025-12-22,product,201,demand_units,46.0
2025-12-22,product,201,due_backlog_units,0.0
2025-12-22,product,201,newly_backordered_units,0.0
2025-12-22,product,201,backorder_flag,0.0
2025-12-22,product,202,fg_stock,293.0
2025-12-22,product,202,planned_production,0.0
2025-12-22,product,202,actual_production,0.0
2025-12-22,product,202,production_shortfall,0.0
2025-12-22,product,202,demand_units,0.0
2025-12-22,product,202,due_backlog_units,0.0
2025-12-22,product,202,newly_backordered_units,0.0
2025-12-22,product,202,backorder_flag,0.0
2025-12-23,calendar,global,weekday,1.0
2025-12-23,calendar,global,month,12.0
2025-12-23,calendar,global,is_weekend,0.0
2025-12-23,supplier,1,po_delay_days,0.0
2025-12-23,supplier,1,receipt_fill_rate,1.0
2025-12-23,supplier,1,receipt_event_flag,0.0
2025-12-23,supplier,2,po_delay_days,0.0
2025-12-23,supplier,2,receipt_fill_rate,1.0
2025-12-23,supplier,2,receipt_event_flag,0.0
2025-12-23,supplier,3,po_delay_days,0.0
2025-12-23,supplier,3,receipt_fill_rate,1.0
2025-12-23,supplier,3,receipt_event_flag,0.0
2025-12-23,supplier,4,po_delay_days,6.0
2025-12-23,supplier,4,receipt_fill_rate,0.7309
2025-12-23,supplier,4,receipt_event_flag,1.0
2025-12-23,supplier,5,po_delay_days,0.0
2025-12-23,supplier,5,receipt_fill_rate,1.0
2025-12-23,supplier,5,receipt_event_flag,0.0
2025-12-23,material,101,stock,210.0
2025-12-23,material,101,days_of_cover,9.9
2025-12-23,material,101,open_po_flag,1.0
2025-12-23,material,101,reorder_triggered,0.0
2025-12-23,material,102,stock,295.0
2025-12-23,material,102,days_of_cover,45.89
2025-12-23,material,102,open_po_flag,0.0
2025-12-23,material,102,reorder_triggered,0.0
2025-12-23,material,103,stock,60.0
2025-12-23,material,103,days_of_cover,14.74
2025-12-23,material,103,open_po_flag,1.0
2025-12-23,material,103,reorder_triggered,0.0
2025-12-23,product,201,fg_stock,475.0
2025-12-23,product,201,planned_production,30.0
2025-12-23,product,201,actual_production,30.0
2025-12-23,product,201,production_shortfall,0.0
2025-12-23,product,201,demand_units,0.0
2025-12-23,product,201,due_backlog_units,0.0
2025-12-23,product,201,newly_backordered_units,0.0
2025-12-23,product,201,backorder_flag,0.0
2025-12-23,product,202,fg_stock,313.0
2025-12-23,product,202,planned_production,20.0
2025-12-23,product,202,actual_production,20.0
2025-12-23,product,202,production_shortfall,0.0
2025-12-23,product,202,demand_units,15.0
2025-12-23,product,202,due_backlog_units,0.0
2025-12-23,product,202,newly_backordered_units,0.0
2025-12-23,product,202,backorder_flag,0.0
2025-12-24,calendar,global,weekday,2.0
2025-12-24,calendar,global,month,12.0
2025-12-24,calendar,global,is_weekend,0.0
2025-12-24,supplier,1,po_delay_days,0.0
2025-12-24,supplier,1,receipt_fill_rate,1.0
2025-12-24,supplier,1,receipt_event_flag,0.0
2025-12-24,supplier,2,po_delay_days,0.0
2025-12-24,supplier,2,receipt_fill_rate,1.0
2025-12-24,supplier,2,receipt_event_flag,0.0
2025-12-24,supplier,3,po_delay_days,0.0
2025-12-24,supplier,3,receipt_fill_rate,1.0
2025-12-24,supplier,3,receipt_event_flag,0.0
2025-12-24,supplier,4,po_delay_days,7.0
2025-12-24,supplier,4,receipt_fill_rate,1.0
2025-12-24,supplier,4,receipt_event_flag,0.0
2025-12-24,supplier,5,po_delay_days,0.0
2025-12-24,supplier,5,receipt_fill_rate,1.0
2025-12-24,supplier,5,receipt_event_flag,0.0
2025-12-24,material,101,stock,111.0
2025-12-24,material,101,days_of_cover,4.48
2025-12-24,material,101,open_po_flag,1.0
2025-12-24,material,101,reorder_triggered,0.0
2025-12-24,material,102,stock,265.0
2025-12-24,material,102,days_of_cover,35.33
2025-12-24,material,102,open_po_flag,0.0
2025-12-24,material,102,reorder_triggered,0.0
2025-12-24,material,103,stock,41.0
2025-12-24,material,103,days_of_cover,8.63
2025-12-24,material,103,open_po_flag,1.0
2025-12-24,material,103,reorder_triggered,0.0
2025-12-24,product,201,fg_stock,505.0
2025-12-24,product,201,planned_production,30.0
2025-12-24,product,201,actual_production,30.0
2025-12-24,product,201,production_shortfall,0.0
2025-12-24,product,201,demand_units,23.0
2025-12-24,product,201,due_backlog_units,0.0
2025-12-24,product,201,newly_backordered_units,0.0
2025-12-24,product,201,backorder_flag,0.0
2025-12-24,product,202,fg_stock,333.0
2025-12-24,product,202,planned_production,20.0
2025-12-24,product,202,actual_production,20.0
2025-12-24,product,202,production_shortfall,0.0
2025-12-24,product,202,demand_units,11.0
2025-12-24,product,202,due_backlog_units,0.0
2025-12-24,product,202,newly_backordered_units,0.0
2025-12-24,product,202,backorder_flag,0.0
2025-12-25,calendar,global,weekday,3.0
2025-12-25,calendar,global,month,12.0
2025-12-25,calendar,global,is_weekend,0.0
2025-12-25,supplier,1,po_delay_days,0.0
2025-12-25,supplier,1,receipt_fill_rate,1.0
2025-12-25,supplier,1,receipt_event_flag,0.0
2025-12-25,supplier,2,po_delay_days,0.0
2025-12-25,supplier,2,receipt_fill_rate,1.0
2025-12-25,supplier,2,receipt_event_flag,0.0
2025-12-25,supplier,3,po_delay_days,0.0
2025-12-25,supplier,3,receipt_fill_rate,1.0
2025-12-25,supplier,3,receipt_event_flag,0.0
2025-12-25,supplier,4,po_delay_days,8.0
2025-12-25,supplier,4,receipt_fill_rate,1.0
2025-12-25,supplier,4,receipt_event_flag,1.0
2025-12-25,supplier,5,po_delay_days,0.0
2025-12-25,supplier,5,receipt_fill_rate,1.0
2025-12-25,supplier,5,receipt_event_flag,0.0
2025-12-25,material,101,stock,220.0
2025-12-25,material,101,days_of_cover,8.89
2025-12-25,material,101,open_po_flag,0.0
2025-12-25,material,101,reorder_triggered,0.0
2025-12-25,material,102,stock,265.0
2025-12-25,material,102,days_of_cover,35.33
2025-12-25,material,102,open_po_flag,0.0
2025-12-25,material,102,reorder_triggered,0.0
2025-12-25,material,103,stock,41.0
2025-12-25,material,103,days_of_cover,8.63
2025-12-25,material,103,open_po_flag,1.0
2025-12-25,material,103,reorder_triggered,0.0
2025-12-25,product,201,fg_stock,505.0
2025-12-25,product,201,planned_production,0.0
2025-12-25,product,201,actual_production,0.0
2025-12-25,product,201,production_shortfall,0.0
2025-12-25,product,201,demand_units,15.0
2025-12-25,product,201,due_backlog_units,0.0
2025-12-25,product,201,newly_backordered_units,0.0
2025-12-25,product,201,backorder_flag,0.0
2025-12-25,product,202,fg_stock,333.0
2025-12-25,product,202,planned_production,0.0
2025-12-25,product,202,actual_production,0.0
2025-12-25,product,202,production_shortfall,0.0
2025-12-25,product,202,demand_units,21.0
2025-12-25,product,202,due_backlog_units,0.0
2025-12-25,product,202,newly_backordered_units,0.0
2025-12-25,product,202,backorder_flag,0.0
2025-12-26,calendar,global,weekday,4.0
2025-12-26,calendar,global,month,12.0
2025-12-26,calendar,global,is_weekend,0.0
2025-12-26,supplier,1,po_delay_days,0.0
2025-12-26,supplier,1,receipt_fill_rate,1.0
2025-12-26,supplier,1,receipt_event_flag,0.0
2025-12-26,supplier,2,po_delay_days,0.0
2025-12-26,supplier,2,receipt_fill_rate,1.0
2025-12-26,supplier,2,receipt_event_flag,0.0
2025-12-26,supplier,3,po_delay_days,0.0
2025-12-26,supplier,3,receipt_fill_rate,1.0
2025-12-26,supplier,3,receipt_event_flag,0.0
2025-12-26,supplier,4,po_delay_days,0.0
2025-12-26,supplier,4,receipt_fill_rate,1.0
2025-12-26,supplier,4,receipt_event_flag,0.0
2025-12-26,supplier,5,po_delay_days,0.0
2025-12-26,supplier,5,receipt_fill_rate,1.0
2025-12-26,supplier,5,receipt_event_flag,0.0
2025-12-26,material,101,stock,146.0
2025-12-26,material,101,days_of_cover,5.16
2025-12-26,material,101,open_po_flag,1.0
2025-12-26,material,101,reorder_triggered,1.0
2025-12-26,material,102,stock,245.0
2025-12-26,material,102,days_of_cover,28.58
2025-12-26,material,102,open_po_flag,0.0
2025-12-26,material,102,reorder_triggered,0.0
2025-12-26,material,103,stock,25.0
2025-12-26,material,103,days_of_cover,4.61
2025-12-26,material,103,open_po_flag,1.0
2025-12-26,material,103,reorder_triggered,0.0
2025-12-26,product,201,fg_stock,495.0
2025-12-26,product,201,planned_production,30.0
2025-12-26,product,201,actual_production,20.0
2025-12-26,product,201,production_shortfall,10.0
2025-12-26,product,201,demand_units,22.0
2025-12-26,product,201,due_backlog_units,0.0
2025-12-26,product,201,newly_backordered_units,0.0
2025-12-26,product,201,backorder_flag,0.0
2025-12-26,product,202,fg_stock,353.0
2025-12-26,product,202,planned_production,20.0
2025-12-26,product,202,actual_production,20.0
2025-12-26,product,202,production_shortfall,0.0
2025-12-26,product,202,demand_units,0.0
2025-12-26,product,202,due_backlog_units,0.0
2025-12-26,product,202,newly_backordered_units,0.0
2025-12-26,product,202,backorder_flag,0.0
2025-12-27,calendar,global,weekday,5.0
2025-12-27,calendar,global,month,12.0
2025-12-27,calendar,global,is_weekend,1.0
2025-12-27,supplier,1,po_delay_days,0.0
2025-12-27,supplier,1,receipt_fill_rate,1.0
2025-12-27,supplier,1,receipt_event_flag,0.0
2025-12-27,supplier,2,po_delay_days,0.0
2025-12-27,supplier,2,receipt_fill_rate,1.0
2025-12-27,supplier,2,receipt_event_flag,0.0
2025-12-27,supplier,3,po_delay_days,0.0
2025-12-27,supplier,3,receipt_fill_rate,1.0
2025-12-27,supplier,3,receipt_event_flag,0.0
2025-12-27,supplier,4,po_delay_days,0.0
2025-12-27,supplier,4,receipt_fill_rate,1.0
2025-12-27,supplier,4,receipt_event_flag,0.0
2025-12-27,supplier,5,po_delay_days,0.0
2025-12-27,supplier,5,receipt_fill_rate,1.0
2025-12-27,supplier,5,receipt_event_flag,0.0
2025-12-27,material,101,stock,146.0
2025-12-27,material,101,days_of_cover,5.16
2025-12-27,material,101,open_po_flag,1.0
2025-12-27,material,101,reorder_triggered,0.0
2025-12-27,material,102,stock,245.0
2025-12-27,material,102,days_of_cover,28.58
2025-12-27,material,102,open_po_flag,0.0
2025-12-27,material,102,reorder_triggered,0.0
2025-12-27,material,103,stock,25.0
2025-12-27,material,103,days_of_cover,4.61
2025-12-27,material,103,open_po_flag,1.0
2025-12-27,material,103,reorder_triggered,0.0
2025-12-27,product,201,fg_stock,472.0
2025-12-27,product,201,planned_production,0.0
2025-12-27,product,201,actual_production,0.0
2025-12-27,product,201,production_shortfall,0.0
2025-12-27,product,201,demand_units,0.0
2025-12-27,product,201,due_backlog_units,0.0
2025-12-27,product,201,newly_backordered_units,0.0
2025-12-27,product,201,backorder_flag,0.0
2025-12-27,product,202,fg_stock,353.0
2025-12-27,product,202,planned_production,0.0
2025-12-27,product,202,actual_production,0.0
2025-12-27,product,202,production_shortfall,0.0
2025-12-27,product,202,demand_units,0.0
2025-12-27,product,202,due_backlog_units,0.0
2025-12-27,product,202,newly_backordered_units,0.0
2025-12-27,product,202,backorder_flag,0.0
2025-12-28,calendar,global,weekday,6.0
2025-12-28,calendar,global,month,12.0
2025-12-28,calendar,global,is_weekend,1.0
2025-12-28,supplier,1,po_delay_days,0.0
2025-12-28,supplier,1,receipt_fill_rate,1.0
2025-12-28,supplier,1,receipt_event_flag,0.0
2025-12-28,supplier,2,po_delay_days,0.0
2025-12-28,supplier,2,receipt_fill_rate,1.0
2025-12-28,supplier,2,receipt_event_flag,0.0
2025-12-28,supplier,3,po_delay_days,0.0
2025-12-28,supplier,3,receipt_fill_rate,1.0
2025-12-28,supplier,3,receipt_event_flag,0.0
2025-12-28,supplier,4,po_delay_days,0.0
2025-12-28,supplier,4,receipt_fill_rate,1.0
2025-12-28,supplier,4,receipt_event_flag,0.0
2025-12-28,supplier,5,po_delay_days,0.0
2025-12-28,supplier,5,receipt_fill_rate,1.0
2025-12-28,supplier,5,receipt_event_flag,1.0
2025-12-28,material,101,stock,146.0
2025-12-28,material,101,days_of_cover,5.16
2025-12-28,material,101,open_po_flag,1.0
2025-12-28,material,101,reorder_triggered,0.0
2025-12-28,material,102,stock,245.0
2025-12-28,material,102,days_of_cover,28.58
2025-12-28,material,102,open_po_flag,0.0
2025-12-28,material,102,reorder_triggered,0.0
2025-12-28,material,103,stock,201.0
2025-12-28,material,103,days_of_cover,37.03
2025-12-28,material,103,open_po_flag,0.0
2025-12-28,material,103,reorder_triggered,0.0
2025-12-28,product,201,fg_stock,460.0
2025-12-28,product,201,planned_production,0.0
2025-12-28,product,201,actual_production,0.0
2025-12-28,product,201,production_shortfall,0.0
2025-12-28,product,201,demand_units,0.0
2025-12-28,product,201,due_backlog_units,0.0
2025-12-28,product,201,newly_backordered_units,0.0
2025-12-28,product,201,backorder_flag,0.0
2025-12-28,product,202,fg_stock,353.0
2025-12-28,product,202,planned_production,0.0
2025-12-28,product,202,actual_production,0.0
2025-12-28,product,202,production_shortfall,0.0
2025-12-28,product,202,demand_units,0.0
2025-12-28,product,202,due_backlog_units,0.0
2025-12-28,product,202,newly_backordered_units,0.0
2025-12-28,product,202,backorder_flag,0.0
2025-12-29,calendar,global,weekday,0.0
2025-12-29,calendar,global,month,12.0
2025-12-29,calendar,global,is_weekend,0.0
2025-12-29,supplier,1,po_delay_days,0.0
2025-12-29,supplier,1,receipt_fill_rate,1.0
2025-12-29,supplier,1,receipt_event_flag,0.0
2025-12-29,supplier,2,po_delay_days,0.0
2025-12-29,supplier,2,receipt_fill_rate,1.0
2025-12-29,supplier,2,receipt_event_flag,0.0
2025-12-29,supplier,3,po_delay_days,0.0
2025-12-29,supplier,3,receipt_fill_rate,1.0
2025-12-29,supplier,3,receipt_event_flag,0.0
2025-12-29,supplier,4,po_delay_days,0.0
2025-12-29,supplier,4,receipt_fill_rate,1.0
2025-12-29,supplier,4,receipt_event_flag,0.0
2025-12-29,supplier,5,po_delay_days,0.0
2025-12-29,supplier,5,receipt_fill_rate,1.0
2025-12-29,supplier,5,receipt_event_flag,0.0
2025-12-29,material,101,stock,146.0
2025-12-29,material,101,days_of_cover,5.9
2025-12-29,material,101,open_po_flag,1.0
2025-12-29,material,101,reorder_triggered,0.0
2025-12-29,material,102,stock,245.0
2025-12-29,material,102,days_of_cover,32.67
2025-12-29,material,102,open_po_flag,0.0
2025-12-29,material,102,reorder_triggered,0.0
2025-12-29,material,103,stock,201.0
2025-12-29,material,103,days_of_cover,42.32
2025-12-29,material,103,open_po_flag,0.0
2025-12-29,material,103,reorder_triggered,0.0
2025-12-29,product,201,fg_stock,424.0
2025-12-29,product,201,planned_production,0.0
2025-12-29,product,201,actual_production,0.0
2025-12-29,product,201,production_shortfall,0.0
2025-12-29,product,201,demand_units,0.0
2025-12-29,product,201,due_backlog_units,0.0
2025-12-29,product,201,newly_backordered_units,0.0
2025-12-29,product,201,backorder_flag,0.0
2025-12-29,product,202,fg_stock,327.0
2025-12-29,product,202,planned_production,0.0
2025-12-29,product,202,actual_production,0.0
2025-12-29,product,202,production_shortfall,0.0
2025-12-29,product,202,demand_units,35.0
2025-12-29,product,202,due_backlog_units,0.0
2025-12-29,product,202,newly_backordered_units,0.0
2025-12-29,product,202,backorder_flag,0.0
2025-12-30,calendar,global,weekday,1.0
2025-12-30,calendar,global,month,12.0
2025-12-30,calendar,global,is_weekend,0.0
2025-12-30,supplier,1,po_delay_days,0.0
2025-12-30,supplier,1,receipt_fill_rate,1.0
2025-12-30,supplier,1,receipt_event_flag,0.0
2025-12-30,supplier,2,po_delay_days,0.0
2025-12-30,supplier,2,receipt_fill_rate,1.0
2025-12-30,supplier,2,receipt_event_flag,0.0
2025-12-30,supplier,3,po_delay_days,0.0
2025-12-30,supplier,3,receipt_fill_rate,1.0
2025-12-30,supplier,3,receipt_event_flag,0.0
2025-12-30,supplier,4,po_delay_days,0.0
2025-12-30,supplier,4,receipt_fill_rate,1.0
2025-12-30,supplier,4,receipt_event_flag,0.0
2025-12-30,supplier,5,po_delay_days,0.0
2025-12-30,supplier,5,receipt_fill_rate,1.0
2025-12-30,supplier,5,receipt_event_flag,0.0
2025-12-30,material,101,stock,146.0
2025-12-30,material,101,days_of_cover,5.9
2025-12-30,material,101,open_po_flag,1.0
2025-12-30,material,101,reorder_triggered,0.0
2025-12-30,material,102,stock,245.0
2025-12-30,material,102,days_of_cover,32.67
2025-12-30,material,102,open_po_flag,0.0
2025-12-30,material,102,reorder_triggered,0.0
2025-12-30,material,103,stock,201.0
2025-12-30,material,103,days_of_cover,42.32
2025-12-30,material,103,open_po_flag,0.0
2025-12-30,material,103,reorder_triggered,0.0
2025-12-30,product,201,fg_stock,424.0
2025-12-30,product,201,planned_production,0.0
2025-12-30,product,201,actual_production,0.0
2025-12-30,product,201,production_shortfall,0.0
2025-12-30,product,201,demand_units,26.0
2025-12-30,product,201,due_backlog_units,0.0
2025-12-30,product,201,newly_backordered_units,0.0
2025-12-30,product,201,backorder_flag,0.0
2025-12-30,product,202,fg_stock,327.0
2025-12-30,product,202,planned_production,0.0
2025-12-30,product,202,actual_production,0.0
2025-12-30,product,202,production_shortfall,0.0
2025-12-30,product,202,demand_units,18.0
2025-12-30,product,202,due_backlog_units,0.0
2025-12-30,product,202,newly_backordered_units,0.0
2025-12-30,product,202,backorder_flag,0.0
2025-12-31,calendar,global,weekday,2.0
2025-12-31,calendar,global,month,12.0
2025-12-31,calendar,global,is_weekend,0.0
2025-12-31,supplier,1,po_delay_days,0.0
2025-12-31,supplier,1,receipt_fill_rate,1.0
2025-12-31,supplier,1,receipt_event_flag,0.0
2025-12-31,supplier,2,po_delay_days,0.0
2025-12-31,supplier,2,receipt_fill_rate,1.0
2025-12-31,supplier,2,receipt_event_flag,0.0
2025-12-31,supplier,3,po_delay_days,0.0
2025-12-31,supplier,3,receipt_fill_rate,1.0
2025-12-31,supplier,3,receipt_event_flag,0.0
2025-12-31,supplier,4,po_delay_days,0.0
2025-12-31,supplier,4,receipt_fill_rate,1.0
2025-12-31,supplier,4,receipt_event_flag,0.0
2025-12-31,supplier,5,po_delay_days,0.0
2025-12-31,supplier,5,receipt_fill_rate,1.0
2025-12-31,supplier,5,receipt_event_flag,0.0
2025-12-31,material,101,stock,47.0
2025-12-31,material,101,days_of_cover,1.66
2025-12-31,material,101,open_po_flag,1.0
2025-12-31,material,101,reorder_triggered,0.0
2025-12-31,material,102,stock,215.0
2025-12-31,material,102,days_of_cover,25.08
2025-12-31,material,102,open_po_flag,0.0
2025-12-31,material,102,reorder_triggered,0.0
2025-12-31,material,103,stock,182.0
2025-12-31,material,103,days_of_cover,33.53
2025-12-31,material,103,open_po_flag,0.0
2025-12-31,material,103,reorder_triggered,0.0
2025-12-31,product,201,fg_stock,432.0
2025-12-31,product,201,planned_production,30.0
2025-12-31,product,201,actual_production,30.0
2025-12-31,product,201,production_shortfall,0.0
2025-12-31,product,201,demand_units,0.0
2025-12-31,product,201,due_backlog_units,0.0
2025-12-31,product,201,newly_backordered_units,0.0
2025-12-31,product,201,backorder_flag,0.0
2025-12-31,product,202,fg_stock,347.0
2025-12-31,product,202,planned_production,20.0
2025-12-31,product,202,actual_production,20.0
2025-12-31,product,202,production_shortfall,0.0
2025-12-31,product,202,demand_units,9.0
2025-12-31,product,202,due_backlog_units,0.0
2025-12-31,product,202,newly_backordered_units,0.0
2025-12-31,product,202,backorder_flag,0.0
